hex_index,1,2,3,4,5,6,7,8,9,10,11,12,13,14,15,16,17,18,19,20,21,22,23,24,25,26,27,28,29,30,31,32,33,34,35,36,37,38,39,40,41,42,43,44,45,46,47,48,49,50,51,52,53
88ad360001fffff,3.0,3.0,4.0,3.0,1.0,4.0,4.0,0.0,10.0,3.0,6.0,4.0,4.0,3.0,2.0,0.0,1.0,1.0,2.0,0.0,1.0,2.0,3.0,2.0,0.0,3.0,2.0,2.0,5.0,1.0,2.0,2.0,5.0,3.0,4.0,7.0,9.0,2.0,6.0,6.0,2.0,5.0,0.0,2.0,9.0,4.0,4.0,7.0,7.0,2.0,2.0,1.0,0.0
88ad360003fffff,0.0,0.0,1.0,0.0,1.0,1.0,4.0,3.0,0.0,1.0,1.0,0.0,0.0,0.0,1.0,1.0,0.0,1.0,0.0,1.0,0.0,0.0,0.0,0.0,0.0,0.0,2.0,0.0,0.0,0.0,0.0,0.0,0.0,4.0,2.0,1.0,1.0,2.0,1.0,1.0,0.0,2.0,2.0,1.0,2.0,3.0,1.0,2.0,0.0,1.0,1.0,2.0,3.0
88ad360005fffff,8.0,8.0,7.0,8.0,11.0,14.0,8.0,9.0,11.0,4.0,11.0,13.0,13.0,10.0,4.0,3.0,5.0,8.0,8.0,10.0,4.0,10.0,4.0,14.0,8.0,12.0,19.0,14.0,10.0,31.0,17.0,14.0,17.0,12.0,12.0,7.0,13.0,8.0,14.0,9.0,9.0,16.0,10.0,15.0,26.0,14.0,28.0,10.0,9.0,10.0,15.0,13.0,2.0
88ad360007fffff,9.0,11.0,16.0,11.0,16.0,8.0,6.0,11.0,9.0,6.0,12.0,9.0,12.0,5.0,2.0,3.0,5.0,4.0,4.0,4.0,4.0,8.0,4.0,7.0,8.0,4.0,2.0,4.0,7.0,9.0,13.0,3.0,18.0,9.0,9.0,10.0,7.0,6.0,9.0,6.0,18.0,11.0,3.0,2.0,11.0,6.0,5.0,13.0,5.0,7.0,12.0,3.0,6.0
88ad36000bfffff,0.0,0.0,0.0,0.0,0.0,0.0,0.0,0.0,0.0,0.0,0.0,0.0,0.0,0.0,0.0,0.0,0.0,0.0,0.0,0.0,0.0,0.0,0.0,0.0,0.0,0.0,0.0,0.0,0.0,0.0,0.0,0.0,0.0,0.0,1.0,0.0,0.0,0.0,0.0,0.0,0.0,0.0,0.0,0.0,0.0,0.0,0.0,0.0,0.0,0.0,0.0,0.0,0.0
88ad36000dfffff,9.0,1.0,4.0,6.0,4.0,2.0,5.0,3.0,5.0,0.0,4.0,0.0,2.0,0.0,4.0,3.0,0.0,0.0,1.0,1.0,1.0,1.0,1.0,4.0,1.0,4.0,1.0,3.0,5.0,4.0,5.0,3.0,2.0,3.0,5.0,2.0,3.0,2.0,2.0,1.0,2.0,4.0,2.0,5.0,1.0,3.0,13.0,4.0,3.0,2.0,2.0,1.0,1.0
88ad360015fffff,0.0,0.0,0.0,0.0,0.0,0.0,0.0,1.0,0.0,0.0,1.0,0.0,0.0,0.0,0.0,0.0,0.0,0.0,0.0,0.0,0.0,0.0,0.0,0.0,0.0,0.0,0.0,0.0,0.0,0.0,0.0,0.0,0.0,0.0,0.0,0.0,1.0,0.0,0.0,0.0,0.0,2.0,0.0,0.0,0.0,0.0,0.0,0.0,0.0,0.0,0.0,0.0,0.0
88ad360021fffff,4.0,11.0,17.0,12.0,8.0,18.0,9.0,9.0,43.0,22.0,15.0,8.0,5.0,7.0,3.0,1.0,4.0,3.0,8.0,3.0,6.0,5.0,12.0,9.0,9.0,12.0,10.0,8.0,8.0,6.0,7.0,7.0,14.0,8.0,9.0,11.0,10.0,10.0,6.0,5.0,14.0,6.0,8.0,11.0,13.0,16.0,24.0,5.0,11.0,13.0,4.0,20.0,2.0
88ad360023fffff,7.0,20.0,21.0,18.0,16.0,19.0,27.0,9.0,23.0,19.0,23.0,14.0,13.0,5.0,5.0,3.0,4.0,4.0,5.0,8.0,10.0,9.0,11.0,7.0,15.0,9.0,16.0,20.0,17.0,17.0,13.0,7.0,7.0,4.0,9.0,12.0,19.0,20.0,15.0,6.0,11.0,15.0,13.0,8.0,11.0,9.0,12.0,9.0,9.0,8.0,13.0,5.0,4.0
88ad360025fffff,20.0,15.0,21.0,23.0,23.0,17.0,23.0,16.0,36.0,45.0,26.0,24.0,17.0,13.0,11.0,11.0,4.0,12.0,15.0,8.0,10.0,11.0,11.0,12.0,17.0,8.0,12.0,16.0,5.0,5.0,14.0,12.0,15.0,11.0,16.0,7.0,17.0,21.0,13.0,14.0,21.0,19.0,15.0,17.0,29.0,16.0,13.0,13.0,15.0,17.0,11.0,15.0,3.0
88ad360027fffff,13.0,9.0,15.0,10.0,23.0,14.0,22.0,13.0,24.0,33.0,15.0,16.0,11.0,4.0,10.0,5.0,8.0,5.0,12.0,5.0,3.0,5.0,9.0,15.0,15.0,9.0,7.0,17.0,8.0,10.0,21.0,11.0,18.0,10.0,20.0,8.0,26.0,24.0,3.0,19.0,11.0,4.0,23.0,26.0,13.0,22.0,12.0,6.0,21.0,14.0,15.0,8.0,5.0
88ad360029fffff,3.0,9.0,9.0,9.0,9.0,8.0,4.0,5.0,13.0,16.0,6.0,11.0,9.0,4.0,10.0,4.0,3.0,2.0,11.0,12.0,7.0,21.0,11.0,15.0,3.0,10.0,9.0,11.0,5.0,14.0,10.0,8.0,11.0,3.0,4.0,2.0,13.0,15.0,7.0,10.0,8.0,13.0,5.0,11.0,12.0,14.0,18.0,8.0,14.0,10.0,9.0,2.0,5.0
88ad36002bfffff,12.0,13.0,21.0,12.0,16.0,9.0,9.0,16.0,11.0,21.0,16.0,15.0,2.0,8.0,6.0,3.0,4.0,3.0,5.0,5.0,2.0,7.0,3.0,15.0,5.0,12.0,13.0,14.0,18.0,8.0,17.0,8.0,8.0,20.0,10.0,13.0,18.0,20.0,11.0,10.0,8.0,16.0,9.0,11.0,22.0,8.0,9.0,8.0,11.0,15.0,12.0,12.0,10.0
88ad36002dfffff,4.0,2.0,5.0,5.0,4.0,7.0,4.0,4.0,8.0,5.0,5.0,9.0,3.0,0.0,0.0,1.0,0.0,0.0,2.0,4.0,1.0,1.0,3.0,4.0,0.0,7.0,7.0,8.0,4.0,5.0,7.0,2.0,4.0,2.0,7.0,4.0,6.0,7.0,2.0,2.0,7.0,9.0,2.0,6.0,7.0,3.0,2.0,5.0,4.0,4.0,7.0,1.0,1.0
88ad360031fffff,1.0,7.0,6.0,7.0,18.0,5.0,6.0,12.0,11.0,13.0,15.0,11.0,2.0,4.0,2.0,3.0,1.0,2.0,6.0,9.0,10.0,6.0,14.0,8.0,8.0,3.0,4.0,7.0,9.0,6.0,7.0,9.0,7.0,7.0,9.0,6.0,9.0,12.0,15.0,5.0,7.0,13.0,6.0,6.0,10.0,5.0,12.0,9.0,8.0,12.0,10.0,3.0,2.0
88ad360033fffff,4.0,9.0,9.0,4.0,8.0,10.0,11.0,6.0,11.0,10.0,8.0,8.0,2.0,5.0,2.0,4.0,4.0,0.0,5.0,5.0,2.0,1.0,1.0,3.0,11.0,7.0,7.0,5.0,5.0,11.0,4.0,6.0,12.0,10.0,11.0,7.0,12.0,7.0,8.0,8.0,14.0,11.0,9.0,5.0,12.0,7.0,3.0,6.0,7.0,7.0,9.0,18.0,11.0
88ad360035fffff,5.0,14.0,9.0,8.0,9.0,10.0,10.0,7.0,20.0,8.0,10.0,8.0,0.0,1.0,1.0,9.0,7.0,6.0,4.0,6.0,9.0,8.0,7.0,7.0,7.0,5.0,16.0,16.0,15.0,10.0,18.0,7.0,10.0,11.0,8.0,7.0,5.0,8.0,13.0,11.0,16.0,9.0,9.0,5.0,5.0,5.0,8.0,7.0,8.0,7.0,4.0,4.0,2.0
88ad360037fffff,3.0,14.0,13.0,13.0,16.0,21.0,15.0,13.0,15.0,10.0,10.0,9.0,5.0,3.0,2.0,1.0,0.0,3.0,7.0,7.0,10.0,24.0,17.0,12.0,21.0,19.0,14.0,19.0,10.0,12.0,11.0,16.0,16.0,9.0,21.0,10.0,7.0,14.0,10.0,10.0,12.0,7.0,8.0,15.0,14.0,7.0,12.0,12.0,13.0,15.0,9.0,5.0,5.0
88ad360039fffff,5.0,8.0,9.0,8.0,5.0,2.0,13.0,9.0,20.0,12.0,5.0,7.0,6.0,2.0,3.0,6.0,2.0,0.0,3.0,1.0,4.0,6.0,10.0,5.0,11.0,4.0,10.0,12.0,10.0,0.0,6.0,8.0,10.0,9.0,14.0,13.0,4.0,13.0,10.0,10.0,11.0,12.0,5.0,5.0,12.0,6.0,5.0,10.0,5.0,11.0,8.0,8.0,8.0
88ad36003bfffff,5.0,11.0,14.0,9.0,14.0,6.0,10.0,13.0,15.0,8.0,10.0,6.0,5.0,0.0,2.0,1.0,3.0,0.0,3.0,0.0,3.0,0.0,5.0,2.0,5.0,0.0,5.0,3.0,12.0,4.0,2.0,8.0,10.0,4.0,6.0,6.0,5.0,8.0,11.0,5.0,4.0,1.0,6.0,12.0,14.0,3.0,4.0,6.0,6.0,4.0,15.0,9.0,0.0
88ad36003dfffff,8.0,18.0,12.0,8.0,4.0,5.0,7.0,12.0,18.0,9.0,7.0,5.0,7.0,8.0,0.0,9.0,4.0,0.0,9.0,2.0,3.0,8.0,10.0,9.0,4.0,3.0,9.0,13.0,6.0,3.0,10.0,3.0,12.0,14.0,12.0,17.0,25.0,9.0,4.0,8.0,6.0,7.0,7.0,7.0,13.0,16.0,8.0,13.0,7.0,7.0,4.0,10.0,3.0
88ad360041fffff,5.0,5.0,13.0,5.0,20.0,11.0,9.0,10.0,7.0,9.0,20.0,7.0,5.0,5.0,0.0,7.0,2.0,5.0,5.0,3.0,4.0,5.0,9.0,3.0,5.0,9.0,12.0,13.0,13.0,7.0,18.0,7.0,10.0,9.0,5.0,12.0,6.0,5.0,2.0,12.0,5.0,3.0,6.0,14.0,8.0,12.0,16.0,18.0,9.0,15.0,16.0,7.0,3.0
88ad360043fffff,1.0,4.0,44.0,13.0,4.0,3.0,11.0,10.0,3.0,2.0,3.0,0.0,6.0,6.0,0.0,0.0,1.0,0.0,9.0,1.0,3.0,3.0,1.0,2.0,3.0,21.0,6.0,1.0,6.0,2.0,7.0,3.0,4.0,6.0,5.0,4.0,9.0,8.0,2.0,1.0,8.0,2.0,3.0,10.0,3.0,3.0,4.0,13.0,8.0,7.0,2.0,0.0,2.0
88ad360045fffff,5.0,4.0,11.0,8.0,21.0,9.0,8.0,6.0,6.0,11.0,5.0,19.0,0.0,1.0,4.0,6.0,6.0,2.0,10.0,2.0,12.0,8.0,15.0,10.0,6.0,6.0,18.0,8.0,10.0,4.0,14.0,5.0,8.0,7.0,5.0,5.0,11.0,10.0,0.0,8.0,13.0,10.0,10.0,18.0,11.0,12.0,14.0,9.0,6.0,6.0,8.0,3.0,5.0
88ad360047fffff,0.0,0.0,0.0,0.0,0.0,0.0,0.0,0.0,0.0,0.0,0.0,0.0,0.0,0.0,0.0,0.0,0.0,0.0,0.0,0.0,0.0,0.0,0.0,0.0,0.0,0.0,0.0,0.0,0.0,0.0,0.0,0.0,0.0,0.0,0.0,0.0,1.0,0.0,0.0,0.0,0.0,0.0,0.0,0.0,0.0,0.0,0.0,0.0,0.0,0.0,0.0,0.0,0.0
88ad360049fffff,2.0,12.0,15.0,3.0,9.0,7.0,3.0,10.0,10.0,17.0,7.0,5.0,5.0,1.0,2.0,0.0,5.0,3.0,17.0,1.0,7.0,9.0,5.0,6.0,8.0,8.0,5.0,12.0,2.0,12.0,8.0,8.0,9.0,10.0,8.0,4.0,7.0,38.0,14.0,9.0,2.0,8.0,10.0,31.0,14.0,13.0,17.0,7.0,8.0,17.0,14.0,8.0,3.0
88ad36004bfffff,0.0,4.0,14.0,5.0,3.0,2.0,6.0,1.0,0.0,3.0,5.0,9.0,1.0,0.0,2.0,0.0,1.0,0.0,1.0,0.0,1.0,1.0,5.0,1.0,0.0,3.0,3.0,2.0,0.0,2.0,2.0,4.0,0.0,0.0,3.0,0.0,1.0,1.0,1.0,3.0,1.0,5.0,1.0,2.0,1.0,2.0,3.0,2.0,1.0,2.0,2.0,1.0,0.0
88ad36004dfffff,1.0,3.0,1.0,5.0,3.0,6.0,7.0,8.0,5.0,7.0,2.0,2.0,4.0,2.0,0.0,0.0,2.0,0.0,3.0,2.0,5.0,7.0,1.0,2.0,2.0,2.0,11.0,3.0,6.0,4.0,4.0,1.0,0.0,1.0,8.0,4.0,2.0,1.0,2.0,3.0,7.0,5.0,5.0,9.0,4.0,9.0,5.0,10.0,5.0,14.0,12.0,7.0,3.0
88ad360055fffff,3.0,2.0,7.0,1.0,0.0,1.0,1.0,3.0,0.0,2.0,5.0,1.0,4.0,0.0,1.0,0.0,3.0,1.0,2.0,1.0,1.0,8.0,1.0,1.0,2.0,5.0,0.0,1.0,5.0,2.0,3.0,1.0,2.0,1.0,3.0,1.0,2.0,3.0,3.0,4.0,0.0,3.0,3.0,3.0,3.0,1.0,1.0,5.0,0.0,6.0,0.0,1.0,0.0
88ad36005dfffff,0.0,3.0,9.0,0.0,2.0,8.0,6.0,3.0,2.0,9.0,1.0,5.0,0.0,0.0,0.0,1.0,1.0,0.0,0.0,1.0,1.0,2.0,1.0,1.0,2.0,13.0,1.0,2.0,4.0,2.0,11.0,4.0,3.0,4.0,2.0,1.0,5.0,3.0,1.0,2.0,4.0,3.0,2.0,5.0,3.0,0.0,3.0,1.0,5.0,3.0,2.0,1.0,0.0
88ad360061fffff,0.0,5.0,0.0,0.0,3.0,2.0,1.0,0.0,0.0,0.0,4.0,0.0,3.0,0.0,1.0,1.0,1.0,0.0,0.0,1.0,0.0,0.0,0.0,0.0,0.0,0.0,0.0,0.0,0.0,0.0,2.0,7.0,2.0,0.0,0.0,0.0,2.0,1.0,0.0,1.0,0.0,0.0,1.0,5.0,0.0,0.0,0.0,4.0,5.0,2.0,0.0,0.0,1.0
88ad360063fffff,7.0,14.0,4.0,6.0,16.0,12.0,11.0,10.0,19.0,17.0,11.0,9.0,14.0,8.0,11.0,1.0,4.0,4.0,10.0,16.0,5.0,8.0,5.0,13.0,6.0,9.0,5.0,4.0,14.0,4.0,7.0,10.0,11.0,11.0,8.0,10.0,17.0,12.0,16.0,15.0,29.0,9.0,5.0,9.0,8.0,6.0,3.0,11.0,10.0,8.0,7.0,7.0,2.0
88ad360065fffff,0.0,0.0,0.0,0.0,0.0,0.0,0.0,1.0,0.0,0.0,0.0,0.0,0.0,0.0,0.0,0.0,0.0,0.0,0.0,0.0,0.0,0.0,0.0,0.0,0.0,0.0,1.0,1.0,2.0,9.0,8.0,4.0,11.0,5.0,1.0,1.0,0.0,0.0,2.0,1.0,1.0,5.0,0.0,0.0,0.0,0.0,0.0,0.0,1.0,0.0,0.0,0.0,0.0
88ad360067fffff,5.0,6.0,8.0,9.0,5.0,8.0,7.0,12.0,5.0,10.0,11.0,6.0,8.0,2.0,4.0,2.0,1.0,1.0,2.0,11.0,2.0,2.0,5.0,10.0,3.0,3.0,12.0,3.0,7.0,4.0,5.0,4.0,9.0,3.0,11.0,11.0,10.0,4.0,9.0,5.0,11.0,4.0,4.0,3.0,7.0,2.0,7.0,4.0,12.0,7.0,6.0,2.0,1.0
88ad360069fffff,0.0,0.0,2.0,0.0,3.0,5.0,9.0,1.0,0.0,2.0,1.0,0.0,0.0,0.0,0.0,0.0,0.0,0.0,0.0,0.0,1.0,3.0,0.0,0.0,0.0,0.0,0.0,1.0,1.0,1.0,0.0,0.0,0.0,1.0,0.0,0.0,1.0,1.0,0.0,0.0,1.0,0.0,1.0,0.0,0.0,1.0,0.0,0.0,0.0,0.0,0.0,0.0,0.0
88ad36006bfffff,0.0,0.0,0.0,0.0,0.0,0.0,0.0,0.0,0.0,0.0,0.0,0.0,0.0,0.0,0.0,0.0,0.0,0.0,0.0,0.0,0.0,0.0,0.0,0.0,0.0,0.0,0.0,0.0,0.0,0.0,0.0,0.0,0.0,0.0,0.0,0.0,0.0,0.0,0.0,0.0,1.0,1.0,0.0,0.0,0.0,0.0,0.0,0.0,0.0,0.0,0.0,0.0,0.0
88ad36006dfffff,0.0,0.0,0.0,1.0,0.0,0.0,0.0,0.0,0.0,0.0,0.0,0.0,0.0,0.0,0.0,0.0,0.0,0.0,0.0,0.0,0.0,0.0,1.0,0.0,0.0,0.0,0.0,0.0,0.0,0.0,0.0,0.0,0.0,0.0,0.0,0.0,0.0,0.0,0.0,0.0,0.0,0.0,0.0,0.0,0.0,0.0,0.0,0.0,0.0,0.0,0.0,0.0,0.0
88ad3600a5fffff,0.0,1.0,0.0,4.0,1.0,0.0,1.0,4.0,3.0,5.0,5.0,3.0,2.0,0.0,1.0,1.0,2.0,0.0,5.0,0.0,2.0,0.0,1.0,1.0,1.0,1.0,1.0,3.0,0.0,8.0,2.0,4.0,6.0,5.0,4.0,3.0,4.0,2.0,2.0,5.0,2.0,0.0,3.0,2.0,3.0,3.0,1.0,4.0,2.0,8.0,1.0,3.0,2.0
88ad3600adfffff,0.0,2.0,2.0,5.0,1.0,3.0,3.0,3.0,6.0,4.0,4.0,2.0,1.0,1.0,1.0,0.0,1.0,1.0,1.0,3.0,0.0,0.0,3.0,2.0,1.0,3.0,0.0,2.0,1.0,3.0,0.0,12.0,3.0,10.0,4.0,10.0,8.0,10.0,3.0,0.0,1.0,7.0,4.0,3.0,1.0,1.0,1.0,2.0,1.0,6.0,2.0,0.0,1.0
88ad3600e5fffff,0.0,2.0,2.0,0.0,1.0,7.0,1.0,1.0,4.0,4.0,2.0,3.0,1.0,0.0,0.0,3.0,0.0,5.0,0.0,0.0,1.0,1.0,3.0,1.0,1.0,3.0,1.0,1.0,1.0,3.0,1.0,4.0,4.0,4.0,1.0,4.0,4.0,1.0,1.0,2.0,0.0,3.0,1.0,2.0,8.0,2.0,5.0,8.0,0.0,3.0,3.0,5.0,3.0
88ad360101fffff,0.0,0.0,0.0,0.0,0.0,0.0,0.0,0.0,0.0,1.0,0.0,0.0,0.0,0.0,0.0,0.0,0.0,0.0,0.0,1.0,0.0,0.0,0.0,0.0,0.0,0.0,0.0,0.0,0.0,0.0,0.0,0.0,0.0,0.0,0.0,1.0,0.0,0.0,0.0,0.0,0.0,0.0,0.0,0.0,0.0,0.0,0.0,1.0,0.0,0.0,0.0,0.0,0.0
88ad360103fffff,1.0,0.0,0.0,1.0,0.0,0.0,0.0,0.0,1.0,1.0,0.0,0.0,0.0,0.0,0.0,0.0,0.0,0.0,0.0,0.0,0.0,0.0,0.0,0.0,1.0,1.0,0.0,0.0,0.0,0.0,0.0,2.0,0.0,3.0,0.0,0.0,0.0,0.0,2.0,0.0,0.0,2.0,0.0,1.0,0.0,1.0,0.0,1.0,0.0,0.0,0.0,0.0,0.0
88ad360105fffff,0.0,0.0,0.0,0.0,0.0,0.0,0.0,0.0,1.0,0.0,0.0,0.0,0.0,0.0,0.0,0.0,0.0,0.0,0.0,0.0,0.0,0.0,0.0,0.0,0.0,0.0,0.0,0.0,0.0,0.0,0.0,0.0,0.0,0.0,0.0,0.0,0.0,0.0,0.0,0.0,0.0,0.0,0.0,0.0,0.0,0.0,0.0,0.0,0.0,0.0,0.0,0.0,0.0
88ad360109fffff,0.0,0.0,0.0,10.0,0.0,1.0,0.0,0.0,1.0,0.0,0.0,0.0,0.0,0.0,0.0,0.0,0.0,0.0,1.0,0.0,1.0,0.0,0.0,0.0,0.0,0.0,0.0,1.0,0.0,0.0,0.0,0.0,1.0,4.0,0.0,0.0,0.0,0.0,1.0,0.0,1.0,1.0,0.0,0.0,3.0,0.0,1.0,1.0,0.0,0.0,0.0,1.0,0.0
88ad36010bfffff,3.0,8.0,13.0,10.0,13.0,2.0,7.0,2.0,13.0,11.0,11.0,4.0,5.0,3.0,3.0,6.0,2.0,8.0,13.0,7.0,10.0,2.0,4.0,8.0,0.0,2.0,9.0,14.0,1.0,7.0,8.0,12.0,7.0,2.0,5.0,6.0,14.0,7.0,7.0,10.0,8.0,2.0,2.0,8.0,7.0,4.0,6.0,10.0,6.0,9.0,4.0,3.0,1.0
88ad36010dfffff,0.0,1.0,0.0,0.0,1.0,0.0,0.0,1.0,0.0,0.0,0.0,0.0,0.0,0.0,0.0,0.0,0.0,0.0,0.0,0.0,0.0,0.0,0.0,0.0,0.0,0.0,0.0,0.0,0.0,0.0,0.0,0.0,0.0,0.0,0.0,0.0,1.0,0.0,0.0,0.0,0.0,0.0,0.0,0.0,2.0,0.0,0.0,0.0,0.0,0.0,0.0,1.0,0.0
88ad360111fffff,3.0,5.0,4.0,2.0,15.0,6.0,0.0,7.0,5.0,8.0,4.0,4.0,0.0,2.0,0.0,4.0,3.0,1.0,0.0,0.0,3.0,14.0,1.0,3.0,2.0,1.0,2.0,6.0,1.0,1.0,3.0,2.0,2.0,5.0,4.0,9.0,8.0,2.0,3.0,5.0,2.0,3.0,3.0,5.0,2.0,6.0,3.0,3.0,2.0,8.0,7.0,2.0,0.0
88ad360113fffff,2.0,5.0,4.0,2.0,6.0,1.0,2.0,6.0,7.0,9.0,3.0,13.0,2.0,2.0,6.0,1.0,6.0,0.0,3.0,2.0,3.0,6.0,2.0,5.0,2.0,2.0,1.0,5.0,7.0,2.0,4.0,3.0,9.0,4.0,0.0,4.0,0.0,0.0,3.0,2.0,5.0,3.0,2.0,2.0,1.0,3.0,3.0,2.0,12.0,10.0,3.0,3.0,1.0
88ad360115fffff,0.0,0.0,2.0,1.0,0.0,0.0,0.0,6.0,2.0,0.0,0.0,0.0,0.0,0.0,0.0,0.0,0.0,0.0,0.0,0.0,0.0,0.0,0.0,0.0,2.0,0.0,0.0,0.0,0.0,0.0,0.0,1.0,2.0,2.0,0.0,0.0,1.0,0.0,0.0,0.0,1.0,0.0,1.0,0.0,0.0,5.0,8.0,3.0,0.0,2.0,1.0,0.0,0.0
88ad360117fffff,1.0,1.0,1.0,2.0,0.0,2.0,2.0,18.0,1.0,0.0,0.0,1.0,0.0,0.0,0.0,0.0,1.0,0.0,0.0,0.0,0.0,0.0,0.0,1.0,0.0,1.0,0.0,0.0,0.0,0.0,0.0,2.0,4.0,1.0,1.0,2.0,1.0,1.0,0.0,1.0,2.0,0.0,1.0,1.0,1.0,2.0,1.0,1.0,0.0,0.0,2.0,0.0,0.0
88ad36011bfffff,5.0,17.0,14.0,9.0,13.0,16.0,12.0,14.0,21.0,16.0,10.0,10.0,5.0,9.0,6.0,7.0,3.0,4.0,17.0,7.0,2.0,8.0,10.0,10.0,14.0,2.0,4.0,6.0,4.0,13.0,7.0,8.0,8.0,12.0,4.0,4.0,8.0,11.0,12.0,22.0,10.0,6.0,6.0,4.0,13.0,16.0,9.0,12.0,10.0,11.0,12.0,4.0,3.0
88ad36011dfffff,0.0,0.0,0.0,0.0,0.0,0.0,0.0,0.0,0.0,0.0,0.0,0.0,0.0,0.0,0.0,0.0,0.0,0.0,0.0,0.0,0.0,0.0,0.0,0.0,1.0,0.0,0.0,0.0,1.0,0.0,0.0,0.0,0.0,1.0,0.0,0.0,6.0,0.0,0.0,0.0,3.0,0.0,3.0,0.0,0.0,0.0,3.0,0.0,0.0,2.0,0.0,0.0,0.0
88ad360125fffff,0.0,0.0,0.0,0.0,0.0,0.0,0.0,0.0,0.0,0.0,1.0,0.0,0.0,0.0,0.0,0.0,0.0,0.0,0.0,0.0,0.0,0.0,0.0,0.0,0.0,0.0,0.0,0.0,0.0,0.0,0.0,0.0,0.0,0.0,0.0,0.0,0.0,0.0,0.0,0.0,0.0,0.0,0.0,0.0,0.0,0.0,0.0,0.0,0.0,0.0,0.0,0.0,0.0
88ad360129fffff,0.0,0.0,0.0,0.0,0.0,0.0,0.0,0.0,0.0,1.0,0.0,0.0,0.0,0.0,0.0,0.0,0.0,0.0,0.0,0.0,0.0,0.0,0.0,0.0,0.0,0.0,0.0,0.0,0.0,0.0,0.0,0.0,0.0,0.0,0.0,0.0,0.0,0.0,0.0,0.0,0.0,0.0,0.0,0.0,0.0,0.0,0.0,1.0,0.0,0.0,0.0,0.0,0.0
88ad36012dfffff,0.0,0.0,0.0,0.0,0.0,0.0,0.0,0.0,0.0,0.0,0.0,0.0,0.0,0.0,0.0,0.0,0.0,0.0,0.0,0.0,0.0,0.0,0.0,1.0,0.0,0.0,0.0,0.0,0.0,0.0,0.0,0.0,0.0,0.0,0.0,0.0,0.0,0.0,0.0,0.0,0.0,0.0,0.0,0.0,0.0,0.0,0.0,0.0,0.0,0.0,0.0,0.0,0.0
88ad360131fffff,0.0,0.0,0.0,0.0,0.0,0.0,0.0,0.0,0.0,0.0,0.0,0.0,0.0,0.0,0.0,0.0,0.0,0.0,0.0,0.0,0.0,0.0,0.0,0.0,0.0,0.0,0.0,0.0,0.0,0.0,0.0,0.0,0.0,0.0,0.0,0.0,0.0,0.0,0.0,1.0,1.0,0.0,3.0,0.0,1.0,1.0,0.0,1.0,1.0,0.0,1.0,0.0,0.0
88ad36013bfffff,0.0,0.0,1.0,1.0,0.0,0.0,1.0,0.0,2.0,1.0,0.0,1.0,0.0,0.0,0.0,1.0,3.0,0.0,0.0,0.0,0.0,1.0,0.0,0.0,0.0,0.0,0.0,0.0,2.0,1.0,0.0,1.0,0.0,5.0,0.0,2.0,2.0,0.0,0.0,3.0,0.0,2.0,0.0,0.0,0.0,1.0,0.0,2.0,2.0,3.0,0.0,0.0,0.0
88ad360141fffff,0.0,0.0,0.0,0.0,0.0,0.0,0.0,0.0,1.0,0.0,0.0,0.0,0.0,0.0,0.0,0.0,0.0,0.0,0.0,0.0,0.0,0.0,0.0,0.0,0.0,0.0,0.0,0.0,1.0,0.0,0.0,0.0,0.0,0.0,0.0,0.0,0.0,0.0,1.0,0.0,0.0,0.0,0.0,0.0,0.0,0.0,0.0,0.0,0.0,0.0,0.0,0.0,0.0
88ad360143fffff,0.0,0.0,0.0,0.0,1.0,0.0,0.0,0.0,0.0,0.0,1.0,0.0,1.0,0.0,0.0,0.0,0.0,0.0,0.0,0.0,0.0,0.0,0.0,0.0,0.0,0.0,0.0,0.0,0.0,0.0,1.0,0.0,0.0,0.0,1.0,1.0,0.0,0.0,0.0,0.0,1.0,0.0,0.0,1.0,0.0,1.0,0.0,1.0,0.0,0.0,0.0,0.0,1.0
88ad360145fffff,0.0,0.0,1.0,0.0,0.0,0.0,0.0,0.0,0.0,0.0,0.0,0.0,0.0,0.0,0.0,0.0,0.0,0.0,0.0,0.0,0.0,0.0,0.0,0.0,0.0,0.0,0.0,0.0,0.0,0.0,0.0,0.0,0.0,0.0,0.0,0.0,0.0,0.0,0.0,0.0,0.0,0.0,0.0,0.0,0.0,0.0,0.0,0.0,0.0,0.0,0.0,0.0,0.0
88ad360147fffff,0.0,0.0,2.0,3.0,0.0,0.0,1.0,3.0,0.0,0.0,0.0,0.0,0.0,0.0,0.0,0.0,0.0,0.0,0.0,0.0,0.0,0.0,0.0,0.0,0.0,0.0,0.0,0.0,0.0,0.0,0.0,1.0,0.0,0.0,0.0,0.0,0.0,0.0,0.0,0.0,0.0,2.0,0.0,0.0,1.0,0.0,1.0,0.0,0.0,0.0,0.0,0.0,0.0
88ad36014bfffff,1.0,0.0,0.0,0.0,0.0,0.0,1.0,0.0,0.0,0.0,3.0,2.0,0.0,0.0,0.0,0.0,0.0,1.0,0.0,0.0,0.0,3.0,5.0,0.0,1.0,0.0,0.0,0.0,0.0,0.0,0.0,1.0,0.0,0.0,0.0,0.0,1.0,1.0,0.0,1.0,0.0,0.0,2.0,4.0,2.0,3.0,6.0,0.0,0.0,0.0,0.0,0.0,0.0
88ad360151fffff,4.0,11.0,6.0,10.0,7.0,12.0,9.0,12.0,12.0,26.0,9.0,16.0,13.0,14.0,7.0,6.0,4.0,10.0,15.0,17.0,11.0,6.0,5.0,10.0,10.0,7.0,7.0,10.0,7.0,6.0,8.0,15.0,15.0,11.0,13.0,16.0,22.0,12.0,1.0,13.0,14.0,20.0,15.0,21.0,15.0,16.0,15.0,13.0,16.0,9.0,4.0,5.0,10.0
88ad360153fffff,0.0,0.0,0.0,0.0,0.0,0.0,0.0,0.0,0.0,0.0,0.0,1.0,0.0,0.0,0.0,0.0,0.0,0.0,0.0,0.0,0.0,0.0,1.0,0.0,0.0,0.0,0.0,0.0,0.0,0.0,0.0,0.0,0.0,0.0,1.0,0.0,0.0,0.0,0.0,0.0,0.0,0.0,0.0,0.0,0.0,0.0,0.0,0.0,0.0,0.0,1.0,0.0,0.0
88ad360155fffff,14.0,17.0,20.0,13.0,25.0,16.0,13.0,16.0,21.0,15.0,13.0,26.0,15.0,18.0,8.0,16.0,21.0,20.0,18.0,6.0,13.0,11.0,8.0,8.0,10.0,13.0,7.0,18.0,15.0,14.0,16.0,22.0,15.0,13.0,16.0,18.0,16.0,15.0,5.0,12.0,10.0,19.0,11.0,21.0,18.0,15.0,17.0,17.0,10.0,16.0,17.0,11.0,9.0
88ad360157fffff,4.0,14.0,8.0,11.0,7.0,5.0,7.0,8.0,13.0,11.0,8.0,12.0,6.0,5.0,3.0,5.0,4.0,8.0,5.0,6.0,2.0,1.0,6.0,14.0,9.0,6.0,14.0,14.0,9.0,14.0,14.0,14.0,9.0,9.0,3.0,7.0,9.0,8.0,7.0,12.0,12.0,8.0,9.0,3.0,5.0,15.0,14.0,7.0,11.0,7.0,9.0,3.0,9.0
88ad360159fffff,1.0,1.0,2.0,1.0,4.0,2.0,4.0,3.0,1.0,4.0,2.0,3.0,2.0,2.0,1.0,2.0,1.0,1.0,7.0,1.0,2.0,3.0,2.0,2.0,3.0,1.0,3.0,4.0,3.0,3.0,9.0,4.0,0.0,1.0,1.0,2.0,2.0,3.0,1.0,3.0,2.0,0.0,1.0,0.0,9.0,1.0,6.0,3.0,2.0,3.0,1.0,0.0,0.0
88ad36015bfffff,0.0,5.0,0.0,1.0,0.0,1.0,1.0,0.0,0.0,1.0,0.0,1.0,0.0,1.0,1.0,0.0,0.0,0.0,4.0,1.0,0.0,2.0,0.0,2.0,1.0,0.0,1.0,1.0,1.0,2.0,4.0,4.0,2.0,1.0,1.0,2.0,2.0,1.0,2.0,0.0,1.0,0.0,2.0,5.0,2.0,2.0,3.0,0.0,0.0,0.0,0.0,0.0,0.0
88ad36015dfffff,3.0,3.0,8.0,12.0,3.0,3.0,1.0,3.0,10.0,6.0,3.0,11.0,5.0,5.0,1.0,1.0,1.0,3.0,5.0,5.0,7.0,5.0,4.0,5.0,2.0,2.0,8.0,7.0,9.0,5.0,7.0,6.0,6.0,4.0,2.0,4.0,5.0,6.0,7.0,8.0,4.0,6.0,8.0,6.0,8.0,4.0,2.0,7.0,6.0,10.0,3.0,9.0,3.0
88ad360165fffff,0.0,0.0,0.0,0.0,0.0,0.0,0.0,0.0,0.0,0.0,0.0,0.0,0.0,0.0,0.0,0.0,0.0,0.0,0.0,0.0,0.0,0.0,0.0,0.0,0.0,0.0,0.0,0.0,0.0,0.0,0.0,0.0,0.0,0.0,1.0,0.0,0.0,0.0,0.0,0.0,0.0,0.0,0.0,0.0,0.0,0.0,0.0,0.0,0.0,0.0,0.0,0.0,0.0
88ad360167fffff,0.0,0.0,0.0,0.0,1.0,0.0,0.0,0.0,0.0,0.0,0.0,0.0,0.0,0.0,0.0,0.0,0.0,0.0,0.0,0.0,0.0,0.0,0.0,0.0,0.0,0.0,0.0,0.0,0.0,0.0,0.0,0.0,0.0,0.0,0.0,0.0,0.0,0.0,0.0,0.0,0.0,0.0,0.0,0.0,0.0,0.0,0.0,0.0,0.0,0.0,0.0,0.0,0.0
88ad360169fffff,0.0,0.0,0.0,0.0,0.0,0.0,0.0,0.0,0.0,0.0,0.0,0.0,0.0,0.0,0.0,0.0,0.0,0.0,0.0,0.0,0.0,0.0,0.0,0.0,0.0,0.0,0.0,0.0,0.0,0.0,0.0,0.0,0.0,0.0,0.0,0.0,0.0,0.0,0.0,0.0,0.0,0.0,0.0,0.0,0.0,1.0,0.0,0.0,0.0,0.0,0.0,0.0,0.0
88ad360181fffff,0.0,0.0,1.0,1.0,0.0,0.0,3.0,3.0,3.0,0.0,1.0,1.0,2.0,0.0,0.0,0.0,1.0,0.0,4.0,0.0,1.0,0.0,1.0,0.0,4.0,1.0,0.0,2.0,0.0,0.0,0.0,1.0,4.0,0.0,1.0,0.0,2.0,3.0,0.0,0.0,9.0,4.0,3.0,0.0,0.0,0.0,1.0,2.0,1.0,1.0,2.0,0.0,2.0
88ad360183fffff,0.0,0.0,0.0,0.0,0.0,0.0,0.0,0.0,0.0,0.0,0.0,0.0,0.0,0.0,0.0,0.0,0.0,0.0,0.0,0.0,0.0,0.0,0.0,0.0,0.0,0.0,0.0,0.0,0.0,0.0,0.0,0.0,1.0,0.0,0.0,0.0,0.0,1.0,0.0,0.0,0.0,1.0,0.0,0.0,0.0,0.0,0.0,0.0,0.0,0.0,0.0,0.0,0.0
88ad360189fffff,4.0,9.0,4.0,4.0,10.0,14.0,7.0,6.0,8.0,6.0,9.0,7.0,3.0,1.0,1.0,1.0,0.0,4.0,4.0,1.0,3.0,1.0,10.0,3.0,7.0,7.0,6.0,2.0,2.0,3.0,3.0,4.0,11.0,9.0,9.0,2.0,7.0,6.0,6.0,3.0,4.0,6.0,1.0,4.0,9.0,5.0,2.0,7.0,1.0,9.0,4.0,4.0,3.0
88ad36018bfffff,8.0,6.0,9.0,9.0,11.0,2.0,6.0,5.0,11.0,3.0,14.0,3.0,4.0,0.0,1.0,2.0,1.0,0.0,1.0,1.0,3.0,1.0,1.0,1.0,1.0,1.0,2.0,3.0,2.0,4.0,2.0,6.0,3.0,8.0,7.0,1.0,9.0,3.0,1.0,7.0,11.0,7.0,11.0,7.0,5.0,2.0,8.0,8.0,6.0,6.0,5.0,3.0,1.0
88ad36018dfffff,0.0,0.0,0.0,0.0,0.0,0.0,0.0,0.0,0.0,0.0,1.0,0.0,0.0,0.0,0.0,0.0,0.0,0.0,0.0,0.0,0.0,0.0,0.0,0.0,0.0,0.0,1.0,0.0,1.0,0.0,0.0,0.0,0.0,0.0,0.0,0.0,0.0,0.0,0.0,0.0,0.0,0.0,0.0,0.0,0.0,0.0,0.0,0.0,0.0,0.0,0.0,1.0,0.0
88ad360195fffff,0.0,0.0,0.0,0.0,0.0,0.0,0.0,0.0,1.0,0.0,0.0,0.0,0.0,0.0,0.0,0.0,0.0,0.0,0.0,0.0,0.0,0.0,0.0,0.0,0.0,0.0,0.0,0.0,0.0,0.0,0.0,0.0,0.0,0.0,0.0,0.0,0.0,0.0,0.0,0.0,0.0,0.0,0.0,0.0,0.0,0.0,0.0,0.0,0.0,0.0,0.0,0.0,0.0
88ad360199fffff,0.0,1.0,0.0,3.0,6.0,2.0,2.0,3.0,3.0,6.0,1.0,5.0,0.0,2.0,0.0,0.0,0.0,0.0,0.0,0.0,1.0,0.0,0.0,4.0,0.0,6.0,1.0,2.0,2.0,0.0,1.0,1.0,4.0,1.0,4.0,9.0,1.0,2.0,1.0,3.0,2.0,3.0,0.0,0.0,0.0,2.0,1.0,1.0,1.0,3.0,0.0,0.0,1.0
88ad36019bfffff,4.0,4.0,1.0,6.0,5.0,7.0,5.0,1.0,1.0,4.0,5.0,1.0,1.0,0.0,0.0,0.0,1.0,4.0,6.0,5.0,3.0,6.0,4.0,1.0,1.0,2.0,3.0,0.0,2.0,2.0,3.0,0.0,2.0,2.0,5.0,1.0,6.0,6.0,3.0,4.0,0.0,3.0,3.0,5.0,4.0,2.0,1.0,4.0,2.0,3.0,0.0,1.0,4.0
88ad3601c1fffff,2.0,12.0,19.0,14.0,12.0,13.0,12.0,15.0,19.0,18.0,8.0,8.0,4.0,4.0,0.0,4.0,4.0,5.0,5.0,0.0,10.0,8.0,9.0,7.0,7.0,7.0,14.0,4.0,16.0,7.0,4.0,13.0,15.0,4.0,9.0,20.0,11.0,12.0,8.0,12.0,13.0,25.0,11.0,12.0,16.0,10.0,13.0,12.0,5.0,12.0,8.0,6.0,7.0
88ad3601c3fffff,4.0,11.0,20.0,22.0,13.0,10.0,12.0,12.0,15.0,18.0,8.0,3.0,5.0,4.0,1.0,5.0,6.0,6.0,6.0,7.0,7.0,12.0,10.0,8.0,5.0,5.0,5.0,8.0,10.0,5.0,10.0,3.0,11.0,10.0,14.0,12.0,18.0,14.0,5.0,4.0,13.0,6.0,13.0,5.0,11.0,10.0,16.0,9.0,13.0,18.0,18.0,7.0,1.0
88ad3601c5fffff,1.0,4.0,2.0,4.0,5.0,5.0,4.0,7.0,3.0,3.0,2.0,4.0,2.0,0.0,1.0,0.0,0.0,3.0,0.0,0.0,0.0,2.0,2.0,6.0,8.0,2.0,5.0,8.0,2.0,5.0,3.0,1.0,2.0,1.0,5.0,4.0,0.0,4.0,2.0,8.0,9.0,3.0,6.0,17.0,3.0,5.0,4.0,2.0,6.0,5.0,2.0,5.0,3.0
88ad3601c7fffff,4.0,9.0,7.0,5.0,7.0,2.0,5.0,11.0,9.0,10.0,4.0,2.0,3.0,4.0,0.0,0.0,1.0,2.0,2.0,1.0,1.0,4.0,5.0,6.0,5.0,4.0,5.0,1.0,4.0,3.0,4.0,10.0,8.0,7.0,7.0,9.0,10.0,5.0,9.0,1.0,6.0,2.0,3.0,4.0,8.0,8.0,10.0,8.0,4.0,5.0,7.0,1.0,3.0
88ad3601c9fffff,7.0,29.0,19.0,14.0,12.0,25.0,11.0,15.0,22.0,19.0,17.0,13.0,12.0,1.0,3.0,8.0,11.0,12.0,7.0,6.0,11.0,13.0,12.0,9.0,15.0,26.0,10.0,11.0,16.0,18.0,19.0,18.0,22.0,12.0,15.0,13.0,22.0,20.0,9.0,12.0,17.0,18.0,7.0,16.0,21.0,14.0,6.0,11.0,18.0,18.0,28.0,17.0,10.0
88ad3601cbfffff,11.0,15.0,12.0,14.0,20.0,14.0,12.0,18.0,24.0,9.0,8.0,13.0,15.0,8.0,5.0,7.0,9.0,5.0,4.0,7.0,15.0,16.0,11.0,14.0,7.0,12.0,12.0,9.0,7.0,10.0,11.0,8.0,18.0,8.0,11.0,8.0,11.0,7.0,6.0,9.0,12.0,8.0,10.0,8.0,8.0,4.0,6.0,6.0,12.0,10.0,3.0,8.0,4.0
88ad3601cdfffff,6.0,13.0,9.0,17.0,18.0,18.0,18.0,9.0,25.0,24.0,14.0,17.0,9.0,10.0,2.0,4.0,7.0,8.0,17.0,7.0,11.0,7.0,18.0,13.0,15.0,14.0,12.0,16.0,11.0,9.0,21.0,9.0,20.0,17.0,13.0,25.0,16.0,15.0,3.0,9.0,12.0,12.0,23.0,20.0,17.0,14.0,14.0,13.0,15.0,17.0,9.0,8.0,5.0
88ad3601d1fffff,0.0,2.0,3.0,3.0,0.0,1.0,3.0,2.0,2.0,4.0,1.0,3.0,0.0,0.0,0.0,2.0,1.0,1.0,2.0,0.0,0.0,0.0,1.0,1.0,0.0,0.0,0.0,1.0,1.0,0.0,1.0,5.0,3.0,17.0,0.0,0.0,3.0,0.0,3.0,1.0,0.0,1.0,1.0,1.0,1.0,1.0,0.0,2.0,1.0,0.0,3.0,1.0,0.0
88ad3601d3fffff,2.0,6.0,4.0,4.0,7.0,7.0,3.0,3.0,3.0,5.0,6.0,8.0,4.0,0.0,4.0,2.0,1.0,2.0,5.0,1.0,3.0,3.0,2.0,3.0,3.0,2.0,3.0,10.0,1.0,8.0,3.0,9.0,24.0,16.0,7.0,9.0,8.0,6.0,1.0,7.0,9.0,13.0,2.0,8.0,5.0,7.0,18.0,6.0,4.0,5.0,4.0,2.0,2.0
88ad3601d5fffff,5.0,11.0,13.0,3.0,9.0,8.0,11.0,6.0,19.0,8.0,9.0,8.0,9.0,1.0,4.0,4.0,4.0,4.0,3.0,2.0,7.0,7.0,12.0,17.0,2.0,2.0,4.0,6.0,10.0,8.0,9.0,10.0,17.0,9.0,3.0,8.0,15.0,10.0,8.0,6.0,4.0,6.0,11.0,9.0,7.0,8.0,7.0,8.0,6.0,15.0,11.0,7.0,0.0
88ad3601d7fffff,0.0,0.0,0.0,0.0,0.0,0.0,0.0,1.0,0.0,4.0,4.0,0.0,0.0,1.0,0.0,1.0,0.0,0.0,0.0,0.0,0.0,0.0,1.0,0.0,2.0,1.0,0.0,4.0,2.0,0.0,1.0,0.0,0.0,0.0,0.0,0.0,1.0,0.0,1.0,1.0,0.0,0.0,0.0,1.0,0.0,0.0,0.0,0.0,0.0,0.0,0.0,0.0,0.0
88ad3601d9fffff,5.0,6.0,3.0,11.0,9.0,13.0,8.0,20.0,9.0,5.0,8.0,6.0,1.0,6.0,1.0,0.0,1.0,0.0,3.0,3.0,1.0,5.0,7.0,3.0,4.0,5.0,17.0,7.0,3.0,4.0,5.0,9.0,22.0,8.0,11.0,11.0,9.0,14.0,3.0,16.0,6.0,10.0,8.0,6.0,12.0,5.0,14.0,26.0,22.0,11.0,17.0,16.0,2.0
88ad3601dbfffff,2.0,5.0,5.0,14.0,10.0,3.0,6.0,13.0,7.0,12.0,5.0,6.0,7.0,2.0,0.0,2.0,0.0,2.0,2.0,3.0,6.0,4.0,5.0,4.0,5.0,11.0,3.0,7.0,6.0,8.0,2.0,6.0,23.0,6.0,6.0,8.0,7.0,7.0,10.0,8.0,13.0,50.0,5.0,17.0,17.0,23.0,10.0,10.0,9.0,9.0,2.0,1.0,2.0
88ad3601ddfffff,6.0,13.0,8.0,11.0,11.0,10.0,19.0,9.0,13.0,8.0,7.0,8.0,8.0,6.0,1.0,7.0,2.0,3.0,3.0,5.0,4.0,10.0,13.0,7.0,10.0,4.0,13.0,7.0,15.0,13.0,7.0,6.0,8.0,22.0,11.0,13.0,13.0,10.0,7.0,0.0,6.0,4.0,13.0,11.0,7.0,5.0,5.0,11.0,10.0,20.0,7.0,2.0,5.0
88ad3601e3fffff,0.0,0.0,0.0,0.0,0.0,0.0,0.0,0.0,0.0,0.0,0.0,0.0,0.0,0.0,0.0,0.0,0.0,0.0,0.0,0.0,0.0,0.0,0.0,0.0,0.0,0.0,0.0,0.0,0.0,0.0,0.0,0.0,0.0,0.0,1.0,0.0,0.0,0.0,0.0,0.0,0.0,0.0,0.0,0.0,0.0,0.0,0.0,0.0,0.0,0.0,0.0,0.0,0.0
88ad3601e9fffff,0.0,0.0,0.0,0.0,0.0,0.0,0.0,0.0,0.0,0.0,0.0,0.0,0.0,0.0,0.0,0.0,0.0,0.0,0.0,0.0,0.0,0.0,0.0,0.0,0.0,0.0,0.0,0.0,0.0,0.0,0.0,1.0,0.0,1.0,0.0,1.0,0.0,0.0,4.0,0.0,2.0,0.0,0.0,0.0,1.0,1.0,1.0,1.0,0.0,0.0,0.0,1.0,0.0
88ad3601ebfffff,0.0,0.0,0.0,0.0,0.0,0.0,0.0,0.0,0.0,1.0,0.0,0.0,0.0,0.0,0.0,0.0,0.0,0.0,0.0,0.0,0.0,0.0,0.0,0.0,0.0,0.0,0.0,0.0,0.0,0.0,0.0,1.0,0.0,0.0,0.0,0.0,0.0,0.0,0.0,0.0,0.0,0.0,0.0,0.0,0.0,0.0,0.0,0.0,0.0,0.0,0.0,0.0,0.0
88ad360201fffff,11.0,24.0,49.0,23.0,8.0,18.0,15.0,41.0,11.0,21.0,7.0,15.0,12.0,4.0,8.0,3.0,1.0,7.0,18.0,23.0,7.0,9.0,12.0,11.0,12.0,19.0,3.0,28.0,84.0,13.0,12.0,5.0,11.0,39.0,9.0,67.0,17.0,14.0,31.0,11.0,12.0,6.0,20.0,7.0,37.0,13.0,5.0,13.0,18.0,3.0,11.0,13.0,5.0
88ad360203fffff,4.0,17.0,16.0,12.0,15.0,14.0,10.0,13.0,12.0,6.0,25.0,17.0,5.0,1.0,9.0,5.0,3.0,6.0,3.0,5.0,3.0,21.0,7.0,25.0,5.0,14.0,8.0,9.0,29.0,5.0,11.0,14.0,9.0,26.0,18.0,25.0,9.0,5.0,11.0,7.0,9.0,18.0,5.0,11.0,14.0,9.0,15.0,14.0,14.0,12.0,4.0,7.0,4.0
88ad360205fffff,1.0,15.0,11.0,22.0,23.0,20.0,9.0,20.0,24.0,24.0,22.0,18.0,9.0,5.0,9.0,2.0,9.0,2.0,8.0,7.0,3.0,2.0,12.0,8.0,13.0,6.0,8.0,18.0,17.0,11.0,9.0,9.0,8.0,13.0,14.0,11.0,13.0,6.0,11.0,8.0,8.0,18.0,16.0,11.0,24.0,16.0,17.0,16.0,7.0,10.0,23.0,9.0,4.0
88ad360207fffff,7.0,23.0,12.0,27.0,16.0,20.0,10.0,20.0,39.0,28.0,13.0,25.0,8.0,4.0,7.0,12.0,6.0,3.0,9.0,5.0,5.0,9.0,22.0,14.0,10.0,14.0,10.0,7.0,23.0,18.0,15.0,5.0,10.0,32.0,11.0,29.0,8.0,11.0,40.0,9.0,15.0,20.0,10.0,22.0,14.0,9.0,7.0,11.0,18.0,3.0,8.0,16.0,10.0
88ad360209fffff,0.0,2.0,1.0,1.0,1.0,2.0,1.0,0.0,1.0,1.0,0.0,0.0,0.0,0.0,0.0,0.0,0.0,0.0,0.0,0.0,0.0,0.0,0.0,0.0,0.0,0.0,0.0,1.0,0.0,0.0,0.0,0.0,0.0,0.0,0.0,0.0,1.0,1.0,1.0,0.0,2.0,2.0,0.0,3.0,1.0,0.0,0.0,0.0,1.0,0.0,0.0,0.0,0.0
88ad36020bfffff,12.0,12.0,20.0,24.0,28.0,29.0,21.0,21.0,22.0,21.0,17.0,31.0,15.0,12.0,9.0,2.0,3.0,16.0,12.0,10.0,16.0,24.0,19.0,31.0,19.0,15.0,21.0,19.0,13.0,14.0,13.0,11.0,12.0,25.0,7.0,16.0,13.0,22.0,19.0,17.0,22.0,14.0,24.0,34.0,24.0,33.0,19.0,12.0,16.0,18.0,17.0,8.0,9.0
88ad36020dfffff,1.0,1.0,1.0,2.0,1.0,2.0,2.0,1.0,1.0,2.0,0.0,4.0,2.0,0.0,0.0,2.0,3.0,0.0,1.0,1.0,1.0,1.0,2.0,1.0,1.0,1.0,1.0,1.0,5.0,3.0,2.0,3.0,2.0,6.0,5.0,2.0,3.0,2.0,0.0,2.0,3.0,2.0,1.0,2.0,1.0,5.0,1.0,3.0,1.0,2.0,2.0,3.0,0.0
88ad360215fffff,0.0,2.0,1.0,1.0,0.0,0.0,0.0,0.0,4.0,0.0,1.0,1.0,0.0,1.0,1.0,2.0,0.0,0.0,1.0,0.0,1.0,1.0,2.0,6.0,0.0,0.0,1.0,0.0,0.0,0.0,0.0,0.0,0.0,0.0,0.0,0.0,0.0,0.0,0.0,0.0,2.0,0.0,0.0,0.0,0.0,0.0,1.0,1.0,0.0,1.0,0.0,0.0,0.0
88ad360219fffff,0.0,1.0,0.0,1.0,0.0,0.0,0.0,0.0,1.0,0.0,0.0,0.0,0.0,0.0,0.0,0.0,0.0,0.0,1.0,0.0,0.0,0.0,0.0,0.0,0.0,0.0,0.0,0.0,0.0,0.0,0.0,0.0,0.0,0.0,0.0,0.0,0.0,0.0,0.0,0.0,0.0,0.0,0.0,0.0,0.0,1.0,0.0,0.0,0.0,0.0,0.0,0.0,0.0
88ad36021dfffff,1.0,10.0,8.0,5.0,3.0,7.0,4.0,2.0,10.0,5.0,8.0,6.0,4.0,2.0,2.0,4.0,1.0,0.0,3.0,1.0,2.0,6.0,5.0,7.0,1.0,1.0,7.0,1.0,2.0,4.0,3.0,2.0,9.0,5.0,3.0,8.0,1.0,2.0,4.0,3.0,3.0,7.0,2.0,7.0,2.0,4.0,7.0,5.0,3.0,6.0,1.0,1.0,0.0
88ad360221fffff,2.0,1.0,6.0,3.0,5.0,4.0,6.0,5.0,10.0,6.0,6.0,10.0,6.0,1.0,0.0,3.0,4.0,4.0,2.0,1.0,4.0,5.0,2.0,0.0,2.0,3.0,8.0,16.0,9.0,4.0,3.0,5.0,13.0,12.0,8.0,7.0,3.0,6.0,1.0,3.0,4.0,3.0,4.0,6.0,5.0,8.0,3.0,3.0,6.0,6.0,3.0,5.0,1.0
88ad360223fffff,19.0,44.0,36.0,44.0,49.0,58.0,32.0,24.0,42.0,52.0,40.0,41.0,30.0,26.0,17.0,13.0,23.0,9.0,23.0,31.0,17.0,67.0,28.0,72.0,58.0,46.0,60.0,55.0,62.0,49.0,68.0,66.0,73.0,46.0,35.0,50.0,40.0,34.0,32.0,44.0,44.0,44.0,44.0,41.0,29.0,28.0,50.0,35.0,29.0,42.0,46.0,33.0,13.0
88ad360225fffff,1.0,2.0,1.0,3.0,2.0,4.0,2.0,3.0,1.0,0.0,2.0,6.0,1.0,1.0,2.0,0.0,0.0,0.0,0.0,0.0,0.0,10.0,3.0,3.0,0.0,0.0,0.0,2.0,1.0,3.0,7.0,3.0,2.0,2.0,0.0,4.0,2.0,5.0,5.0,3.0,3.0,4.0,3.0,4.0,4.0,4.0,3.0,4.0,3.0,0.0,0.0,0.0,0.0
88ad360227fffff,4.0,2.0,2.0,6.0,3.0,3.0,7.0,6.0,4.0,2.0,11.0,4.0,4.0,2.0,4.0,3.0,11.0,1.0,16.0,14.0,5.0,16.0,13.0,23.0,6.0,22.0,20.0,17.0,15.0,16.0,8.0,17.0,3.0,10.0,7.0,5.0,5.0,6.0,5.0,4.0,5.0,3.0,1.0,4.0,4.0,8.0,8.0,3.0,12.0,2.0,6.0,13.0,3.0
88ad360229fffff,4.0,9.0,3.0,11.0,26.0,4.0,6.0,12.0,13.0,6.0,5.0,15.0,6.0,5.0,8.0,2.0,3.0,1.0,8.0,1.0,5.0,2.0,9.0,13.0,4.0,6.0,8.0,13.0,4.0,15.0,4.0,6.0,7.0,12.0,10.0,14.0,12.0,10.0,13.0,15.0,10.0,13.0,10.0,7.0,14.0,9.0,12.0,8.0,7.0,6.0,1.0,4.0,3.0
88ad36022bfffff,14.0,22.0,9.0,27.0,23.0,14.0,14.0,14.0,15.0,29.0,18.0,28.0,6.0,5.0,10.0,3.0,2.0,2.0,13.0,12.0,4.0,7.0,13.0,20.0,16.0,16.0,33.0,31.0,18.0,15.0,12.0,18.0,17.0,30.0,18.0,16.0,18.0,13.0,23.0,19.0,14.0,7.0,19.0,28.0,25.0,21.0,18.0,19.0,16.0,10.0,20.0,8.0,9.0
88ad36022dfffff,8.0,35.0,30.0,59.0,39.0,25.0,20.0,35.0,34.0,34.0,20.0,36.0,27.0,15.0,10.0,15.0,4.0,4.0,11.0,6.0,6.0,8.0,14.0,17.0,9.0,18.0,32.0,25.0,16.0,28.0,21.0,5.0,4.0,6.0,23.0,11.0,17.0,18.0,14.0,10.0,20.0,26.0,33.0,21.0,22.0,20.0,35.0,18.0,28.0,22.0,37.0,21.0,10.0
88ad360231fffff,2.0,3.0,3.0,2.0,4.0,0.0,2.0,1.0,1.0,0.0,1.0,0.0,1.0,2.0,1.0,2.0,0.0,0.0,0.0,4.0,1.0,0.0,1.0,0.0,0.0,2.0,3.0,0.0,0.0,1.0,0.0,1.0,1.0,2.0,2.0,1.0,1.0,1.0,1.0,0.0,0.0,1.0,2.0,3.0,0.0,0.0,1.0,2.0,0.0,4.0,3.0,2.0,0.0
88ad360235fffff,4.0,5.0,11.0,12.0,8.0,4.0,4.0,9.0,9.0,17.0,2.0,13.0,5.0,4.0,1.0,7.0,4.0,5.0,3.0,3.0,5.0,10.0,6.0,2.0,7.0,4.0,15.0,4.0,8.0,5.0,10.0,17.0,8.0,7.0,6.0,12.0,7.0,14.0,3.0,6.0,1.0,6.0,9.0,11.0,8.0,6.0,17.0,3.0,10.0,3.0,7.0,4.0,6.0
88ad360237fffff,2.0,2.0,2.0,0.0,0.0,3.0,4.0,2.0,1.0,1.0,3.0,1.0,1.0,0.0,0.0,1.0,0.0,0.0,0.0,2.0,0.0,3.0,2.0,3.0,1.0,3.0,3.0,1.0,0.0,1.0,2.0,0.0,1.0,0.0,2.0,2.0,4.0,2.0,3.0,3.0,1.0,1.0,0.0,1.0,1.0,0.0,1.0,2.0,1.0,4.0,3.0,0.0,3.0
88ad360239fffff,2.0,9.0,14.0,11.0,16.0,7.0,6.0,6.0,11.0,6.0,7.0,6.0,3.0,1.0,2.0,23.0,6.0,3.0,12.0,3.0,7.0,5.0,9.0,13.0,10.0,5.0,9.0,3.0,7.0,7.0,5.0,8.0,6.0,3.0,5.0,23.0,8.0,7.0,7.0,13.0,5.0,6.0,5.0,12.0,11.0,15.0,16.0,6.0,11.0,14.0,5.0,6.0,6.0
88ad36023dfffff,3.0,11.0,24.0,8.0,20.0,16.0,6.0,5.0,3.0,13.0,14.0,8.0,12.0,6.0,2.0,7.0,2.0,4.0,7.0,3.0,8.0,5.0,9.0,6.0,12.0,15.0,17.0,19.0,19.0,8.0,6.0,21.0,13.0,9.0,6.0,13.0,8.0,12.0,4.0,24.0,9.0,19.0,21.0,15.0,19.0,8.0,15.0,6.0,21.0,9.0,2.0,4.0,5.0
88ad360241fffff,13.0,16.0,15.0,14.0,15.0,15.0,10.0,18.0,11.0,13.0,23.0,12.0,10.0,8.0,6.0,7.0,9.0,8.0,5.0,8.0,2.0,18.0,18.0,25.0,11.0,28.0,32.0,17.0,18.0,19.0,13.0,25.0,12.0,18.0,14.0,19.0,21.0,21.0,10.0,32.0,19.0,22.0,36.0,21.0,35.0,30.0,10.0,24.0,16.0,28.0,28.0,10.0,5.0
88ad360243fffff,6.0,4.0,13.0,16.0,12.0,9.0,2.0,5.0,4.0,8.0,7.0,2.0,3.0,5.0,7.0,2.0,2.0,5.0,12.0,3.0,9.0,4.0,6.0,10.0,10.0,14.0,10.0,10.0,7.0,7.0,4.0,16.0,9.0,3.0,5.0,4.0,13.0,7.0,10.0,12.0,9.0,10.0,7.0,14.0,20.0,2.0,6.0,13.0,7.0,8.0,10.0,10.0,3.0
88ad360245fffff,10.0,33.0,22.0,32.0,18.0,37.0,25.0,25.0,34.0,48.0,30.0,28.0,18.0,18.0,21.0,9.0,10.0,16.0,9.0,14.0,17.0,15.0,26.0,18.0,14.0,20.0,20.0,21.0,29.0,24.0,28.0,19.0,14.0,24.0,18.0,34.0,39.0,18.0,28.0,33.0,32.0,59.0,37.0,43.0,26.0,46.0,20.0,22.0,34.0,44.0,24.0,23.0,9.0
88ad360247fffff,6.0,12.0,10.0,4.0,23.0,4.0,6.0,9.0,4.0,5.0,3.0,4.0,0.0,4.0,4.0,10.0,4.0,4.0,10.0,2.0,5.0,8.0,7.0,11.0,6.0,17.0,6.0,7.0,7.0,9.0,5.0,5.0,3.0,10.0,8.0,5.0,4.0,3.0,9.0,7.0,16.0,3.0,8.0,6.0,12.0,9.0,5.0,5.0,11.0,14.0,6.0,3.0,2.0
88ad360249fffff,0.0,3.0,13.0,5.0,5.0,3.0,3.0,7.0,3.0,3.0,6.0,3.0,4.0,3.0,1.0,0.0,3.0,7.0,4.0,5.0,6.0,9.0,8.0,5.0,1.0,5.0,6.0,8.0,2.0,7.0,4.0,2.0,5.0,6.0,4.0,9.0,11.0,2.0,7.0,12.0,7.0,5.0,9.0,5.0,4.0,14.0,5.0,5.0,8.0,15.0,9.0,7.0,0.0
88ad36024bfffff,21.0,24.0,36.0,14.0,30.0,32.0,43.0,43.0,29.0,32.0,36.0,42.0,17.0,21.0,9.0,16.0,24.0,12.0,31.0,27.0,21.0,36.0,36.0,47.0,26.0,36.0,34.0,34.0,43.0,54.0,33.0,23.0,35.0,23.0,20.0,34.0,39.0,49.0,26.0,52.0,33.0,33.0,24.0,43.0,32.0,33.0,24.0,28.0,27.0,42.0,21.0,26.0,21.0
88ad36024dfffff,6.0,7.0,8.0,10.0,10.0,11.0,10.0,7.0,7.0,8.0,5.0,9.0,11.0,4.0,8.0,5.0,4.0,4.0,5.0,3.0,5.0,9.0,3.0,4.0,3.0,5.0,8.0,7.0,10.0,14.0,14.0,10.0,7.0,7.0,8.0,10.0,15.0,8.0,4.0,11.0,16.0,20.0,11.0,10.0,22.0,13.0,6.0,14.0,13.0,17.0,8.0,15.0,5.0
88ad360251fffff,14.0,32.0,33.0,28.0,37.0,24.0,21.0,43.0,61.0,42.0,36.0,22.0,18.0,11.0,20.0,29.0,12.0,12.0,24.0,12.0,14.0,19.0,31.0,21.0,20.0,25.0,17.0,38.0,31.0,30.0,25.0,22.0,35.0,57.0,18.0,26.0,40.0,32.0,54.0,33.0,45.0,45.0,58.0,36.0,48.0,55.0,28.0,36.0,38.0,27.0,32.0,23.0,11.0
88ad360253fffff,1.0,3.0,4.0,2.0,12.0,8.0,11.0,2.0,4.0,2.0,6.0,4.0,0.0,1.0,5.0,0.0,5.0,1.0,3.0,2.0,1.0,1.0,5.0,5.0,2.0,4.0,6.0,1.0,4.0,2.0,1.0,5.0,2.0,5.0,1.0,5.0,2.0,7.0,3.0,2.0,5.0,9.0,5.0,1.0,4.0,7.0,4.0,3.0,3.0,0.0,0.0,2.0,1.0
88ad360255fffff,0.0,1.0,2.0,0.0,0.0,2.0,0.0,0.0,0.0,1.0,3.0,0.0,0.0,0.0,0.0,0.0,0.0,0.0,0.0,0.0,0.0,0.0,0.0,0.0,0.0,0.0,0.0,0.0,1.0,1.0,3.0,1.0,1.0,1.0,0.0,2.0,3.0,2.0,0.0,2.0,3.0,1.0,2.0,2.0,3.0,2.0,2.0,6.0,0.0,0.0,2.0,1.0,4.0
88ad360257fffff,4.0,11.0,25.0,12.0,10.0,10.0,13.0,8.0,9.0,15.0,10.0,10.0,11.0,6.0,3.0,3.0,9.0,4.0,4.0,8.0,4.0,4.0,13.0,13.0,19.0,12.0,8.0,23.0,9.0,13.0,13.0,18.0,16.0,27.0,10.0,17.0,20.0,13.0,7.0,7.0,17.0,13.0,8.0,17.0,31.0,28.0,7.0,11.0,8.0,4.0,18.0,2.0,5.0
88ad360259fffff,1.0,11.0,5.0,14.0,13.0,12.0,8.0,4.0,1.0,6.0,7.0,10.0,8.0,8.0,10.0,12.0,2.0,3.0,6.0,4.0,2.0,13.0,11.0,12.0,8.0,8.0,7.0,7.0,15.0,6.0,10.0,15.0,4.0,22.0,10.0,10.0,9.0,12.0,20.0,10.0,14.0,7.0,9.0,13.0,10.0,10.0,13.0,6.0,14.0,11.0,8.0,6.0,0.0
88ad36025bfffff,12.0,22.0,32.0,19.0,33.0,26.0,24.0,15.0,13.0,19.0,18.0,14.0,28.0,6.0,20.0,23.0,11.0,9.0,7.0,13.0,8.0,21.0,15.0,18.0,7.0,23.0,24.0,36.0,76.0,13.0,13.0,21.0,20.0,31.0,11.0,28.0,37.0,21.0,24.0,61.0,40.0,19.0,46.0,28.0,38.0,37.0,27.0,26.0,34.0,19.0,14.0,17.0,15.0
88ad36025dfffff,2.0,8.0,6.0,3.0,2.0,3.0,2.0,5.0,0.0,2.0,4.0,2.0,6.0,0.0,3.0,2.0,1.0,1.0,8.0,2.0,5.0,4.0,2.0,4.0,2.0,1.0,3.0,3.0,1.0,4.0,6.0,4.0,4.0,2.0,1.0,4.0,4.0,5.0,2.0,3.0,4.0,5.0,6.0,4.0,9.0,3.0,6.0,0.0,5.0,5.0,3.0,3.0,0.0
88ad360261fffff,0.0,0.0,0.0,0.0,0.0,0.0,0.0,0.0,0.0,0.0,0.0,0.0,0.0,1.0,0.0,0.0,0.0,0.0,0.0,0.0,0.0,0.0,0.0,0.0,0.0,0.0,0.0,0.0,0.0,0.0,0.0,0.0,0.0,1.0,0.0,0.0,0.0,0.0,0.0,0.0,2.0,3.0,1.0,1.0,4.0,2.0,0.0,0.0,0.0,0.0,0.0,0.0,0.0
88ad360263fffff,2.0,4.0,4.0,4.0,2.0,2.0,0.0,6.0,3.0,5.0,1.0,1.0,0.0,0.0,0.0,2.0,3.0,0.0,1.0,0.0,0.0,2.0,0.0,2.0,0.0,2.0,9.0,5.0,1.0,0.0,1.0,2.0,1.0,3.0,1.0,3.0,1.0,1.0,1.0,1.0,2.0,2.0,2.0,1.0,1.0,5.0,2.0,1.0,9.0,4.0,0.0,4.0,2.0
88ad360265fffff,0.0,0.0,0.0,1.0,1.0,1.0,0.0,0.0,0.0,2.0,1.0,2.0,0.0,0.0,0.0,0.0,0.0,0.0,0.0,0.0,1.0,1.0,0.0,0.0,0.0,0.0,0.0,2.0,0.0,0.0,0.0,0.0,0.0,0.0,2.0,1.0,1.0,2.0,2.0,0.0,2.0,1.0,1.0,2.0,2.0,3.0,1.0,1.0,0.0,1.0,2.0,2.0,0.0
88ad360267fffff,5.0,13.0,16.0,32.0,46.0,17.0,18.0,23.0,20.0,18.0,13.0,20.0,11.0,9.0,7.0,13.0,5.0,6.0,7.0,12.0,8.0,15.0,13.0,7.0,14.0,15.0,14.0,37.0,15.0,16.0,6.0,11.0,11.0,13.0,10.0,9.0,15.0,6.0,15.0,16.0,4.0,13.0,21.0,15.0,19.0,22.0,16.0,14.0,22.0,19.0,16.0,18.0,9.0
88ad360269fffff,0.0,0.0,0.0,0.0,0.0,0.0,0.0,0.0,0.0,0.0,0.0,1.0,0.0,0.0,0.0,0.0,0.0,0.0,0.0,0.0,0.0,0.0,0.0,0.0,1.0,0.0,0.0,0.0,0.0,0.0,0.0,0.0,0.0,0.0,0.0,0.0,1.0,0.0,1.0,1.0,0.0,1.0,2.0,1.0,3.0,4.0,0.0,0.0,0.0,0.0,1.0,1.0,1.0
88ad36026bfffff,2.0,3.0,6.0,7.0,6.0,7.0,1.0,3.0,11.0,15.0,2.0,2.0,6.0,4.0,5.0,9.0,1.0,4.0,4.0,5.0,3.0,0.0,7.0,0.0,4.0,7.0,4.0,6.0,13.0,10.0,6.0,7.0,1.0,11.0,9.0,5.0,5.0,4.0,7.0,5.0,9.0,8.0,7.0,7.0,3.0,2.0,2.0,5.0,5.0,13.0,8.0,5.0,0.0
88ad36026dfffff,2.0,6.0,9.0,25.0,13.0,4.0,18.0,18.0,9.0,9.0,17.0,6.0,4.0,5.0,3.0,1.0,3.0,5.0,5.0,11.0,6.0,13.0,12.0,19.0,9.0,17.0,4.0,6.0,18.0,14.0,12.0,12.0,9.0,8.0,20.0,16.0,11.0,17.0,18.0,11.0,10.0,18.0,12.0,7.0,22.0,32.0,8.0,23.0,8.0,13.0,16.0,5.0,6.0
88ad360301fffff,6.0,9.0,10.0,6.0,8.0,4.0,10.0,4.0,5.0,6.0,4.0,9.0,3.0,3.0,2.0,5.0,3.0,3.0,4.0,4.0,6.0,8.0,17.0,10.0,8.0,8.0,13.0,8.0,12.0,5.0,10.0,7.0,6.0,6.0,15.0,5.0,11.0,37.0,6.0,10.0,12.0,11.0,11.0,14.0,21.0,24.0,7.0,170.0,71.0,12.0,5.0,8.0,3.0
88ad360303fffff,3.0,16.0,16.0,11.0,9.0,7.0,2.0,14.0,12.0,11.0,1.0,7.0,4.0,2.0,7.0,1.0,5.0,2.0,2.0,7.0,8.0,3.0,9.0,8.0,6.0,4.0,8.0,8.0,6.0,6.0,8.0,6.0,15.0,6.0,4.0,13.0,14.0,5.0,7.0,13.0,6.0,11.0,3.0,4.0,8.0,7.0,10.0,12.0,8.0,13.0,9.0,12.0,5.0
88ad360305fffff,1.0,4.0,0.0,2.0,1.0,1.0,0.0,1.0,0.0,0.0,1.0,0.0,0.0,0.0,0.0,0.0,0.0,0.0,0.0,0.0,0.0,0.0,0.0,0.0,0.0,1.0,3.0,0.0,1.0,3.0,0.0,0.0,0.0,0.0,0.0,2.0,3.0,2.0,1.0,1.0,1.0,2.0,2.0,4.0,0.0,2.0,1.0,51.0,0.0,0.0,0.0,0.0,0.0
88ad360307fffff,0.0,1.0,5.0,1.0,0.0,2.0,2.0,6.0,1.0,3.0,1.0,0.0,0.0,1.0,0.0,3.0,1.0,1.0,0.0,1.0,0.0,0.0,2.0,0.0,1.0,3.0,2.0,0.0,0.0,4.0,1.0,0.0,2.0,5.0,1.0,0.0,1.0,2.0,1.0,0.0,5.0,0.0,0.0,0.0,0.0,1.0,0.0,1.0,1.0,0.0,1.0,0.0,0.0
88ad360309fffff,2.0,10.0,5.0,13.0,10.0,5.0,14.0,6.0,3.0,11.0,7.0,13.0,5.0,6.0,4.0,3.0,8.0,3.0,5.0,15.0,7.0,9.0,6.0,11.0,7.0,9.0,5.0,6.0,10.0,23.0,19.0,5.0,10.0,7.0,16.0,11.0,3.0,20.0,13.0,22.0,9.0,11.0,16.0,7.0,12.0,5.0,9.0,7.0,104.0,23.0,13.0,6.0,2.0
88ad36030bfffff,7.0,9.0,11.0,10.0,9.0,11.0,13.0,10.0,12.0,13.0,12.0,16.0,8.0,5.0,5.0,2.0,5.0,5.0,6.0,2.0,15.0,8.0,17.0,12.0,8.0,7.0,25.0,13.0,11.0,19.0,14.0,12.0,9.0,19.0,17.0,12.0,7.0,14.0,8.0,14.0,13.0,21.0,15.0,14.0,8.0,8.0,7.0,12.0,20.0,15.0,14.0,2.0,1.0
88ad36030dfffff,3.0,11.0,3.0,9.0,10.0,4.0,9.0,11.0,16.0,5.0,5.0,4.0,4.0,3.0,2.0,2.0,2.0,2.0,4.0,2.0,5.0,3.0,2.0,5.0,4.0,11.0,7.0,8.0,18.0,9.0,12.0,12.0,8.0,6.0,8.0,11.0,22.0,13.0,9.0,13.0,10.0,14.0,7.0,5.0,11.0,15.0,8.0,11.0,9.0,83.0,6.0,3.0,1.0
88ad360311fffff,3.0,5.0,6.0,3.0,6.0,3.0,2.0,2.0,4.0,10.0,3.0,2.0,2.0,1.0,0.0,2.0,1.0,0.0,2.0,2.0,4.0,2.0,3.0,6.0,1.0,4.0,4.0,1.0,0.0,4.0,2.0,5.0,0.0,2.0,4.0,5.0,5.0,3.0,3.0,6.0,3.0,5.0,2.0,5.0,5.0,8.0,7.0,6.0,4.0,5.0,4.0,6.0,2.0
88ad360313fffff,1.0,1.0,4.0,11.0,4.0,1.0,3.0,4.0,3.0,2.0,4.0,2.0,2.0,0.0,2.0,3.0,1.0,1.0,1.0,0.0,0.0,3.0,2.0,1.0,1.0,1.0,8.0,5.0,4.0,13.0,5.0,0.0,1.0,6.0,19.0,4.0,0.0,1.0,6.0,4.0,3.0,3.0,5.0,2.0,3.0,9.0,2.0,9.0,5.0,4.0,6.0,1.0,0.0
88ad360315fffff,7.0,10.0,26.0,5.0,9.0,11.0,7.0,14.0,10.0,12.0,1.0,7.0,3.0,3.0,1.0,6.0,2.0,1.0,0.0,3.0,4.0,7.0,6.0,6.0,5.0,4.0,5.0,6.0,8.0,4.0,12.0,12.0,1.0,5.0,3.0,4.0,12.0,15.0,10.0,17.0,10.0,5.0,7.0,7.0,11.0,5.0,5.0,9.0,9.0,7.0,15.0,8.0,2.0
88ad360317fffff,1.0,1.0,5.0,2.0,2.0,0.0,6.0,3.0,0.0,4.0,5.0,1.0,3.0,1.0,3.0,3.0,1.0,2.0,6.0,0.0,1.0,3.0,2.0,1.0,3.0,3.0,2.0,2.0,2.0,1.0,0.0,2.0,2.0,1.0,0.0,2.0,3.0,0.0,2.0,2.0,1.0,1.0,1.0,4.0,2.0,3.0,1.0,1.0,1.0,3.0,0.0,0.0,0.0
88ad360319fffff,2.0,5.0,10.0,5.0,10.0,9.0,2.0,2.0,5.0,15.0,10.0,10.0,7.0,2.0,3.0,1.0,6.0,4.0,3.0,6.0,3.0,4.0,7.0,5.0,3.0,7.0,8.0,22.0,5.0,6.0,7.0,7.0,7.0,6.0,5.0,7.0,20.0,12.0,6.0,9.0,9.0,14.0,6.0,7.0,7.0,4.0,6.0,10.0,9.0,9.0,4.0,15.0,2.0
88ad36031bfffff,0.0,4.0,3.0,9.0,8.0,3.0,2.0,9.0,3.0,0.0,3.0,3.0,5.0,1.0,1.0,3.0,1.0,0.0,0.0,0.0,0.0,7.0,6.0,1.0,4.0,7.0,6.0,4.0,8.0,10.0,1.0,1.0,5.0,0.0,8.0,1.0,3.0,4.0,2.0,7.0,2.0,4.0,8.0,2.0,2.0,6.0,3.0,5.0,10.0,6.0,7.0,6.0,1.0
88ad36031dfffff,5.0,8.0,7.0,15.0,4.0,13.0,2.0,18.0,17.0,9.0,7.0,6.0,5.0,1.0,2.0,5.0,1.0,3.0,4.0,1.0,6.0,8.0,15.0,9.0,3.0,16.0,11.0,9.0,7.0,11.0,17.0,13.0,8.0,11.0,5.0,10.0,22.0,6.0,9.0,14.0,12.0,14.0,12.0,16.0,18.0,13.0,9.0,5.0,8.0,16.0,5.0,7.0,3.0
88ad360325fffff,0.0,0.0,0.0,0.0,0.0,1.0,0.0,0.0,0.0,0.0,0.0,0.0,0.0,0.0,0.0,0.0,0.0,0.0,0.0,0.0,0.0,0.0,0.0,0.0,0.0,0.0,0.0,0.0,0.0,0.0,0.0,0.0,0.0,0.0,0.0,0.0,0.0,0.0,0.0,0.0,0.0,0.0,0.0,0.0,0.0,0.0,0.0,0.0,0.0,0.0,0.0,0.0,0.0
88ad360329fffff,0.0,0.0,0.0,0.0,0.0,0.0,0.0,0.0,1.0,0.0,0.0,0.0,0.0,0.0,0.0,0.0,0.0,0.0,0.0,0.0,0.0,0.0,1.0,0.0,0.0,0.0,0.0,0.0,0.0,0.0,0.0,0.0,0.0,0.0,0.0,0.0,0.0,0.0,0.0,0.0,0.0,0.0,0.0,0.0,0.0,0.0,1.0,0.0,0.0,0.0,0.0,0.0,0.0
88ad36032bfffff,0.0,0.0,0.0,0.0,0.0,0.0,0.0,0.0,0.0,0.0,0.0,0.0,0.0,0.0,0.0,0.0,0.0,0.0,0.0,0.0,0.0,0.0,0.0,0.0,0.0,0.0,0.0,0.0,0.0,0.0,0.0,0.0,0.0,0.0,0.0,1.0,0.0,0.0,0.0,0.0,0.0,1.0,1.0,0.0,0.0,0.0,0.0,0.0,0.0,0.0,0.0,0.0,0.0
88ad36032dfffff,0.0,0.0,0.0,0.0,0.0,0.0,0.0,0.0,0.0,0.0,0.0,0.0,0.0,0.0,0.0,0.0,0.0,0.0,0.0,0.0,0.0,0.0,0.0,0.0,0.0,0.0,0.0,0.0,0.0,0.0,0.0,0.0,0.0,0.0,0.0,0.0,0.0,0.0,0.0,0.0,0.0,0.0,1.0,0.0,0.0,0.0,0.0,0.0,0.0,0.0,0.0,0.0,0.0
88ad360331fffff,1.0,5.0,1.0,5.0,7.0,5.0,1.0,3.0,3.0,6.0,2.0,0.0,2.0,0.0,2.0,1.0,2.0,0.0,0.0,0.0,0.0,1.0,2.0,3.0,1.0,3.0,3.0,9.0,2.0,3.0,8.0,3.0,2.0,4.0,4.0,5.0,7.0,7.0,3.0,13.0,3.0,1.0,3.0,6.0,2.0,2.0,6.0,3.0,1.0,3.0,2.0,1.0,1.0
88ad360333fffff,0.0,0.0,3.0,4.0,2.0,1.0,0.0,0.0,2.0,0.0,1.0,0.0,1.0,0.0,0.0,0.0,0.0,1.0,0.0,0.0,0.0,0.0,3.0,0.0,0.0,0.0,6.0,1.0,0.0,0.0,2.0,0.0,0.0,2.0,1.0,1.0,0.0,1.0,0.0,0.0,0.0,1.0,0.0,1.0,0.0,0.0,0.0,1.0,0.0,0.0,0.0,0.0,0.0
88ad360335fffff,0.0,3.0,2.0,2.0,3.0,4.0,0.0,0.0,1.0,3.0,3.0,1.0,3.0,0.0,0.0,1.0,3.0,2.0,10.0,2.0,0.0,1.0,0.0,0.0,0.0,4.0,0.0,2.0,0.0,2.0,1.0,0.0,2.0,0.0,0.0,5.0,1.0,3.0,1.0,1.0,6.0,1.0,2.0,1.0,4.0,0.0,3.0,3.0,2.0,0.0,0.0,0.0,0.0
88ad360337fffff,2.0,13.0,10.0,19.0,10.0,13.0,12.0,13.0,8.0,3.0,10.0,15.0,5.0,10.0,3.0,1.0,6.0,2.0,1.0,6.0,2.0,5.0,10.0,8.0,4.0,7.0,21.0,11.0,5.0,11.0,13.0,13.0,12.0,16.0,9.0,14.0,13.0,6.0,5.0,12.0,12.0,6.0,8.0,14.0,11.0,11.0,6.0,10.0,8.0,9.0,4.0,10.0,4.0
88ad360339fffff,0.0,3.0,4.0,1.0,0.0,2.0,0.0,2.0,1.0,0.0,1.0,2.0,0.0,0.0,0.0,0.0,0.0,0.0,1.0,1.0,2.0,3.0,1.0,1.0,3.0,2.0,3.0,1.0,1.0,0.0,0.0,2.0,0.0,3.0,0.0,1.0,0.0,1.0,4.0,2.0,1.0,5.0,2.0,1.0,0.0,1.0,5.0,3.0,3.0,2.0,4.0,1.0,1.0
88ad36033bfffff,1.0,0.0,0.0,0.0,1.0,1.0,1.0,1.0,2.0,2.0,1.0,0.0,0.0,0.0,0.0,0.0,1.0,2.0,0.0,0.0,1.0,2.0,1.0,1.0,1.0,0.0,2.0,0.0,0.0,1.0,1.0,1.0,0.0,2.0,1.0,3.0,0.0,1.0,1.0,1.0,1.0,4.0,1.0,0.0,1.0,2.0,1.0,0.0,1.0,0.0,0.0,0.0,0.0
88ad36033dfffff,0.0,2.0,2.0,2.0,2.0,3.0,1.0,2.0,0.0,5.0,4.0,2.0,1.0,0.0,1.0,3.0,1.0,0.0,0.0,1.0,0.0,1.0,1.0,0.0,1.0,1.0,0.0,0.0,1.0,1.0,2.0,1.0,1.0,0.0,0.0,1.0,1.0,1.0,2.0,1.0,2.0,0.0,1.0,0.0,0.0,1.0,0.0,0.0,1.0,2.0,1.0,0.0,0.0
88ad360341fffff,4.0,17.0,17.0,15.0,18.0,14.0,16.0,8.0,15.0,12.0,10.0,4.0,9.0,7.0,4.0,3.0,3.0,1.0,2.0,6.0,7.0,8.0,6.0,9.0,8.0,17.0,13.0,13.0,13.0,10.0,61.0,13.0,6.0,12.0,10.0,11.0,16.0,24.0,6.0,17.0,17.0,13.0,8.0,10.0,9.0,7.0,6.0,144.0,113.0,74.0,13.0,4.0,12.0
88ad360343fffff,3.0,12.0,16.0,12.0,9.0,9.0,21.0,19.0,8.0,15.0,11.0,23.0,4.0,6.0,4.0,0.0,2.0,7.0,2.0,2.0,7.0,24.0,23.0,9.0,7.0,3.0,7.0,7.0,21.0,27.0,6.0,9.0,3.0,8.0,17.0,9.0,12.0,19.0,13.0,17.0,22.0,24.0,14.0,11.0,15.0,18.0,12.0,9.0,42.0,10.0,11.0,4.0,4.0
88ad360345fffff,5.0,21.0,20.0,22.0,25.0,15.0,21.0,19.0,20.0,10.0,7.0,9.0,10.0,2.0,6.0,2.0,4.0,1.0,4.0,2.0,11.0,5.0,14.0,19.0,16.0,6.0,8.0,8.0,7.0,15.0,34.0,4.0,10.0,8.0,28.0,21.0,7.0,8.0,9.0,22.0,3.0,17.0,22.0,10.0,17.0,17.0,7.0,66.0,94.0,104.0,20.0,7.0,3.0
88ad360347fffff,3.0,8.0,3.0,7.0,5.0,8.0,11.0,4.0,6.0,10.0,15.0,4.0,3.0,0.0,3.0,4.0,1.0,5.0,1.0,3.0,8.0,5.0,6.0,8.0,8.0,2.0,4.0,12.0,7.0,5.0,11.0,9.0,6.0,4.0,6.0,7.0,11.0,9.0,3.0,1.0,10.0,5.0,5.0,3.0,8.0,17.0,9.0,7.0,129.0,21.0,6.0,25.0,1.0
88ad360349fffff,6.0,5.0,3.0,3.0,1.0,1.0,10.0,6.0,6.0,6.0,6.0,5.0,2.0,0.0,4.0,0.0,0.0,4.0,1.0,0.0,5.0,4.0,1.0,0.0,5.0,0.0,9.0,5.0,8.0,7.0,16.0,15.0,4.0,4.0,5.0,4.0,3.0,2.0,2.0,1.0,9.0,9.0,2.0,4.0,5.0,4.0,9.0,21.0,8.0,6.0,6.0,3.0,3.0
88ad36034bfffff,8.0,5.0,8.0,14.0,7.0,10.0,10.0,22.0,11.0,14.0,17.0,10.0,4.0,13.0,9.0,7.0,9.0,15.0,3.0,6.0,13.0,15.0,11.0,17.0,13.0,12.0,14.0,15.0,11.0,17.0,20.0,11.0,6.0,10.0,11.0,11.0,18.0,17.0,8.0,27.0,12.0,20.0,19.0,16.0,12.0,16.0,17.0,28.0,32.0,9.0,9.0,4.0,8.0
88ad36034dfffff,4.0,23.0,11.0,13.0,4.0,5.0,16.0,7.0,8.0,6.0,10.0,2.0,6.0,4.0,4.0,5.0,0.0,6.0,4.0,1.0,16.0,3.0,8.0,24.0,14.0,14.0,11.0,24.0,5.0,6.0,43.0,6.0,12.0,10.0,10.0,9.0,11.0,9.0,7.0,2.0,11.0,8.0,20.0,13.0,19.0,25.0,10.0,39.0,75.0,39.0,9.0,12.0,4.0
88ad360351fffff,3.0,7.0,16.0,11.0,15.0,7.0,8.0,8.0,9.0,7.0,6.0,7.0,7.0,2.0,3.0,2.0,3.0,3.0,4.0,3.0,10.0,9.0,11.0,5.0,3.0,9.0,10.0,14.0,13.0,29.0,10.0,9.0,7.0,12.0,21.0,10.0,8.0,18.0,7.0,17.0,22.0,12.0,13.0,7.0,21.0,9.0,7.0,11.0,31.0,11.0,10.0,6.0,4.0
88ad360353fffff,3.0,3.0,15.0,8.0,10.0,11.0,7.0,8.0,12.0,7.0,3.0,7.0,6.0,5.0,3.0,4.0,4.0,3.0,7.0,4.0,6.0,5.0,13.0,15.0,8.0,9.0,3.0,11.0,10.0,11.0,14.0,14.0,10.0,16.0,8.0,11.0,12.0,8.0,4.0,8.0,14.0,7.0,12.0,11.0,14.0,12.0,5.0,8.0,102.0,8.0,3.0,8.0,4.0
88ad360355fffff,4.0,8.0,11.0,9.0,8.0,5.0,6.0,5.0,10.0,3.0,4.0,10.0,13.0,1.0,1.0,5.0,5.0,6.0,4.0,7.0,8.0,5.0,2.0,8.0,3.0,8.0,16.0,9.0,15.0,15.0,10.0,5.0,14.0,6.0,12.0,5.0,6.0,10.0,12.0,6.0,9.0,11.0,10.0,9.0,7.0,21.0,13.0,15.0,16.0,5.0,5.0,12.0,5.0
88ad360357fffff,8.0,7.0,10.0,19.0,10.0,13.0,9.0,16.0,11.0,16.0,4.0,11.0,4.0,4.0,0.0,2.0,6.0,1.0,4.0,9.0,4.0,18.0,13.0,12.0,5.0,6.0,10.0,11.0,8.0,16.0,10.0,16.0,21.0,14.0,4.0,12.0,13.0,34.0,9.0,15.0,20.0,12.0,12.0,8.0,4.0,14.0,13.0,11.0,27.0,11.0,16.0,15.0,7.0
88ad360359fffff,0.0,3.0,4.0,0.0,1.0,1.0,2.0,2.0,1.0,0.0,1.0,3.0,0.0,1.0,0.0,0.0,0.0,0.0,0.0,2.0,0.0,0.0,1.0,1.0,1.0,4.0,0.0,0.0,0.0,0.0,1.0,0.0,2.0,0.0,1.0,10.0,2.0,1.0,1.0,0.0,5.0,2.0,2.0,0.0,0.0,1.0,0.0,1.0,2.0,0.0,1.0,4.0,3.0
88ad36035bfffff,4.0,8.0,5.0,8.0,9.0,8.0,4.0,14.0,11.0,5.0,8.0,5.0,7.0,2.0,2.0,1.0,5.0,0.0,1.0,2.0,4.0,3.0,0.0,6.0,6.0,3.0,3.0,4.0,4.0,8.0,5.0,0.0,1.0,3.0,3.0,0.0,6.0,2.0,7.0,3.0,6.0,6.0,10.0,13.0,6.0,4.0,8.0,4.0,56.0,16.0,7.0,8.0,6.0
88ad36035dfffff,2.0,8.0,15.0,8.0,4.0,7.0,11.0,9.0,6.0,4.0,7.0,6.0,3.0,1.0,3.0,3.0,5.0,8.0,0.0,3.0,6.0,9.0,7.0,22.0,5.0,19.0,12.0,3.0,11.0,14.0,6.0,6.0,8.0,11.0,10.0,4.0,12.0,10.0,6.0,13.0,11.0,12.0,15.0,6.0,11.0,19.0,15.0,14.0,8.0,8.0,1.0,4.0,2.0
88ad360361fffff,1.0,2.0,4.0,1.0,2.0,1.0,3.0,3.0,2.0,1.0,5.0,3.0,0.0,2.0,0.0,2.0,2.0,1.0,3.0,0.0,8.0,4.0,4.0,0.0,0.0,1.0,1.0,0.0,1.0,1.0,3.0,6.0,0.0,2.0,0.0,2.0,6.0,3.0,0.0,5.0,1.0,2.0,5.0,4.0,0.0,1.0,2.0,3.0,1.0,0.0,9.0,6.0,1.0
88ad360363fffff,3.0,4.0,4.0,3.0,9.0,1.0,1.0,6.0,5.0,11.0,0.0,5.0,2.0,4.0,1.0,2.0,0.0,1.0,5.0,3.0,3.0,0.0,2.0,1.0,1.0,1.0,2.0,9.0,0.0,1.0,2.0,4.0,7.0,2.0,5.0,11.0,10.0,9.0,2.0,5.0,2.0,3.0,5.0,4.0,6.0,0.0,5.0,0.0,4.0,5.0,1.0,0.0,3.0
88ad360365fffff,0.0,0.0,5.0,0.0,2.0,4.0,2.0,0.0,0.0,0.0,0.0,0.0,0.0,3.0,0.0,0.0,0.0,0.0,1.0,1.0,0.0,2.0,0.0,1.0,0.0,0.0,1.0,0.0,1.0,1.0,0.0,0.0,1.0,3.0,4.0,1.0,6.0,0.0,0.0,0.0,1.0,3.0,1.0,3.0,3.0,1.0,4.0,1.0,0.0,0.0,0.0,0.0,0.0
88ad360367fffff,0.0,2.0,1.0,2.0,3.0,3.0,2.0,0.0,2.0,4.0,0.0,2.0,0.0,0.0,0.0,0.0,1.0,0.0,0.0,0.0,2.0,1.0,0.0,0.0,2.0,0.0,2.0,1.0,2.0,2.0,1.0,0.0,7.0,1.0,2.0,1.0,2.0,3.0,1.0,1.0,1.0,2.0,0.0,0.0,0.0,0.0,1.0,1.0,2.0,2.0,0.0,1.0,0.0
88ad360369fffff,2.0,5.0,4.0,10.0,4.0,19.0,4.0,13.0,4.0,7.0,12.0,11.0,6.0,1.0,4.0,4.0,2.0,3.0,21.0,3.0,20.0,1.0,6.0,7.0,5.0,7.0,2.0,2.0,40.0,10.0,6.0,12.0,8.0,15.0,7.0,12.0,34.0,3.0,7.0,9.0,3.0,3.0,15.0,9.0,12.0,23.0,9.0,6.0,16.0,12.0,9.0,37.0,3.0
88ad36036bfffff,6.0,4.0,9.0,4.0,9.0,2.0,10.0,4.0,2.0,4.0,6.0,4.0,8.0,0.0,2.0,1.0,3.0,1.0,6.0,3.0,4.0,6.0,7.0,8.0,5.0,5.0,1.0,2.0,3.0,0.0,8.0,5.0,2.0,3.0,1.0,6.0,10.0,3.0,6.0,2.0,2.0,7.0,3.0,5.0,6.0,5.0,4.0,2.0,6.0,24.0,3.0,9.0,2.0
88ad36036dfffff,0.0,1.0,0.0,0.0,0.0,1.0,0.0,0.0,1.0,0.0,0.0,0.0,0.0,0.0,0.0,0.0,0.0,0.0,0.0,0.0,0.0,0.0,0.0,0.0,0.0,0.0,0.0,0.0,0.0,0.0,0.0,0.0,0.0,0.0,0.0,0.0,3.0,0.0,0.0,0.0,0.0,0.0,1.0,1.0,1.0,1.0,0.0,1.0,0.0,1.0,2.0,6.0,0.0
88ad360543fffff,0.0,0.0,0.0,0.0,0.0,0.0,0.0,0.0,0.0,0.0,0.0,0.0,0.0,0.0,0.0,0.0,0.0,0.0,0.0,0.0,0.0,0.0,0.0,0.0,0.0,1.0,0.0,0.0,0.0,0.0,0.0,0.0,0.0,0.0,0.0,1.0,0.0,0.0,0.0,0.0,0.0,0.0,0.0,0.0,0.0,0.0,0.0,0.0,0.0,0.0,0.0,0.0,0.0
88ad36055dfffff,0.0,0.0,0.0,0.0,0.0,0.0,0.0,0.0,0.0,0.0,0.0,0.0,0.0,0.0,0.0,0.0,0.0,0.0,0.0,0.0,0.0,0.0,0.0,0.0,0.0,0.0,0.0,0.0,0.0,0.0,0.0,0.0,0.0,0.0,0.0,0.0,0.0,0.0,0.0,1.0,0.0,0.0,0.0,0.0,0.0,0.0,0.0,0.0,0.0,0.0,0.0,0.0,0.0
88ad36082dfffff,0.0,0.0,0.0,0.0,0.0,0.0,0.0,0.0,0.0,0.0,0.0,0.0,0.0,0.0,0.0,0.0,0.0,0.0,0.0,0.0,0.0,0.0,0.0,0.0,0.0,0.0,0.0,0.0,0.0,0.0,0.0,0.0,0.0,0.0,0.0,0.0,0.0,0.0,0.0,0.0,0.0,0.0,0.0,0.0,0.0,0.0,0.0,0.0,0.0,1.0,0.0,0.0,0.0
88ad360837fffff,0.0,0.0,0.0,0.0,0.0,0.0,0.0,0.0,0.0,0.0,0.0,0.0,0.0,0.0,0.0,0.0,0.0,0.0,0.0,0.0,0.0,0.0,0.0,0.0,0.0,0.0,0.0,0.0,0.0,0.0,0.0,0.0,0.0,0.0,0.0,0.0,0.0,0.0,0.0,0.0,0.0,0.0,0.0,0.0,0.0,0.0,0.0,0.0,0.0,1.0,0.0,0.0,0.0
88ad36083bfffff,0.0,0.0,0.0,0.0,0.0,0.0,0.0,0.0,0.0,0.0,0.0,0.0,0.0,0.0,0.0,0.0,0.0,0.0,0.0,0.0,0.0,0.0,0.0,0.0,0.0,0.0,0.0,0.0,0.0,1.0,0.0,0.0,0.0,0.0,0.0,0.0,0.0,0.0,0.0,0.0,0.0,0.0,0.0,0.0,1.0,0.0,0.0,0.0,0.0,0.0,0.0,0.0,0.0
88ad360847fffff,0.0,0.0,0.0,0.0,0.0,0.0,0.0,0.0,0.0,0.0,0.0,0.0,0.0,0.0,0.0,0.0,0.0,0.0,0.0,0.0,0.0,0.0,0.0,0.0,0.0,0.0,1.0,0.0,0.0,0.0,0.0,0.0,0.0,0.0,0.0,0.0,0.0,0.0,0.0,0.0,0.0,0.0,0.0,0.0,0.0,0.0,0.0,0.0,0.0,0.0,0.0,0.0,0.0
88ad360883fffff,0.0,0.0,0.0,1.0,0.0,0.0,0.0,0.0,0.0,0.0,0.0,0.0,0.0,0.0,0.0,0.0,0.0,0.0,0.0,0.0,0.0,0.0,0.0,0.0,0.0,0.0,0.0,0.0,0.0,0.0,0.0,0.0,0.0,0.0,0.0,0.0,0.0,0.0,0.0,0.0,0.0,0.0,0.0,0.0,0.0,0.0,0.0,0.0,0.0,0.0,0.0,0.0,0.0
88ad360891fffff,0.0,0.0,0.0,0.0,0.0,0.0,0.0,0.0,0.0,0.0,0.0,0.0,0.0,0.0,0.0,0.0,0.0,0.0,0.0,0.0,0.0,0.0,0.0,0.0,0.0,0.0,0.0,0.0,0.0,0.0,0.0,0.0,0.0,0.0,0.0,0.0,0.0,0.0,0.0,0.0,0.0,1.0,0.0,0.0,0.0,0.0,0.0,0.0,0.0,0.0,0.0,0.0,0.0
88ad360895fffff,0.0,0.0,0.0,0.0,0.0,0.0,0.0,0.0,0.0,0.0,0.0,0.0,0.0,0.0,0.0,0.0,0.0,0.0,0.0,0.0,0.0,0.0,0.0,0.0,0.0,0.0,0.0,0.0,0.0,0.0,1.0,0.0,0.0,0.0,0.0,0.0,0.0,0.0,0.0,0.0,2.0,0.0,0.0,0.0,0.0,0.0,0.0,0.0,0.0,0.0,0.0,0.0,0.0
88ad36089bfffff,0.0,0.0,0.0,0.0,0.0,0.0,0.0,0.0,0.0,0.0,0.0,0.0,0.0,0.0,0.0,0.0,0.0,0.0,0.0,0.0,0.0,0.0,0.0,0.0,0.0,0.0,0.0,0.0,0.0,0.0,0.0,0.0,0.0,0.0,1.0,0.0,0.0,0.0,0.0,0.0,0.0,1.0,0.0,0.0,0.0,0.0,0.0,1.0,0.0,0.0,0.0,0.0,0.0
88ad3608a9fffff,0.0,0.0,0.0,0.0,0.0,0.0,0.0,0.0,0.0,0.0,0.0,0.0,0.0,1.0,0.0,0.0,0.0,0.0,0.0,0.0,0.0,0.0,0.0,0.0,0.0,0.0,0.0,0.0,0.0,0.0,0.0,0.0,0.0,0.0,0.0,0.0,0.0,0.0,0.0,0.0,0.0,0.0,0.0,0.0,0.0,0.0,0.0,0.0,0.0,0.0,0.0,0.0,0.0
88ad3608b3fffff,0.0,0.0,0.0,0.0,0.0,1.0,0.0,0.0,0.0,0.0,0.0,0.0,0.0,0.0,0.0,0.0,0.0,0.0,0.0,0.0,0.0,0.0,0.0,0.0,0.0,0.0,0.0,0.0,0.0,0.0,0.0,0.0,0.0,0.0,0.0,0.0,0.0,0.0,0.0,0.0,0.0,0.0,0.0,0.0,0.0,0.0,0.0,0.0,0.0,0.0,0.0,0.0,0.0
88ad3608c1fffff,0.0,0.0,0.0,0.0,0.0,0.0,0.0,0.0,0.0,0.0,0.0,0.0,0.0,0.0,0.0,0.0,0.0,0.0,0.0,0.0,0.0,0.0,0.0,0.0,0.0,0.0,0.0,0.0,0.0,0.0,0.0,0.0,0.0,0.0,0.0,0.0,0.0,0.0,0.0,0.0,0.0,0.0,0.0,0.0,0.0,0.0,0.0,0.0,0.0,1.0,0.0,0.0,0.0
88ad3608d3fffff,0.0,0.0,0.0,0.0,0.0,0.0,0.0,0.0,0.0,0.0,0.0,0.0,0.0,0.0,0.0,0.0,0.0,0.0,0.0,0.0,0.0,0.0,0.0,0.0,0.0,0.0,0.0,0.0,0.0,0.0,0.0,0.0,0.0,0.0,0.0,0.0,0.0,0.0,0.0,0.0,1.0,0.0,0.0,0.0,0.0,0.0,0.0,0.0,0.0,0.0,0.0,0.0,0.0
88ad3608d7fffff,0.0,0.0,0.0,0.0,0.0,0.0,0.0,0.0,0.0,0.0,0.0,0.0,0.0,0.0,0.0,0.0,0.0,0.0,0.0,0.0,0.0,0.0,0.0,0.0,0.0,0.0,0.0,0.0,0.0,0.0,0.0,0.0,0.0,0.0,0.0,0.0,0.0,0.0,0.0,0.0,0.0,0.0,1.0,0.0,0.0,0.0,0.0,0.0,0.0,0.0,0.0,0.0,0.0
88ad3608dbfffff,0.0,0.0,0.0,0.0,0.0,0.0,0.0,0.0,0.0,0.0,0.0,0.0,0.0,0.0,0.0,0.0,0.0,0.0,0.0,0.0,0.0,0.0,0.0,0.0,0.0,1.0,0.0,0.0,0.0,0.0,0.0,0.0,1.0,0.0,0.0,0.0,0.0,0.0,0.0,0.0,1.0,0.0,0.0,0.0,0.0,0.0,0.0,0.0,0.0,0.0,0.0,0.0,0.0
88ad3608e9fffff,0.0,0.0,0.0,0.0,0.0,0.0,0.0,0.0,0.0,0.0,0.0,0.0,0.0,0.0,0.0,0.0,0.0,0.0,0.0,0.0,0.0,0.0,0.0,0.0,0.0,0.0,0.0,0.0,0.0,0.0,0.0,1.0,0.0,0.0,0.0,0.0,0.0,0.0,0.0,0.0,0.0,0.0,0.0,0.0,0.0,0.0,1.0,0.0,2.0,1.0,0.0,0.0,0.0
88ad36091bfffff,0.0,0.0,0.0,0.0,0.0,0.0,0.0,0.0,0.0,0.0,0.0,0.0,0.0,0.0,0.0,0.0,0.0,0.0,0.0,0.0,1.0,0.0,0.0,0.0,0.0,0.0,0.0,0.0,0.0,0.0,0.0,0.0,0.0,0.0,0.0,0.0,0.0,0.0,0.0,0.0,0.0,0.0,0.0,0.0,0.0,0.0,0.0,0.0,0.0,0.0,0.0,0.0,0.0
88ad360921fffff,0.0,0.0,0.0,1.0,0.0,0.0,0.0,0.0,0.0,0.0,0.0,0.0,0.0,0.0,0.0,0.0,0.0,0.0,0.0,0.0,0.0,0.0,0.0,0.0,0.0,0.0,0.0,0.0,0.0,0.0,0.0,0.0,0.0,0.0,0.0,0.0,0.0,0.0,0.0,0.0,0.0,0.0,0.0,0.0,0.0,0.0,0.0,0.0,0.0,0.0,0.0,0.0,0.0
88ad36094bfffff,0.0,0.0,0.0,0.0,0.0,0.0,0.0,0.0,0.0,0.0,0.0,0.0,0.0,0.0,0.0,0.0,0.0,0.0,0.0,0.0,0.0,0.0,0.0,0.0,0.0,0.0,0.0,0.0,0.0,0.0,0.0,0.0,0.0,0.0,0.0,0.0,0.0,0.0,0.0,0.0,0.0,0.0,0.0,0.0,0.0,1.0,0.0,0.0,0.0,0.0,0.0,0.0,0.0
88ad360959fffff,0.0,0.0,0.0,0.0,0.0,0.0,0.0,0.0,0.0,0.0,0.0,0.0,0.0,0.0,0.0,0.0,0.0,0.0,0.0,0.0,0.0,0.0,0.0,0.0,0.0,0.0,0.0,0.0,0.0,0.0,0.0,0.0,0.0,0.0,0.0,0.0,0.0,1.0,0.0,0.0,0.0,0.0,0.0,0.0,0.0,0.0,0.0,0.0,0.0,0.0,0.0,0.0,0.0
88ad360981fffff,0.0,0.0,0.0,0.0,0.0,0.0,0.0,0.0,0.0,0.0,0.0,0.0,0.0,0.0,0.0,0.0,0.0,1.0,0.0,0.0,0.0,0.0,0.0,0.0,0.0,0.0,0.0,0.0,0.0,0.0,0.0,0.0,0.0,0.0,0.0,0.0,0.0,0.0,0.0,0.0,0.0,0.0,0.0,0.0,0.0,0.0,0.0,0.0,0.0,0.0,0.0,0.0,0.0
88ad360983fffff,0.0,1.0,1.0,4.0,2.0,1.0,0.0,2.0,1.0,1.0,0.0,1.0,0.0,1.0,2.0,1.0,0.0,2.0,0.0,4.0,1.0,2.0,0.0,0.0,1.0,1.0,1.0,0.0,2.0,4.0,1.0,0.0,2.0,1.0,0.0,2.0,1.0,0.0,1.0,0.0,1.0,2.0,1.0,8.0,0.0,0.0,2.0,1.0,3.0,0.0,0.0,6.0,0.0
88ad360993fffff,0.0,1.0,0.0,0.0,0.0,0.0,0.0,0.0,0.0,0.0,0.0,0.0,0.0,0.0,0.0,0.0,0.0,0.0,0.0,1.0,0.0,0.0,0.0,0.0,1.0,0.0,0.0,0.0,0.0,0.0,0.0,0.0,0.0,0.0,0.0,0.0,0.0,0.0,1.0,0.0,0.0,0.0,0.0,0.0,0.0,0.0,0.0,0.0,0.0,0.0,0.0,0.0,0.0
88ad360997fffff,0.0,0.0,0.0,0.0,0.0,0.0,0.0,0.0,0.0,0.0,0.0,0.0,0.0,0.0,0.0,0.0,0.0,0.0,0.0,0.0,0.0,0.0,0.0,0.0,0.0,0.0,0.0,0.0,0.0,1.0,0.0,0.0,0.0,0.0,0.0,0.0,0.0,0.0,0.0,0.0,0.0,0.0,0.0,0.0,0.0,0.0,0.0,0.0,0.0,0.0,0.0,1.0,0.0
88ad36099dfffff,0.0,2.0,2.0,3.0,8.0,0.0,3.0,1.0,2.0,2.0,1.0,1.0,0.0,3.0,2.0,0.0,0.0,0.0,3.0,1.0,0.0,2.0,3.0,1.0,0.0,0.0,1.0,1.0,3.0,1.0,1.0,0.0,2.0,0.0,2.0,0.0,4.0,1.0,3.0,1.0,1.0,1.0,4.0,1.0,0.0,0.0,2.0,6.0,0.0,1.0,3.0,0.0,2.0
88ad3609c7fffff,0.0,0.0,0.0,0.0,0.0,0.0,0.0,0.0,0.0,0.0,0.0,0.0,0.0,0.0,0.0,0.0,0.0,0.0,0.0,0.0,0.0,0.0,0.0,0.0,0.0,0.0,1.0,0.0,0.0,0.0,0.0,0.0,0.0,0.0,0.0,0.0,0.0,0.0,0.0,0.0,0.0,0.0,0.0,0.0,0.0,0.0,0.0,0.0,0.0,0.0,0.0,0.0,0.0
88ad3609d3fffff,0.0,0.0,0.0,0.0,0.0,0.0,0.0,0.0,0.0,0.0,0.0,0.0,0.0,0.0,0.0,0.0,0.0,0.0,0.0,0.0,1.0,0.0,0.0,0.0,0.0,0.0,0.0,0.0,0.0,0.0,0.0,0.0,0.0,0.0,0.0,0.0,0.0,0.0,0.0,0.0,0.0,0.0,0.0,0.0,0.0,0.0,0.0,0.0,0.0,0.0,0.0,0.0,0.0
88ad360a01fffff,0.0,0.0,0.0,0.0,0.0,0.0,0.0,0.0,0.0,0.0,0.0,0.0,0.0,0.0,0.0,0.0,0.0,0.0,0.0,0.0,0.0,0.0,0.0,0.0,0.0,0.0,0.0,0.0,0.0,0.0,0.0,0.0,0.0,0.0,0.0,0.0,0.0,0.0,0.0,0.0,0.0,0.0,0.0,0.0,0.0,0.0,0.0,0.0,0.0,0.0,1.0,1.0,0.0
88ad360a11fffff,0.0,0.0,0.0,0.0,0.0,0.0,0.0,0.0,0.0,0.0,0.0,0.0,0.0,0.0,0.0,0.0,0.0,0.0,0.0,0.0,0.0,0.0,0.0,0.0,0.0,0.0,0.0,0.0,0.0,1.0,0.0,0.0,0.0,0.0,0.0,0.0,0.0,0.0,0.0,0.0,0.0,0.0,0.0,0.0,0.0,0.0,0.0,0.0,0.0,0.0,0.0,1.0,0.0
88ad360a13fffff,0.0,0.0,0.0,1.0,0.0,0.0,0.0,1.0,0.0,0.0,0.0,0.0,0.0,0.0,0.0,0.0,0.0,0.0,0.0,0.0,0.0,0.0,0.0,0.0,1.0,0.0,0.0,0.0,1.0,0.0,2.0,0.0,0.0,0.0,0.0,1.0,0.0,0.0,0.0,0.0,0.0,0.0,0.0,0.0,1.0,0.0,0.0,1.0,1.0,0.0,0.0,0.0,0.0
88ad360a19fffff,0.0,0.0,0.0,0.0,0.0,0.0,1.0,0.0,0.0,0.0,0.0,0.0,0.0,0.0,0.0,0.0,0.0,0.0,0.0,0.0,0.0,0.0,0.0,0.0,0.0,0.0,0.0,0.0,0.0,0.0,0.0,0.0,0.0,0.0,0.0,0.0,0.0,0.0,1.0,0.0,0.0,1.0,0.0,0.0,1.0,0.0,0.0,0.0,0.0,0.0,0.0,0.0,0.0
88ad360a1bfffff,0.0,0.0,0.0,0.0,0.0,0.0,0.0,0.0,0.0,0.0,0.0,0.0,0.0,0.0,0.0,0.0,0.0,0.0,0.0,0.0,0.0,0.0,0.0,0.0,0.0,0.0,0.0,0.0,0.0,0.0,0.0,0.0,1.0,0.0,0.0,0.0,0.0,1.0,0.0,0.0,0.0,0.0,0.0,0.0,0.0,0.0,0.0,0.0,0.0,0.0,0.0,0.0,0.0
88ad360a1dfffff,0.0,0.0,0.0,0.0,0.0,0.0,0.0,0.0,0.0,0.0,0.0,0.0,0.0,0.0,0.0,0.0,0.0,0.0,0.0,0.0,0.0,0.0,0.0,0.0,0.0,0.0,0.0,0.0,0.0,0.0,0.0,1.0,0.0,0.0,0.0,0.0,0.0,0.0,0.0,0.0,0.0,0.0,0.0,0.0,0.0,0.0,0.0,0.0,0.0,0.0,0.0,0.0,1.0
88ad360a41fffff,0.0,0.0,0.0,0.0,0.0,0.0,1.0,3.0,0.0,0.0,0.0,0.0,0.0,0.0,0.0,0.0,0.0,0.0,0.0,0.0,0.0,0.0,0.0,0.0,0.0,0.0,0.0,0.0,0.0,1.0,0.0,0.0,0.0,0.0,0.0,0.0,0.0,0.0,0.0,0.0,0.0,0.0,0.0,0.0,0.0,0.0,0.0,0.0,0.0,0.0,0.0,0.0,0.0
88ad360a43fffff,0.0,0.0,0.0,0.0,0.0,0.0,0.0,0.0,0.0,0.0,0.0,0.0,0.0,0.0,0.0,0.0,0.0,0.0,0.0,0.0,0.0,0.0,0.0,0.0,0.0,0.0,0.0,0.0,0.0,0.0,0.0,0.0,0.0,1.0,0.0,0.0,0.0,0.0,0.0,0.0,0.0,0.0,0.0,1.0,0.0,0.0,0.0,0.0,0.0,0.0,0.0,0.0,1.0
88ad360a49fffff,0.0,0.0,0.0,0.0,1.0,0.0,0.0,0.0,0.0,0.0,0.0,1.0,0.0,0.0,0.0,1.0,0.0,0.0,0.0,1.0,0.0,0.0,0.0,0.0,0.0,1.0,0.0,0.0,1.0,0.0,1.0,0.0,0.0,0.0,0.0,0.0,0.0,0.0,0.0,0.0,1.0,0.0,0.0,0.0,1.0,0.0,1.0,1.0,0.0,0.0,0.0,1.0,0.0
88ad360a4bfffff,0.0,0.0,0.0,0.0,0.0,0.0,1.0,0.0,0.0,0.0,0.0,0.0,0.0,0.0,0.0,0.0,0.0,0.0,0.0,0.0,0.0,0.0,0.0,0.0,0.0,0.0,0.0,0.0,0.0,0.0,0.0,0.0,0.0,0.0,0.0,0.0,0.0,0.0,0.0,0.0,0.0,0.0,0.0,0.0,1.0,0.0,0.0,0.0,0.0,0.0,0.0,0.0,0.0
88ad360a4dfffff,0.0,0.0,0.0,0.0,0.0,0.0,0.0,0.0,0.0,0.0,0.0,0.0,0.0,0.0,0.0,0.0,0.0,0.0,0.0,0.0,1.0,0.0,0.0,0.0,0.0,0.0,0.0,0.0,0.0,0.0,0.0,0.0,0.0,0.0,0.0,0.0,0.0,0.0,0.0,0.0,0.0,0.0,0.0,0.0,0.0,0.0,0.0,0.0,0.0,0.0,0.0,0.0,0.0
88ad360a51fffff,0.0,0.0,0.0,0.0,0.0,0.0,1.0,0.0,0.0,0.0,0.0,0.0,0.0,0.0,0.0,0.0,0.0,0.0,0.0,0.0,0.0,0.0,0.0,0.0,0.0,0.0,0.0,0.0,0.0,0.0,0.0,0.0,0.0,0.0,0.0,0.0,0.0,0.0,0.0,0.0,0.0,1.0,0.0,0.0,0.0,0.0,0.0,0.0,0.0,0.0,0.0,0.0,0.0
88ad360a53fffff,0.0,0.0,0.0,0.0,0.0,0.0,0.0,0.0,0.0,0.0,0.0,0.0,0.0,0.0,0.0,0.0,0.0,0.0,0.0,0.0,0.0,0.0,0.0,1.0,0.0,0.0,0.0,0.0,0.0,1.0,0.0,0.0,0.0,0.0,0.0,0.0,0.0,0.0,0.0,0.0,0.0,0.0,0.0,1.0,1.0,0.0,0.0,0.0,0.0,0.0,0.0,0.0,0.0
88ad360a55fffff,0.0,0.0,0.0,0.0,1.0,0.0,0.0,0.0,0.0,0.0,0.0,0.0,0.0,0.0,0.0,0.0,0.0,0.0,0.0,0.0,0.0,0.0,0.0,0.0,0.0,0.0,0.0,0.0,0.0,0.0,0.0,0.0,0.0,0.0,0.0,0.0,0.0,0.0,0.0,0.0,0.0,0.0,0.0,0.0,0.0,0.0,0.0,0.0,0.0,0.0,0.0,0.0,0.0
88ad360a59fffff,0.0,0.0,0.0,0.0,0.0,0.0,0.0,0.0,0.0,0.0,0.0,0.0,0.0,0.0,0.0,0.0,1.0,0.0,0.0,0.0,0.0,0.0,0.0,0.0,0.0,0.0,0.0,0.0,0.0,0.0,0.0,0.0,0.0,0.0,0.0,0.0,0.0,0.0,0.0,0.0,0.0,0.0,0.0,0.0,0.0,0.0,0.0,0.0,0.0,0.0,0.0,1.0,0.0
88ad360a67fffff,0.0,0.0,0.0,0.0,0.0,0.0,0.0,0.0,0.0,0.0,0.0,0.0,0.0,0.0,0.0,0.0,0.0,0.0,0.0,0.0,0.0,0.0,0.0,0.0,0.0,0.0,0.0,0.0,0.0,0.0,0.0,0.0,0.0,0.0,0.0,0.0,0.0,0.0,0.0,1.0,0.0,1.0,0.0,0.0,0.0,0.0,1.0,1.0,0.0,0.0,0.0,1.0,0.0
88ad360a6dfffff,0.0,0.0,0.0,0.0,0.0,0.0,0.0,0.0,0.0,0.0,0.0,0.0,0.0,0.0,0.0,0.0,0.0,0.0,0.0,0.0,0.0,0.0,0.0,0.0,0.0,0.0,1.0,0.0,0.0,0.0,0.0,0.0,0.0,0.0,0.0,0.0,0.0,0.0,0.0,0.0,0.0,0.0,0.0,0.0,0.0,0.0,0.0,1.0,0.0,2.0,0.0,0.0,0.0
88ad360a81fffff,0.0,0.0,0.0,0.0,0.0,0.0,0.0,1.0,1.0,0.0,0.0,0.0,0.0,0.0,0.0,0.0,1.0,0.0,0.0,0.0,0.0,0.0,0.0,0.0,0.0,1.0,0.0,0.0,0.0,0.0,0.0,0.0,0.0,0.0,0.0,0.0,1.0,0.0,0.0,0.0,0.0,0.0,0.0,0.0,1.0,0.0,0.0,1.0,2.0,0.0,0.0,0.0,0.0
88ad360a83fffff,0.0,1.0,0.0,1.0,0.0,0.0,0.0,0.0,1.0,0.0,1.0,1.0,0.0,0.0,0.0,0.0,3.0,0.0,0.0,1.0,0.0,0.0,1.0,0.0,0.0,0.0,0.0,0.0,2.0,0.0,1.0,0.0,0.0,1.0,2.0,0.0,2.0,0.0,1.0,0.0,0.0,2.0,0.0,4.0,0.0,1.0,1.0,0.0,1.0,0.0,0.0,0.0,0.0
88ad360a85fffff,0.0,1.0,0.0,0.0,0.0,0.0,1.0,0.0,0.0,1.0,0.0,1.0,0.0,0.0,0.0,1.0,1.0,0.0,0.0,0.0,0.0,0.0,0.0,0.0,0.0,0.0,0.0,0.0,1.0,0.0,0.0,0.0,1.0,0.0,0.0,4.0,0.0,1.0,0.0,0.0,0.0,0.0,0.0,0.0,0.0,1.0,0.0,0.0,0.0,1.0,1.0,1.0,0.0
88ad360a87fffff,0.0,0.0,0.0,0.0,0.0,0.0,0.0,0.0,0.0,0.0,0.0,0.0,0.0,0.0,0.0,0.0,0.0,0.0,0.0,0.0,0.0,0.0,0.0,0.0,0.0,0.0,0.0,0.0,0.0,0.0,0.0,0.0,0.0,0.0,0.0,0.0,0.0,0.0,1.0,0.0,0.0,0.0,0.0,0.0,0.0,0.0,0.0,0.0,0.0,0.0,0.0,0.0,0.0
88ad360a8bfffff,0.0,1.0,0.0,0.0,1.0,0.0,0.0,0.0,0.0,0.0,0.0,1.0,0.0,0.0,0.0,0.0,0.0,0.0,0.0,0.0,1.0,0.0,0.0,0.0,0.0,0.0,0.0,0.0,0.0,1.0,0.0,0.0,0.0,0.0,0.0,0.0,1.0,0.0,1.0,1.0,0.0,1.0,0.0,0.0,0.0,0.0,0.0,0.0,0.0,0.0,0.0,0.0,0.0
88ad360a99fffff,0.0,0.0,0.0,0.0,1.0,2.0,0.0,0.0,0.0,2.0,0.0,0.0,0.0,0.0,0.0,0.0,0.0,0.0,0.0,0.0,0.0,0.0,0.0,0.0,0.0,0.0,0.0,1.0,0.0,0.0,0.0,1.0,0.0,0.0,0.0,0.0,0.0,0.0,0.0,1.0,0.0,0.0,1.0,0.0,1.0,0.0,1.0,0.0,0.0,0.0,0.0,0.0,1.0
88ad360a9bfffff,0.0,0.0,0.0,0.0,0.0,0.0,0.0,0.0,0.0,0.0,0.0,0.0,0.0,0.0,0.0,0.0,0.0,0.0,0.0,0.0,0.0,0.0,0.0,0.0,0.0,0.0,0.0,0.0,0.0,0.0,0.0,0.0,0.0,0.0,0.0,1.0,0.0,0.0,0.0,0.0,0.0,0.0,0.0,0.0,0.0,0.0,0.0,0.0,0.0,0.0,0.0,0.0,0.0
88ad360a9dfffff,0.0,0.0,0.0,0.0,1.0,2.0,1.0,1.0,0.0,0.0,0.0,0.0,0.0,0.0,0.0,0.0,0.0,0.0,0.0,0.0,0.0,0.0,1.0,0.0,0.0,0.0,1.0,0.0,1.0,1.0,0.0,1.0,1.0,0.0,0.0,0.0,0.0,2.0,1.0,1.0,0.0,0.0,1.0,1.0,1.0,0.0,1.0,0.0,1.0,0.0,0.0,0.0,0.0
88ad360ab9fffff,0.0,0.0,0.0,0.0,0.0,0.0,0.0,0.0,0.0,0.0,0.0,0.0,0.0,0.0,0.0,0.0,0.0,0.0,0.0,0.0,0.0,1.0,0.0,0.0,1.0,0.0,0.0,0.0,0.0,0.0,0.0,0.0,0.0,0.0,1.0,0.0,0.0,1.0,0.0,0.0,0.0,0.0,0.0,0.0,0.0,0.0,0.0,0.0,0.0,0.0,0.0,0.0,0.0
88ad360ac3fffff,0.0,0.0,0.0,0.0,0.0,0.0,1.0,0.0,0.0,2.0,0.0,0.0,0.0,0.0,0.0,0.0,0.0,0.0,0.0,1.0,0.0,0.0,0.0,0.0,0.0,0.0,0.0,0.0,4.0,1.0,0.0,1.0,0.0,0.0,0.0,0.0,0.0,3.0,2.0,0.0,0.0,3.0,2.0,3.0,0.0,0.0,0.0,0.0,1.0,0.0,1.0,0.0,0.0
88ad360ac7fffff,0.0,0.0,0.0,0.0,0.0,0.0,0.0,0.0,0.0,0.0,0.0,0.0,0.0,0.0,0.0,0.0,0.0,0.0,0.0,0.0,0.0,0.0,0.0,0.0,0.0,0.0,0.0,0.0,0.0,0.0,0.0,0.0,1.0,0.0,0.0,0.0,0.0,0.0,0.0,0.0,0.0,0.0,0.0,0.0,0.0,0.0,0.0,0.0,0.0,0.0,0.0,0.0,0.0
88ad360ad7fffff,0.0,1.0,0.0,0.0,0.0,0.0,0.0,0.0,0.0,0.0,0.0,0.0,0.0,0.0,0.0,0.0,0.0,0.0,0.0,0.0,0.0,0.0,0.0,0.0,0.0,0.0,1.0,0.0,0.0,0.0,0.0,0.0,0.0,0.0,0.0,0.0,0.0,0.0,0.0,0.0,0.0,0.0,1.0,0.0,0.0,0.0,0.0,0.0,0.0,0.0,0.0,0.0,0.0
88ad360ae3fffff,0.0,0.0,0.0,0.0,0.0,0.0,0.0,0.0,0.0,0.0,0.0,0.0,0.0,0.0,0.0,0.0,1.0,0.0,0.0,0.0,0.0,0.0,0.0,0.0,0.0,0.0,0.0,0.0,0.0,0.0,0.0,0.0,0.0,0.0,0.0,1.0,0.0,0.0,0.0,0.0,0.0,0.0,0.0,0.0,0.0,0.0,0.0,0.0,0.0,0.0,0.0,0.0,0.0
88ad360aebfffff,0.0,0.0,0.0,0.0,0.0,0.0,0.0,0.0,0.0,0.0,0.0,0.0,0.0,0.0,0.0,0.0,0.0,0.0,0.0,0.0,0.0,0.0,0.0,0.0,0.0,0.0,0.0,0.0,0.0,0.0,0.0,0.0,0.0,0.0,0.0,0.0,0.0,0.0,0.0,0.0,0.0,0.0,0.0,0.0,0.0,0.0,0.0,0.0,0.0,0.0,0.0,1.0,0.0
88ad360b0bfffff,0.0,0.0,0.0,0.0,0.0,1.0,0.0,0.0,0.0,0.0,0.0,0.0,0.0,0.0,0.0,0.0,0.0,0.0,0.0,0.0,0.0,0.0,0.0,0.0,0.0,0.0,0.0,0.0,0.0,0.0,0.0,0.0,0.0,0.0,0.0,0.0,0.0,0.0,0.0,0.0,0.0,0.0,0.0,0.0,0.0,0.0,0.0,0.0,0.0,0.0,0.0,0.0,0.0
88ad360b0dfffff,0.0,0.0,0.0,0.0,0.0,0.0,0.0,0.0,0.0,0.0,0.0,0.0,0.0,0.0,0.0,0.0,0.0,0.0,0.0,0.0,1.0,0.0,0.0,0.0,0.0,0.0,0.0,0.0,0.0,0.0,0.0,0.0,0.0,0.0,0.0,0.0,0.0,0.0,0.0,0.0,0.0,0.0,0.0,0.0,0.0,0.0,0.0,0.0,0.0,0.0,0.0,0.0,0.0
88ad360b13fffff,0.0,0.0,0.0,0.0,0.0,0.0,0.0,0.0,0.0,0.0,0.0,0.0,0.0,0.0,0.0,0.0,0.0,0.0,0.0,0.0,0.0,0.0,0.0,0.0,0.0,0.0,0.0,0.0,0.0,0.0,0.0,0.0,0.0,0.0,0.0,0.0,0.0,0.0,0.0,0.0,0.0,0.0,0.0,0.0,0.0,0.0,0.0,0.0,0.0,1.0,0.0,0.0,0.0
88ad360b25fffff,0.0,0.0,0.0,0.0,0.0,0.0,0.0,0.0,0.0,0.0,0.0,0.0,0.0,0.0,0.0,0.0,0.0,0.0,0.0,0.0,0.0,0.0,0.0,0.0,0.0,0.0,0.0,0.0,0.0,0.0,0.0,0.0,0.0,0.0,0.0,0.0,0.0,0.0,1.0,0.0,0.0,0.0,0.0,0.0,0.0,0.0,0.0,0.0,0.0,0.0,0.0,0.0,0.0
88ad360b29fffff,0.0,0.0,0.0,0.0,0.0,0.0,0.0,0.0,0.0,0.0,0.0,0.0,0.0,0.0,0.0,0.0,0.0,0.0,0.0,0.0,0.0,0.0,0.0,0.0,0.0,0.0,0.0,0.0,0.0,0.0,1.0,0.0,0.0,0.0,0.0,0.0,0.0,0.0,0.0,0.0,0.0,0.0,0.0,1.0,0.0,0.0,0.0,0.0,0.0,0.0,0.0,0.0,0.0
88ad360b57fffff,0.0,0.0,0.0,0.0,0.0,1.0,0.0,0.0,0.0,0.0,0.0,0.0,0.0,0.0,0.0,0.0,0.0,0.0,0.0,0.0,0.0,0.0,1.0,0.0,0.0,0.0,0.0,0.0,0.0,0.0,0.0,0.0,0.0,0.0,0.0,0.0,0.0,0.0,0.0,0.0,0.0,0.0,0.0,0.0,0.0,0.0,0.0,0.0,0.0,0.0,0.0,0.0,0.0
88ad360c27fffff,0.0,0.0,0.0,0.0,0.0,0.0,0.0,0.0,0.0,0.0,0.0,0.0,0.0,0.0,0.0,0.0,0.0,0.0,0.0,0.0,0.0,0.0,0.0,0.0,0.0,0.0,0.0,0.0,0.0,0.0,0.0,0.0,0.0,0.0,0.0,1.0,0.0,0.0,0.0,0.0,0.0,0.0,0.0,0.0,0.0,0.0,1.0,0.0,0.0,0.0,0.0,0.0,0.0
88ad360c2dfffff,0.0,0.0,0.0,1.0,2.0,0.0,0.0,0.0,0.0,0.0,0.0,0.0,0.0,0.0,0.0,0.0,0.0,0.0,0.0,0.0,0.0,0.0,1.0,0.0,0.0,1.0,0.0,2.0,0.0,0.0,0.0,0.0,0.0,0.0,1.0,0.0,0.0,0.0,1.0,1.0,0.0,0.0,1.0,0.0,0.0,0.0,0.0,1.0,0.0,0.0,0.0,0.0,0.0
88ad360c61fffff,1.0,7.0,5.0,5.0,8.0,1.0,4.0,5.0,3.0,3.0,7.0,5.0,4.0,1.0,2.0,3.0,4.0,4.0,4.0,4.0,2.0,7.0,4.0,4.0,3.0,3.0,2.0,8.0,8.0,5.0,4.0,3.0,9.0,0.0,2.0,6.0,2.0,2.0,0.0,2.0,6.0,6.0,5.0,5.0,1.0,5.0,6.0,5.0,2.0,3.0,2.0,4.0,2.0
88ad360c67fffff,7.0,9.0,7.0,8.0,16.0,6.0,1.0,2.0,12.0,6.0,5.0,5.0,4.0,2.0,3.0,2.0,3.0,6.0,6.0,2.0,2.0,14.0,2.0,1.0,2.0,3.0,3.0,4.0,6.0,5.0,2.0,10.0,3.0,2.0,3.0,5.0,1.0,4.0,4.0,6.0,3.0,4.0,5.0,2.0,3.0,4.0,4.0,7.0,0.0,2.0,1.0,0.0,3.0
88ad360c69fffff,1.0,4.0,1.0,2.0,6.0,1.0,0.0,5.0,1.0,5.0,3.0,1.0,2.0,0.0,0.0,1.0,4.0,0.0,2.0,3.0,3.0,3.0,5.0,2.0,0.0,1.0,3.0,21.0,9.0,1.0,2.0,3.0,4.0,1.0,6.0,3.0,6.0,6.0,2.0,0.0,5.0,6.0,7.0,0.0,0.0,6.0,5.0,3.0,3.0,5.0,0.0,1.0,1.0
88ad360d09fffff,0.0,0.0,0.0,0.0,0.0,0.0,0.0,0.0,0.0,0.0,0.0,0.0,0.0,0.0,0.0,0.0,0.0,0.0,0.0,0.0,0.0,0.0,0.0,0.0,0.0,0.0,0.0,0.0,0.0,0.0,0.0,0.0,0.0,0.0,0.0,0.0,0.0,1.0,1.0,1.0,0.0,0.0,0.0,0.0,0.0,0.0,0.0,0.0,0.0,0.0,0.0,1.0,0.0
88ad360d0bfffff,0.0,0.0,0.0,0.0,0.0,0.0,0.0,0.0,0.0,0.0,0.0,0.0,0.0,0.0,0.0,0.0,0.0,0.0,0.0,0.0,1.0,0.0,0.0,0.0,0.0,0.0,0.0,0.0,0.0,0.0,0.0,0.0,0.0,0.0,0.0,0.0,0.0,0.0,0.0,0.0,0.0,0.0,0.0,0.0,0.0,0.0,0.0,1.0,0.0,0.0,0.0,0.0,0.0
88ad360d0dfffff,0.0,0.0,0.0,0.0,0.0,0.0,0.0,0.0,0.0,0.0,0.0,0.0,0.0,0.0,0.0,0.0,0.0,0.0,0.0,0.0,0.0,0.0,0.0,0.0,0.0,0.0,0.0,0.0,0.0,0.0,0.0,0.0,0.0,0.0,0.0,0.0,0.0,0.0,0.0,0.0,0.0,0.0,0.0,0.0,0.0,1.0,1.0,0.0,0.0,0.0,0.0,0.0,0.0
88ad360d1bfffff,0.0,0.0,0.0,0.0,0.0,0.0,0.0,0.0,0.0,0.0,0.0,0.0,0.0,0.0,0.0,0.0,0.0,0.0,0.0,0.0,1.0,0.0,0.0,0.0,0.0,0.0,0.0,0.0,0.0,0.0,0.0,0.0,0.0,0.0,0.0,0.0,0.0,0.0,0.0,0.0,0.0,0.0,0.0,0.0,0.0,0.0,0.0,0.0,0.0,0.0,0.0,0.0,0.0
88ad360d29fffff,0.0,0.0,0.0,0.0,0.0,0.0,0.0,0.0,0.0,0.0,0.0,0.0,0.0,0.0,0.0,0.0,0.0,0.0,0.0,0.0,1.0,0.0,0.0,0.0,0.0,0.0,0.0,0.0,0.0,0.0,0.0,0.0,0.0,0.0,0.0,0.0,0.0,0.0,0.0,0.0,0.0,0.0,0.0,0.0,0.0,0.0,0.0,0.0,0.0,0.0,0.0,0.0,0.0
88ad360d2dfffff,0.0,0.0,0.0,0.0,0.0,0.0,0.0,0.0,0.0,1.0,0.0,0.0,0.0,0.0,0.0,0.0,0.0,0.0,0.0,0.0,0.0,0.0,0.0,0.0,0.0,0.0,0.0,0.0,0.0,0.0,0.0,0.0,0.0,0.0,0.0,0.0,0.0,0.0,0.0,0.0,0.0,1.0,0.0,0.0,0.0,0.0,0.0,0.0,0.0,0.0,0.0,0.0,0.0
88ad360d3bfffff,0.0,0.0,0.0,0.0,0.0,0.0,0.0,0.0,0.0,0.0,0.0,0.0,0.0,0.0,0.0,0.0,0.0,0.0,0.0,0.0,0.0,0.0,0.0,0.0,0.0,0.0,0.0,0.0,0.0,0.0,0.0,0.0,0.0,0.0,0.0,0.0,0.0,0.0,0.0,0.0,0.0,0.0,0.0,1.0,0.0,0.0,0.0,0.0,0.0,0.0,0.0,0.0,0.0
88ad360d41fffff,0.0,0.0,0.0,0.0,0.0,0.0,1.0,0.0,0.0,0.0,0.0,0.0,0.0,0.0,0.0,0.0,0.0,0.0,0.0,0.0,0.0,0.0,0.0,0.0,0.0,0.0,0.0,0.0,0.0,0.0,0.0,0.0,0.0,0.0,0.0,0.0,0.0,0.0,0.0,0.0,0.0,0.0,0.0,0.0,0.0,0.0,0.0,0.0,0.0,0.0,0.0,0.0,0.0
88ad360d45fffff,0.0,0.0,0.0,0.0,0.0,0.0,0.0,0.0,0.0,0.0,0.0,0.0,0.0,0.0,0.0,0.0,0.0,0.0,0.0,0.0,0.0,0.0,0.0,0.0,0.0,0.0,0.0,0.0,0.0,0.0,0.0,0.0,0.0,0.0,0.0,0.0,0.0,0.0,0.0,0.0,0.0,0.0,0.0,0.0,0.0,0.0,0.0,1.0,0.0,0.0,0.0,0.0,0.0
88ad360d4bfffff,0.0,0.0,0.0,0.0,3.0,0.0,0.0,0.0,0.0,0.0,0.0,0.0,0.0,0.0,0.0,0.0,0.0,0.0,0.0,0.0,2.0,0.0,0.0,0.0,0.0,0.0,0.0,0.0,0.0,0.0,0.0,0.0,0.0,0.0,0.0,0.0,0.0,1.0,0.0,0.0,0.0,0.0,0.0,0.0,0.0,0.0,0.0,1.0,0.0,0.0,0.0,0.0,0.0
88ad360d51fffff,0.0,1.0,0.0,1.0,0.0,0.0,1.0,0.0,1.0,2.0,0.0,0.0,0.0,0.0,0.0,1.0,0.0,0.0,3.0,0.0,0.0,0.0,1.0,0.0,1.0,1.0,0.0,1.0,1.0,0.0,0.0,0.0,3.0,0.0,0.0,1.0,0.0,1.0,0.0,0.0,0.0,0.0,3.0,0.0,0.0,0.0,0.0,1.0,1.0,1.0,1.0,0.0,0.0
88ad360d53fffff,1.0,0.0,0.0,0.0,2.0,0.0,0.0,0.0,0.0,1.0,0.0,0.0,0.0,0.0,0.0,0.0,0.0,0.0,0.0,0.0,0.0,0.0,1.0,0.0,1.0,0.0,0.0,0.0,0.0,1.0,0.0,0.0,0.0,0.0,0.0,0.0,0.0,0.0,0.0,0.0,0.0,0.0,0.0,0.0,0.0,0.0,0.0,2.0,0.0,0.0,0.0,0.0,0.0
88ad360d55fffff,0.0,0.0,0.0,0.0,0.0,0.0,0.0,1.0,0.0,1.0,0.0,0.0,0.0,0.0,0.0,0.0,0.0,0.0,0.0,0.0,0.0,0.0,0.0,0.0,0.0,0.0,0.0,0.0,0.0,0.0,0.0,0.0,0.0,0.0,0.0,0.0,0.0,0.0,1.0,0.0,0.0,0.0,0.0,0.0,0.0,0.0,0.0,0.0,0.0,0.0,0.0,0.0,0.0
88ad360d57fffff,0.0,0.0,0.0,0.0,0.0,0.0,0.0,0.0,0.0,0.0,0.0,0.0,0.0,0.0,0.0,0.0,0.0,0.0,0.0,0.0,0.0,0.0,0.0,0.0,0.0,0.0,0.0,0.0,0.0,0.0,0.0,0.0,0.0,0.0,0.0,0.0,0.0,0.0,0.0,0.0,0.0,0.0,0.0,1.0,0.0,0.0,0.0,0.0,0.0,0.0,0.0,0.0,0.0
88ad360d59fffff,0.0,0.0,0.0,0.0,0.0,0.0,0.0,0.0,0.0,0.0,0.0,0.0,0.0,0.0,0.0,0.0,0.0,0.0,0.0,0.0,0.0,0.0,0.0,0.0,0.0,0.0,0.0,0.0,0.0,0.0,0.0,0.0,0.0,0.0,0.0,0.0,0.0,0.0,0.0,0.0,0.0,0.0,0.0,0.0,0.0,0.0,2.0,0.0,0.0,0.0,0.0,0.0,0.0
88ad360d5bfffff,8.0,6.0,8.0,13.0,13.0,5.0,5.0,4.0,12.0,7.0,11.0,10.0,2.0,3.0,3.0,9.0,3.0,1.0,1.0,2.0,6.0,17.0,4.0,12.0,7.0,8.0,7.0,16.0,5.0,3.0,3.0,4.0,7.0,4.0,4.0,4.0,1.0,0.0,2.0,8.0,5.0,10.0,14.0,3.0,5.0,3.0,7.0,12.0,11.0,4.0,6.0,8.0,0.0
88ad360d5dfffff,0.0,0.0,0.0,0.0,0.0,0.0,0.0,0.0,0.0,0.0,0.0,0.0,0.0,0.0,0.0,0.0,0.0,0.0,0.0,0.0,0.0,0.0,0.0,1.0,0.0,0.0,0.0,0.0,0.0,0.0,0.0,0.0,0.0,0.0,0.0,0.0,0.0,0.0,0.0,0.0,0.0,0.0,0.0,0.0,0.0,0.0,0.0,0.0,0.0,1.0,0.0,0.0,0.0
88ad360d69fffff,0.0,0.0,0.0,0.0,0.0,0.0,0.0,0.0,0.0,0.0,0.0,0.0,0.0,1.0,0.0,0.0,0.0,0.0,0.0,0.0,0.0,0.0,0.0,0.0,0.0,0.0,0.0,0.0,0.0,0.0,0.0,0.0,0.0,0.0,0.0,0.0,0.0,0.0,0.0,0.0,0.0,0.0,0.0,0.0,0.0,0.0,0.0,0.0,0.0,0.0,0.0,0.0,0.0
88ad360da5fffff,0.0,0.0,0.0,0.0,0.0,0.0,0.0,0.0,1.0,0.0,0.0,0.0,0.0,0.0,0.0,0.0,0.0,0.0,0.0,0.0,0.0,0.0,0.0,0.0,0.0,0.0,0.0,0.0,0.0,0.0,0.0,0.0,0.0,0.0,0.0,0.0,0.0,0.0,0.0,0.0,0.0,0.0,0.0,0.0,0.0,0.0,0.0,0.0,0.0,0.0,0.0,0.0,0.0
88ad360dabfffff,0.0,0.0,0.0,0.0,0.0,0.0,0.0,0.0,0.0,0.0,0.0,0.0,0.0,0.0,0.0,0.0,0.0,0.0,0.0,0.0,0.0,0.0,0.0,0.0,0.0,0.0,0.0,0.0,0.0,0.0,0.0,0.0,0.0,0.0,0.0,0.0,0.0,0.0,0.0,0.0,1.0,0.0,0.0,0.0,0.0,0.0,0.0,0.0,0.0,0.0,0.0,0.0,0.0
88ad360e21fffff,0.0,1.0,0.0,1.0,2.0,0.0,0.0,2.0,1.0,2.0,2.0,1.0,0.0,0.0,0.0,0.0,1.0,0.0,0.0,1.0,4.0,1.0,1.0,0.0,0.0,0.0,3.0,0.0,1.0,0.0,2.0,1.0,3.0,2.0,0.0,0.0,1.0,1.0,2.0,0.0,2.0,1.0,0.0,0.0,0.0,0.0,2.0,0.0,0.0,1.0,2.0,0.0,2.0
88ad360e25fffff,2.0,3.0,4.0,8.0,12.0,8.0,4.0,3.0,0.0,1.0,3.0,4.0,3.0,2.0,1.0,3.0,3.0,3.0,0.0,4.0,1.0,4.0,3.0,4.0,3.0,4.0,6.0,5.0,4.0,3.0,2.0,3.0,6.0,6.0,4.0,6.0,2.0,6.0,3.0,9.0,6.0,6.0,4.0,9.0,5.0,3.0,3.0,1.0,5.0,1.0,4.0,1.0,1.0
88ad360e27fffff,2.0,8.0,6.0,12.0,13.0,7.0,16.0,12.0,12.0,7.0,13.0,4.0,3.0,1.0,2.0,0.0,2.0,2.0,10.0,12.0,6.0,5.0,9.0,6.0,6.0,6.0,0.0,5.0,17.0,13.0,6.0,7.0,9.0,14.0,12.0,1.0,11.0,4.0,10.0,10.0,10.0,6.0,14.0,13.0,6.0,3.0,16.0,7.0,10.0,9.0,7.0,3.0,1.0
88ad360e2dfffff,1.0,4.0,2.0,4.0,10.0,0.0,3.0,3.0,4.0,1.0,4.0,4.0,7.0,0.0,1.0,5.0,1.0,1.0,1.0,0.0,2.0,4.0,0.0,0.0,0.0,3.0,0.0,1.0,1.0,1.0,1.0,2.0,1.0,3.0,1.0,0.0,0.0,1.0,2.0,4.0,5.0,2.0,5.0,3.0,1.0,3.0,2.0,1.0,0.0,2.0,1.0,1.0,2.0
88ad360e4dfffff,0.0,0.0,0.0,0.0,0.0,0.0,0.0,0.0,0.0,0.0,0.0,0.0,0.0,0.0,0.0,0.0,0.0,0.0,0.0,0.0,0.0,0.0,0.0,0.0,0.0,0.0,0.0,0.0,0.0,0.0,0.0,0.0,0.0,0.0,0.0,0.0,0.0,0.0,0.0,0.0,0.0,1.0,0.0,0.0,0.0,0.0,0.0,0.0,0.0,0.0,0.0,0.0,0.0
88ad360e63fffff,1.0,0.0,0.0,0.0,0.0,0.0,0.0,0.0,0.0,0.0,0.0,0.0,0.0,0.0,0.0,0.0,0.0,0.0,0.0,0.0,0.0,0.0,0.0,0.0,0.0,0.0,0.0,0.0,0.0,0.0,0.0,0.0,0.0,0.0,0.0,0.0,0.0,0.0,0.0,0.0,0.0,0.0,0.0,0.0,0.0,0.0,0.0,0.0,0.0,0.0,0.0,0.0,0.0
88ad360e65fffff,0.0,0.0,1.0,0.0,0.0,0.0,0.0,0.0,0.0,0.0,0.0,0.0,0.0,0.0,0.0,0.0,0.0,0.0,0.0,0.0,0.0,0.0,0.0,0.0,0.0,0.0,0.0,0.0,0.0,0.0,0.0,0.0,0.0,0.0,0.0,0.0,0.0,0.0,0.0,0.0,0.0,0.0,0.0,0.0,0.0,0.0,0.0,0.0,0.0,0.0,0.0,0.0,0.0
88ad360e67fffff,0.0,0.0,0.0,1.0,3.0,0.0,1.0,1.0,0.0,3.0,0.0,3.0,1.0,1.0,0.0,0.0,0.0,0.0,0.0,0.0,0.0,0.0,0.0,0.0,0.0,6.0,1.0,0.0,1.0,2.0,1.0,0.0,1.0,3.0,0.0,0.0,2.0,0.0,2.0,2.0,1.0,0.0,0.0,4.0,1.0,3.0,4.0,6.0,0.0,1.0,0.0,0.0,1.0
88ad360e69fffff,0.0,0.0,0.0,0.0,0.0,0.0,1.0,0.0,0.0,1.0,0.0,0.0,0.0,0.0,0.0,0.0,0.0,0.0,0.0,0.0,0.0,0.0,0.0,0.0,0.0,0.0,0.0,0.0,0.0,0.0,0.0,0.0,0.0,0.0,0.0,0.0,0.0,0.0,0.0,0.0,0.0,0.0,0.0,0.0,0.0,0.0,0.0,0.0,0.0,0.0,0.0,0.0,0.0
88ad360e6bfffff,0.0,0.0,0.0,0.0,0.0,0.0,0.0,0.0,0.0,0.0,0.0,0.0,0.0,0.0,0.0,0.0,0.0,0.0,0.0,0.0,0.0,0.0,0.0,0.0,0.0,1.0,0.0,0.0,0.0,0.0,0.0,0.0,0.0,0.0,0.0,0.0,0.0,0.0,0.0,0.0,0.0,0.0,0.0,0.0,0.0,0.0,0.0,0.0,0.0,0.0,0.0,0.0,0.0
88ad360f03fffff,0.0,1.0,1.0,0.0,1.0,0.0,0.0,0.0,0.0,0.0,0.0,0.0,0.0,0.0,0.0,0.0,0.0,0.0,0.0,0.0,0.0,0.0,0.0,0.0,0.0,0.0,0.0,0.0,0.0,0.0,0.0,0.0,0.0,0.0,0.0,0.0,0.0,1.0,0.0,0.0,0.0,0.0,0.0,0.0,0.0,0.0,0.0,0.0,0.0,0.0,0.0,0.0,0.0
88ad360f05fffff,0.0,0.0,0.0,0.0,0.0,0.0,1.0,0.0,0.0,0.0,0.0,0.0,0.0,0.0,0.0,0.0,0.0,0.0,0.0,0.0,0.0,0.0,0.0,0.0,0.0,0.0,0.0,0.0,0.0,0.0,0.0,0.0,0.0,0.0,0.0,0.0,0.0,0.0,0.0,0.0,0.0,0.0,0.0,0.0,0.0,0.0,0.0,0.0,0.0,0.0,0.0,0.0,0.0
88ad360f0dfffff,0.0,0.0,0.0,0.0,0.0,0.0,0.0,0.0,0.0,1.0,0.0,0.0,0.0,0.0,0.0,0.0,0.0,0.0,0.0,0.0,0.0,0.0,0.0,0.0,0.0,0.0,0.0,0.0,0.0,0.0,0.0,0.0,0.0,0.0,0.0,0.0,0.0,0.0,0.0,0.0,0.0,0.0,0.0,0.0,0.0,0.0,0.0,0.0,0.0,0.0,0.0,0.0,0.0
88ad360f11fffff,3.0,3.0,6.0,1.0,8.0,2.0,5.0,5.0,4.0,3.0,4.0,3.0,3.0,5.0,4.0,1.0,1.0,1.0,2.0,0.0,1.0,2.0,3.0,2.0,4.0,1.0,1.0,6.0,7.0,2.0,8.0,4.0,1.0,6.0,5.0,4.0,4.0,13.0,4.0,3.0,27.0,11.0,4.0,8.0,2.0,9.0,14.0,1.0,3.0,5.0,2.0,0.0,1.0
88ad360f13fffff,3.0,1.0,4.0,4.0,13.0,2.0,2.0,4.0,2.0,5.0,2.0,4.0,2.0,0.0,0.0,1.0,1.0,0.0,1.0,2.0,1.0,2.0,9.0,4.0,7.0,1.0,2.0,8.0,4.0,2.0,5.0,1.0,2.0,2.0,11.0,4.0,1.0,2.0,4.0,5.0,8.0,3.0,4.0,6.0,2.0,1.0,1.0,6.0,2.0,1.0,8.0,2.0,2.0
88ad360f15fffff,0.0,0.0,0.0,0.0,0.0,0.0,0.0,0.0,0.0,0.0,0.0,0.0,0.0,0.0,0.0,0.0,0.0,0.0,0.0,0.0,0.0,0.0,0.0,0.0,0.0,0.0,0.0,0.0,0.0,0.0,0.0,0.0,0.0,0.0,0.0,0.0,0.0,0.0,0.0,0.0,0.0,0.0,0.0,0.0,0.0,0.0,1.0,0.0,0.0,0.0,0.0,0.0,0.0
88ad360f17fffff,0.0,0.0,0.0,0.0,0.0,0.0,0.0,0.0,0.0,0.0,2.0,0.0,1.0,0.0,0.0,0.0,1.0,0.0,0.0,0.0,0.0,0.0,0.0,0.0,0.0,0.0,0.0,0.0,0.0,0.0,0.0,0.0,0.0,1.0,0.0,0.0,2.0,0.0,1.0,1.0,0.0,0.0,0.0,0.0,0.0,0.0,0.0,1.0,0.0,0.0,0.0,0.0,0.0
88ad360f19fffff,0.0,0.0,0.0,0.0,0.0,0.0,0.0,1.0,0.0,0.0,1.0,0.0,0.0,0.0,0.0,0.0,0.0,0.0,0.0,0.0,0.0,0.0,0.0,0.0,0.0,0.0,0.0,0.0,0.0,0.0,0.0,0.0,0.0,0.0,0.0,0.0,0.0,0.0,0.0,0.0,1.0,0.0,0.0,0.0,0.0,0.0,0.0,0.0,0.0,0.0,0.0,0.0,0.0
88ad360f1bfffff,1.0,10.0,11.0,6.0,12.0,12.0,10.0,11.0,5.0,2.0,16.0,7.0,9.0,3.0,1.0,5.0,3.0,1.0,6.0,6.0,2.0,0.0,11.0,4.0,5.0,5.0,16.0,10.0,14.0,3.0,7.0,2.0,11.0,21.0,20.0,14.0,7.0,8.0,5.0,5.0,21.0,5.0,6.0,6.0,8.0,7.0,5.0,17.0,17.0,12.0,5.0,4.0,0.0
88ad360f1dfffff,0.0,0.0,0.0,1.0,0.0,0.0,0.0,0.0,0.0,0.0,0.0,0.0,0.0,0.0,0.0,0.0,0.0,0.0,0.0,0.0,0.0,0.0,0.0,0.0,0.0,0.0,0.0,0.0,0.0,0.0,0.0,0.0,0.0,0.0,0.0,0.0,0.0,0.0,0.0,0.0,0.0,0.0,0.0,0.0,0.0,0.0,1.0,0.0,0.0,0.0,0.0,0.0,0.0
88ad360f21fffff,0.0,0.0,0.0,0.0,0.0,0.0,0.0,0.0,0.0,0.0,0.0,0.0,0.0,0.0,0.0,0.0,0.0,0.0,0.0,0.0,0.0,0.0,0.0,0.0,0.0,0.0,0.0,0.0,0.0,0.0,0.0,0.0,0.0,0.0,1.0,0.0,0.0,0.0,0.0,0.0,0.0,0.0,0.0,0.0,0.0,0.0,0.0,0.0,0.0,0.0,0.0,0.0,0.0
88ad360f23fffff,0.0,0.0,0.0,0.0,0.0,0.0,0.0,0.0,0.0,0.0,0.0,0.0,0.0,0.0,0.0,0.0,0.0,0.0,0.0,0.0,0.0,0.0,0.0,0.0,0.0,0.0,0.0,0.0,0.0,0.0,1.0,0.0,0.0,0.0,0.0,0.0,0.0,0.0,0.0,0.0,0.0,0.0,0.0,0.0,1.0,0.0,0.0,0.0,0.0,0.0,0.0,0.0,0.0
88ad360f27fffff,0.0,0.0,0.0,0.0,0.0,0.0,0.0,0.0,0.0,0.0,0.0,0.0,0.0,0.0,0.0,0.0,0.0,0.0,0.0,0.0,0.0,0.0,0.0,0.0,0.0,0.0,0.0,0.0,0.0,0.0,0.0,1.0,0.0,0.0,0.0,0.0,0.0,0.0,0.0,0.0,0.0,0.0,0.0,0.0,0.0,0.0,0.0,0.0,0.0,0.0,0.0,0.0,0.0
88ad360f29fffff,0.0,0.0,0.0,1.0,0.0,0.0,0.0,0.0,0.0,0.0,0.0,0.0,0.0,0.0,0.0,0.0,0.0,0.0,0.0,0.0,0.0,0.0,0.0,0.0,0.0,0.0,0.0,0.0,0.0,0.0,0.0,0.0,0.0,0.0,0.0,0.0,0.0,0.0,0.0,0.0,0.0,0.0,0.0,0.0,0.0,0.0,0.0,0.0,0.0,0.0,0.0,0.0,0.0
88ad360f2bfffff,0.0,0.0,0.0,0.0,0.0,0.0,0.0,0.0,0.0,0.0,0.0,0.0,0.0,0.0,0.0,0.0,0.0,0.0,0.0,0.0,0.0,0.0,0.0,0.0,0.0,0.0,0.0,0.0,0.0,0.0,0.0,0.0,0.0,0.0,0.0,0.0,1.0,0.0,0.0,0.0,1.0,0.0,0.0,0.0,0.0,0.0,0.0,0.0,0.0,0.0,0.0,0.0,0.0
88ad360f31fffff,0.0,0.0,0.0,0.0,0.0,0.0,0.0,0.0,0.0,0.0,0.0,0.0,0.0,0.0,0.0,0.0,0.0,0.0,0.0,0.0,0.0,0.0,0.0,0.0,0.0,0.0,0.0,0.0,0.0,0.0,0.0,0.0,0.0,0.0,0.0,0.0,1.0,0.0,0.0,0.0,0.0,0.0,0.0,0.0,0.0,0.0,0.0,0.0,0.0,0.0,0.0,0.0,0.0
88ad360f33fffff,0.0,0.0,0.0,0.0,0.0,0.0,0.0,0.0,0.0,0.0,0.0,0.0,0.0,0.0,0.0,0.0,0.0,0.0,0.0,0.0,0.0,0.0,0.0,0.0,0.0,0.0,0.0,0.0,0.0,0.0,0.0,0.0,0.0,0.0,0.0,0.0,0.0,0.0,0.0,1.0,0.0,0.0,0.0,0.0,0.0,0.0,0.0,0.0,0.0,0.0,0.0,0.0,0.0
88ad360f37fffff,0.0,0.0,0.0,0.0,0.0,0.0,0.0,0.0,0.0,1.0,0.0,1.0,0.0,0.0,0.0,0.0,0.0,0.0,0.0,0.0,0.0,0.0,0.0,0.0,0.0,0.0,0.0,0.0,0.0,0.0,0.0,0.0,0.0,0.0,0.0,0.0,0.0,0.0,0.0,0.0,0.0,0.0,1.0,0.0,0.0,0.0,0.0,0.0,0.0,0.0,0.0,0.0,0.0
88ad360f3bfffff,0.0,0.0,0.0,0.0,0.0,0.0,0.0,0.0,0.0,0.0,0.0,0.0,0.0,0.0,0.0,0.0,0.0,0.0,0.0,0.0,0.0,0.0,0.0,0.0,0.0,0.0,0.0,0.0,0.0,0.0,0.0,0.0,0.0,0.0,0.0,0.0,0.0,0.0,1.0,0.0,0.0,0.0,0.0,0.0,0.0,0.0,0.0,1.0,0.0,0.0,0.0,0.0,0.0
88ad360f45fffff,0.0,0.0,0.0,0.0,0.0,1.0,0.0,0.0,0.0,0.0,0.0,0.0,0.0,0.0,0.0,0.0,0.0,0.0,0.0,0.0,0.0,0.0,0.0,0.0,0.0,0.0,0.0,0.0,0.0,0.0,0.0,0.0,0.0,0.0,0.0,0.0,0.0,0.0,0.0,0.0,0.0,0.0,0.0,0.0,0.0,0.0,0.0,0.0,0.0,0.0,0.0,0.0,0.0
88ad360f4bfffff,0.0,0.0,0.0,0.0,0.0,0.0,0.0,0.0,0.0,0.0,0.0,0.0,0.0,0.0,0.0,0.0,0.0,0.0,0.0,0.0,0.0,0.0,0.0,0.0,0.0,0.0,0.0,0.0,0.0,0.0,0.0,0.0,0.0,0.0,0.0,0.0,0.0,0.0,0.0,0.0,0.0,0.0,0.0,0.0,0.0,0.0,0.0,0.0,0.0,0.0,1.0,0.0,0.0
88ad360f4dfffff,0.0,0.0,0.0,0.0,0.0,0.0,0.0,0.0,0.0,0.0,0.0,0.0,0.0,0.0,0.0,0.0,0.0,0.0,0.0,0.0,0.0,0.0,0.0,0.0,0.0,0.0,0.0,0.0,1.0,0.0,0.0,0.0,0.0,0.0,0.0,0.0,0.0,0.0,0.0,0.0,0.0,0.0,0.0,0.0,0.0,0.0,0.0,0.0,0.0,0.0,0.0,0.0,0.0
88ad360f51fffff,0.0,0.0,0.0,0.0,0.0,0.0,0.0,0.0,0.0,0.0,0.0,0.0,0.0,0.0,0.0,0.0,0.0,0.0,0.0,0.0,0.0,0.0,0.0,0.0,0.0,0.0,0.0,0.0,0.0,0.0,0.0,0.0,0.0,0.0,0.0,0.0,0.0,0.0,0.0,0.0,0.0,0.0,0.0,0.0,0.0,0.0,0.0,1.0,0.0,0.0,0.0,0.0,1.0
88ad360f53fffff,2.0,0.0,0.0,0.0,1.0,0.0,0.0,1.0,0.0,1.0,2.0,0.0,1.0,0.0,0.0,0.0,0.0,0.0,1.0,0.0,0.0,0.0,0.0,0.0,1.0,1.0,2.0,0.0,2.0,0.0,1.0,0.0,1.0,0.0,0.0,0.0,0.0,1.0,0.0,0.0,1.0,1.0,0.0,0.0,1.0,1.0,0.0,1.0,0.0,2.0,0.0,0.0,0.0
88ad360f5bfffff,0.0,0.0,0.0,0.0,1.0,1.0,0.0,0.0,0.0,0.0,0.0,0.0,0.0,0.0,0.0,0.0,0.0,0.0,0.0,0.0,0.0,0.0,0.0,0.0,0.0,0.0,0.0,0.0,0.0,0.0,0.0,0.0,0.0,1.0,0.0,0.0,0.0,0.0,0.0,0.0,0.0,1.0,1.0,0.0,0.0,0.0,0.0,1.0,0.0,0.0,0.0,1.0,0.0
88ad360f61fffff,0.0,0.0,0.0,0.0,0.0,0.0,0.0,0.0,0.0,0.0,0.0,0.0,0.0,0.0,0.0,0.0,0.0,0.0,0.0,0.0,0.0,0.0,0.0,0.0,0.0,0.0,0.0,0.0,1.0,0.0,0.0,0.0,0.0,0.0,0.0,0.0,0.0,0.0,0.0,0.0,0.0,0.0,0.0,0.0,0.0,0.0,0.0,0.0,0.0,0.0,0.0,0.0,0.0
88ad360f67fffff,0.0,0.0,0.0,0.0,0.0,0.0,0.0,0.0,0.0,0.0,0.0,0.0,0.0,0.0,0.0,1.0,0.0,0.0,0.0,0.0,0.0,0.0,0.0,0.0,0.0,0.0,0.0,0.0,0.0,0.0,0.0,0.0,0.0,0.0,0.0,0.0,0.0,0.0,0.0,0.0,0.0,0.0,0.0,0.0,0.0,0.0,0.0,0.0,0.0,0.0,0.0,0.0,0.0
88ad360f69fffff,0.0,0.0,0.0,0.0,0.0,0.0,0.0,0.0,0.0,0.0,0.0,0.0,0.0,0.0,0.0,0.0,0.0,0.0,0.0,0.0,0.0,0.0,0.0,0.0,0.0,0.0,0.0,0.0,0.0,0.0,0.0,0.0,0.0,0.0,0.0,0.0,0.0,0.0,0.0,0.0,0.0,0.0,0.0,0.0,0.0,0.0,1.0,0.0,0.0,0.0,0.0,0.0,0.0
88ad360f6dfffff,0.0,0.0,0.0,0.0,0.0,0.0,0.0,0.0,0.0,0.0,0.0,0.0,1.0,0.0,0.0,0.0,0.0,0.0,0.0,0.0,0.0,0.0,0.0,0.0,0.0,0.0,0.0,0.0,0.0,0.0,0.0,0.0,0.0,0.0,0.0,0.0,0.0,0.0,0.0,0.0,0.0,0.0,0.0,0.0,0.0,0.0,0.0,0.0,0.0,0.0,0.0,0.0,0.0
88ad361001fffff,14.0,33.0,52.0,41.0,39.0,89.0,34.0,55.0,26.0,37.0,35.0,31.0,14.0,17.0,11.0,16.0,26.0,14.0,13.0,17.0,10.0,17.0,26.0,7.0,21.0,21.0,11.0,38.0,38.0,38.0,45.0,35.0,7.0,25.0,30.0,38.0,86.0,17.0,25.0,32.0,49.0,54.0,27.0,36.0,26.0,32.0,45.0,29.0,16.0,34.0,14.0,26.0,22.0
88ad361003fffff,14.0,29.0,29.0,23.0,32.0,64.0,40.0,40.0,37.0,44.0,45.0,35.0,35.0,20.0,14.0,12.0,11.0,14.0,22.0,12.0,18.0,13.0,21.0,43.0,12.0,16.0,25.0,31.0,26.0,39.0,32.0,29.0,39.0,38.0,42.0,46.0,24.0,34.0,40.0,39.0,36.0,31.0,28.0,41.0,30.0,29.0,23.0,30.0,40.0,23.0,44.0,25.0,23.0
88ad361005fffff,0.0,3.0,2.0,2.0,9.0,4.0,4.0,9.0,2.0,2.0,2.0,4.0,2.0,1.0,0.0,0.0,2.0,1.0,0.0,1.0,2.0,1.0,1.0,1.0,1.0,3.0,2.0,1.0,0.0,1.0,3.0,6.0,1.0,3.0,2.0,3.0,1.0,15.0,7.0,7.0,3.0,1.0,8.0,2.0,5.0,4.0,3.0,3.0,4.0,4.0,5.0,1.0,1.0
88ad361007fffff,4.0,8.0,4.0,7.0,12.0,20.0,9.0,10.0,20.0,13.0,15.0,6.0,7.0,6.0,6.0,8.0,6.0,5.0,8.0,6.0,5.0,7.0,11.0,10.0,8.0,12.0,12.0,11.0,12.0,13.0,8.0,10.0,12.0,11.0,16.0,20.0,16.0,8.0,15.0,8.0,9.0,16.0,7.0,13.0,8.0,13.0,10.0,13.0,8.0,17.0,6.0,11.0,6.0
88ad361009fffff,32.0,84.0,96.0,58.0,60.0,60.0,124.0,89.0,71.0,53.0,66.0,79.0,38.0,41.0,41.0,41.0,25.0,47.0,61.0,50.0,39.0,40.0,51.0,39.0,48.0,46.0,62.0,60.0,61.0,99.0,85.0,73.0,52.0,83.0,75.0,88.0,68.0,61.0,64.0,49.0,103.0,99.0,101.0,88.0,72.0,85.0,65.0,58.0,69.0,67.0,70.0,76.0,52.0
88ad36100bfffff,9.0,30.0,17.0,15.0,18.0,29.0,19.0,25.0,34.0,38.0,26.0,49.0,26.0,29.0,12.0,20.0,26.0,15.0,17.0,16.0,17.0,17.0,27.0,17.0,18.0,36.0,27.0,27.0,33.0,32.0,23.0,27.0,38.0,31.0,20.0,27.0,18.0,27.0,19.0,19.0,26.0,29.0,35.0,24.0,27.0,33.0,21.0,27.0,30.0,38.0,26.0,38.0,22.0
88ad36100dfffff,12.0,25.0,19.0,59.0,22.0,23.0,25.0,28.0,48.0,43.0,33.0,30.0,40.0,37.0,56.0,41.0,29.0,20.0,29.0,26.0,18.0,77.0,35.0,19.0,31.0,32.0,39.0,23.0,34.0,52.0,27.0,25.0,41.0,26.0,39.0,46.0,18.0,19.0,15.0,27.0,65.0,20.0,22.0,32.0,6.0,13.0,12.0,15.0,28.0,19.0,11.0,20.0,7.0
88ad361011fffff,8.0,14.0,11.0,15.0,16.0,16.0,16.0,31.0,17.0,30.0,24.0,29.0,16.0,14.0,11.0,8.0,3.0,12.0,7.0,6.0,4.0,10.0,12.0,12.0,35.0,21.0,16.0,22.0,24.0,23.0,16.0,27.0,14.0,17.0,18.0,36.0,21.0,21.0,23.0,35.0,31.0,18.0,22.0,27.0,26.0,28.0,21.0,12.0,24.0,21.0,26.0,17.0,11.0
88ad361013fffff,10.0,12.0,24.0,18.0,19.0,11.0,13.0,17.0,28.0,20.0,19.0,16.0,16.0,10.0,3.0,7.0,5.0,3.0,7.0,6.0,6.0,14.0,13.0,7.0,11.0,4.0,10.0,15.0,18.0,12.0,18.0,11.0,20.0,22.0,18.0,16.0,17.0,21.0,21.0,18.0,16.0,21.0,17.0,20.0,29.0,9.0,8.0,32.0,17.0,33.0,14.0,11.0,12.0
88ad361015fffff,13.0,38.0,22.0,15.0,17.0,24.0,33.0,25.0,33.0,24.0,25.0,36.0,27.0,13.0,13.0,19.0,8.0,15.0,11.0,26.0,15.0,18.0,11.0,13.0,19.0,10.0,19.0,19.0,38.0,41.0,19.0,23.0,22.0,32.0,40.0,30.0,39.0,27.0,36.0,29.0,28.0,37.0,36.0,38.0,17.0,26.0,29.0,37.0,37.0,22.0,25.0,13.0,25.0
88ad361017fffff,6.0,10.0,24.0,24.0,13.0,12.0,16.0,24.0,14.0,9.0,12.0,7.0,12.0,3.0,4.0,6.0,19.0,5.0,7.0,7.0,8.0,6.0,7.0,20.0,8.0,8.0,13.0,15.0,17.0,21.0,7.0,8.0,22.0,26.0,6.0,17.0,16.0,17.0,25.0,41.0,15.0,14.0,24.0,20.0,15.0,34.0,12.0,20.0,18.0,17.0,25.0,14.0,13.0
88ad361019fffff,15.0,23.0,29.0,22.0,14.0,18.0,17.0,25.0,33.0,18.0,31.0,40.0,34.0,10.0,13.0,7.0,12.0,9.0,4.0,13.0,14.0,30.0,19.0,15.0,18.0,24.0,19.0,35.0,27.0,35.0,23.0,29.0,15.0,26.0,23.0,28.0,37.0,53.0,22.0,19.0,33.0,35.0,27.0,35.0,24.0,19.0,34.0,24.0,16.0,27.0,33.0,16.0,19.0
88ad36101bfffff,5.0,13.0,21.0,18.0,16.0,9.0,9.0,13.0,17.0,7.0,21.0,19.0,14.0,6.0,23.0,21.0,13.0,6.0,2.0,12.0,4.0,18.0,20.0,11.0,23.0,14.0,28.0,9.0,46.0,30.0,20.0,20.0,20.0,39.0,11.0,25.0,22.0,30.0,14.0,30.0,29.0,25.0,27.0,28.0,32.0,13.0,10.0,13.0,8.0,14.0,13.0,18.0,8.0
88ad36101dfffff,19.0,20.0,32.0,24.0,27.0,41.0,28.0,40.0,30.0,32.0,25.0,31.0,31.0,9.0,8.0,14.0,21.0,12.0,11.0,29.0,13.0,11.0,24.0,10.0,24.0,20.0,23.0,20.0,36.0,16.0,22.0,24.0,32.0,35.0,30.0,44.0,25.0,14.0,35.0,27.0,18.0,27.0,19.0,35.0,35.0,26.0,35.0,27.0,32.0,23.0,18.0,29.0,24.0
88ad361021fffff,4.0,15.0,10.0,20.0,21.0,15.0,19.0,20.0,18.0,13.0,11.0,22.0,8.0,4.0,2.0,3.0,5.0,3.0,5.0,9.0,12.0,11.0,14.0,11.0,9.0,8.0,20.0,16.0,4.0,7.0,20.0,38.0,16.0,9.0,19.0,19.0,15.0,20.0,9.0,15.0,20.0,17.0,10.0,11.0,28.0,14.0,18.0,13.0,20.0,20.0,9.0,11.0,13.0
88ad361023fffff,24.0,34.0,21.0,33.0,40.0,24.0,44.0,38.0,33.0,31.0,34.0,24.0,23.0,11.0,22.0,8.0,11.0,17.0,32.0,16.0,27.0,27.0,20.0,32.0,36.0,29.0,36.0,33.0,31.0,31.0,31.0,40.0,42.0,33.0,24.0,55.0,50.0,48.0,35.0,33.0,35.0,49.0,31.0,30.0,43.0,46.0,38.0,38.0,42.0,37.0,25.0,23.0,21.0
88ad361025fffff,11.0,14.0,16.0,10.0,7.0,9.0,12.0,8.0,4.0,9.0,6.0,7.0,7.0,9.0,5.0,5.0,3.0,2.0,5.0,10.0,4.0,7.0,1.0,10.0,4.0,7.0,16.0,5.0,8.0,10.0,19.0,6.0,12.0,8.0,10.0,10.0,15.0,9.0,8.0,4.0,9.0,8.0,6.0,9.0,6.0,13.0,7.0,5.0,10.0,11.0,8.0,2.0,7.0
88ad361027fffff,15.0,24.0,23.0,42.0,44.0,20.0,38.0,17.0,19.0,26.0,24.0,27.0,11.0,13.0,9.0,21.0,18.0,16.0,20.0,14.0,13.0,14.0,13.0,26.0,16.0,22.0,36.0,26.0,20.0,26.0,32.0,27.0,31.0,30.0,20.0,18.0,39.0,15.0,31.0,27.0,62.0,37.0,27.0,29.0,41.0,33.0,33.0,30.0,32.0,38.0,21.0,12.0,32.0
88ad361029fffff,0.0,2.0,1.0,0.0,0.0,0.0,0.0,1.0,0.0,0.0,1.0,0.0,0.0,1.0,0.0,0.0,0.0,0.0,0.0,0.0,0.0,0.0,1.0,0.0,0.0,0.0,0.0,0.0,1.0,0.0,0.0,0.0,0.0,0.0,0.0,0.0,0.0,0.0,0.0,0.0,0.0,0.0,0.0,0.0,0.0,0.0,0.0,0.0,0.0,0.0,0.0,0.0,0.0
88ad36102bfffff,5.0,6.0,2.0,10.0,13.0,7.0,7.0,8.0,6.0,6.0,15.0,5.0,10.0,7.0,2.0,5.0,0.0,8.0,2.0,6.0,9.0,5.0,4.0,14.0,21.0,13.0,12.0,6.0,1.0,5.0,10.0,9.0,5.0,5.0,9.0,17.0,7.0,3.0,9.0,8.0,11.0,6.0,5.0,5.0,13.0,7.0,6.0,8.0,5.0,7.0,4.0,9.0,5.0
88ad36102dfffff,0.0,0.0,0.0,1.0,0.0,0.0,0.0,0.0,0.0,0.0,0.0,0.0,0.0,0.0,0.0,0.0,0.0,0.0,0.0,1.0,0.0,0.0,0.0,0.0,0.0,0.0,0.0,0.0,0.0,0.0,0.0,0.0,0.0,0.0,0.0,0.0,0.0,0.0,0.0,0.0,1.0,0.0,0.0,0.0,0.0,0.0,0.0,1.0,0.0,0.0,0.0,0.0,1.0
88ad361031fffff,28.0,29.0,36.0,31.0,26.0,27.0,30.0,20.0,24.0,27.0,26.0,24.0,27.0,18.0,13.0,16.0,17.0,9.0,28.0,18.0,24.0,29.0,21.0,16.0,23.0,33.0,28.0,39.0,25.0,26.0,13.0,23.0,24.0,30.0,19.0,37.0,20.0,21.0,12.0,41.0,25.0,25.0,35.0,30.0,15.0,28.0,32.0,24.0,23.0,32.0,13.0,27.0,19.0
88ad361033fffff,16.0,36.0,34.0,38.0,40.0,27.0,30.0,21.0,31.0,21.0,34.0,37.0,19.0,12.0,29.0,17.0,14.0,21.0,23.0,29.0,22.0,31.0,31.0,26.0,38.0,25.0,34.0,58.0,32.0,26.0,24.0,46.0,21.0,56.0,27.0,65.0,39.0,35.0,37.0,42.0,38.0,26.0,34.0,32.0,41.0,26.0,44.0,39.0,40.0,53.0,28.0,30.0,18.0
88ad361035fffff,13.0,23.0,12.0,14.0,18.0,12.0,15.0,8.0,18.0,14.0,17.0,10.0,12.0,12.0,7.0,3.0,4.0,10.0,6.0,5.0,7.0,18.0,21.0,22.0,23.0,19.0,14.0,18.0,19.0,11.0,21.0,23.0,12.0,11.0,15.0,16.0,27.0,21.0,17.0,20.0,25.0,20.0,22.0,17.0,13.0,15.0,10.0,8.0,23.0,21.0,16.0,26.0,12.0
88ad361037fffff,18.0,34.0,40.0,20.0,20.0,20.0,33.0,19.0,13.0,32.0,21.0,29.0,35.0,16.0,17.0,16.0,14.0,11.0,22.0,21.0,14.0,15.0,24.0,33.0,15.0,30.0,27.0,18.0,44.0,29.0,25.0,20.0,30.0,36.0,30.0,36.0,27.0,31.0,18.0,53.0,34.0,21.0,21.0,27.0,29.0,32.0,34.0,34.0,23.0,39.0,21.0,30.0,21.0
88ad361039fffff,16.0,23.0,27.0,29.0,17.0,20.0,17.0,28.0,17.0,20.0,14.0,31.0,23.0,13.0,1.0,10.0,8.0,5.0,23.0,16.0,13.0,9.0,11.0,26.0,25.0,27.0,16.0,24.0,29.0,17.0,24.0,23.0,17.0,20.0,18.0,38.0,27.0,21.0,22.0,19.0,38.0,27.0,9.0,28.0,30.0,21.0,16.0,15.0,27.0,20.0,28.0,33.0,16.0
88ad36103bfffff,34.0,62.0,67.0,52.0,51.0,75.0,80.0,65.0,78.0,71.0,53.0,72.0,52.0,28.0,12.0,23.0,13.0,20.0,28.0,26.0,41.0,17.0,31.0,61.0,36.0,27.0,37.0,61.0,51.0,42.0,32.0,55.0,55.0,44.0,49.0,48.0,62.0,69.0,39.0,48.0,68.0,63.0,46.0,51.0,58.0,50.0,54.0,34.0,69.0,62.0,41.0,61.0,20.0
88ad36103dfffff,14.0,29.0,14.0,22.0,24.0,28.0,34.0,22.0,23.0,32.0,39.0,32.0,19.0,6.0,6.0,6.0,6.0,3.0,6.0,11.0,11.0,24.0,20.0,19.0,25.0,24.0,15.0,16.0,12.0,26.0,30.0,36.0,16.0,19.0,35.0,38.0,23.0,20.0,12.0,24.0,24.0,15.0,20.0,20.0,19.0,33.0,19.0,15.0,17.0,28.0,15.0,21.0,20.0
88ad361041fffff,17.0,59.0,34.0,38.0,49.0,44.0,32.0,35.0,42.0,34.0,31.0,32.0,17.0,28.0,30.0,31.0,28.0,22.0,23.0,46.0,21.0,38.0,43.0,46.0,33.0,20.0,38.0,40.0,38.0,38.0,54.0,47.0,57.0,45.0,51.0,63.0,32.0,38.0,59.0,32.0,45.0,38.0,63.0,63.0,51.0,38.0,29.0,42.0,35.0,46.0,40.0,30.0,39.0
88ad361043fffff,16.0,26.0,38.0,23.0,20.0,17.0,14.0,17.0,23.0,23.0,29.0,49.0,25.0,18.0,17.0,12.0,11.0,25.0,19.0,19.0,23.0,25.0,10.0,11.0,24.0,14.0,20.0,25.0,38.0,45.0,22.0,27.0,27.0,36.0,28.0,34.0,23.0,27.0,20.0,29.0,24.0,28.0,27.0,41.0,16.0,41.0,18.0,24.0,21.0,32.0,27.0,17.0,17.0
88ad361045fffff,8.0,27.0,15.0,35.0,22.0,29.0,27.0,22.0,26.0,26.0,34.0,28.0,23.0,24.0,30.0,18.0,24.0,14.0,27.0,24.0,17.0,34.0,23.0,26.0,26.0,29.0,28.0,22.0,36.0,39.0,34.0,30.0,27.0,39.0,32.0,23.0,34.0,22.0,25.0,26.0,36.0,21.0,23.0,19.0,24.0,27.0,16.0,22.0,20.0,16.0,19.0,11.0,16.0
88ad361047fffff,11.0,28.0,11.0,36.0,20.0,25.0,30.0,21.0,25.0,41.0,33.0,34.0,27.0,11.0,25.0,16.0,17.0,18.0,24.0,15.0,14.0,35.0,24.0,27.0,29.0,21.0,29.0,30.0,38.0,30.0,22.0,24.0,33.0,21.0,16.0,23.0,29.0,34.0,10.0,23.0,20.0,13.0,24.0,28.0,14.0,27.0,31.0,19.0,15.0,18.0,14.0,19.0,15.0
88ad361049fffff,15.0,25.0,18.0,28.0,29.0,23.0,36.0,36.0,27.0,29.0,20.0,16.0,12.0,18.0,22.0,12.0,22.0,22.0,25.0,18.0,16.0,29.0,16.0,26.0,28.0,27.0,35.0,26.0,19.0,24.0,13.0,22.0,22.0,27.0,35.0,35.0,20.0,19.0,23.0,20.0,25.0,45.0,52.0,48.0,25.0,40.0,21.0,22.0,16.0,22.0,17.0,22.0,37.0
88ad36104bfffff,9.0,24.0,12.0,12.0,16.0,21.0,13.0,23.0,13.0,12.0,31.0,20.0,11.0,15.0,10.0,4.0,10.0,19.0,10.0,18.0,10.0,16.0,11.0,6.0,10.0,20.0,22.0,14.0,18.0,19.0,20.0,33.0,33.0,7.0,21.0,20.0,23.0,37.0,17.0,29.0,21.0,32.0,32.0,20.0,22.0,26.0,15.0,13.0,21.0,20.0,14.0,14.0,16.0
88ad36104dfffff,6.0,32.0,21.0,28.0,27.0,15.0,28.0,36.0,25.0,33.0,44.0,33.0,29.0,25.0,12.0,16.0,21.0,8.0,8.0,13.0,22.0,25.0,12.0,12.0,9.0,20.0,28.0,29.0,27.0,48.0,25.0,24.0,36.0,41.0,43.0,36.0,36.0,31.0,24.0,31.0,22.0,30.0,64.0,21.0,33.0,20.0,13.0,30.0,13.0,22.0,17.0,12.0,14.0
88ad361051fffff,27.0,75.0,43.0,46.0,99.0,81.0,69.0,87.0,56.0,79.0,57.0,60.0,27.0,19.0,24.0,23.0,21.0,28.0,17.0,22.0,37.0,27.0,33.0,22.0,28.0,26.0,32.0,52.0,49.0,44.0,56.0,73.0,70.0,44.0,64.0,60.0,70.0,51.0,55.0,56.0,75.0,49.0,64.0,58.0,63.0,66.0,55.0,36.0,78.0,62.0,65.0,33.0,37.0
88ad361053fffff,1.0,12.0,6.0,14.0,9.0,15.0,8.0,16.0,12.0,11.0,8.0,16.0,7.0,6.0,5.0,2.0,3.0,2.0,3.0,4.0,6.0,4.0,5.0,7.0,7.0,11.0,11.0,5.0,13.0,12.0,8.0,7.0,10.0,9.0,10.0,17.0,21.0,8.0,11.0,15.0,15.0,8.0,18.0,12.0,12.0,11.0,11.0,13.0,10.0,13.0,13.0,9.0,2.0
88ad361055fffff,10.0,24.0,21.0,18.0,34.0,17.0,26.0,31.0,19.0,24.0,19.0,22.0,13.0,18.0,17.0,12.0,10.0,12.0,24.0,26.0,18.0,13.0,21.0,17.0,9.0,31.0,46.0,23.0,29.0,17.0,29.0,18.0,21.0,21.0,30.0,48.0,24.0,19.0,30.0,17.0,21.0,32.0,20.0,28.0,33.0,28.0,14.0,25.0,34.0,22.0,24.0,14.0,8.0
88ad361057fffff,8.0,24.0,26.0,10.0,37.0,35.0,41.0,27.0,40.0,27.0,29.0,19.0,28.0,12.0,19.0,17.0,10.0,18.0,17.0,11.0,14.0,22.0,24.0,22.0,22.0,26.0,27.0,34.0,56.0,27.0,27.0,43.0,41.0,39.0,15.0,23.0,19.0,31.0,39.0,32.0,41.0,22.0,22.0,25.0,24.0,35.0,42.0,34.0,33.0,42.0,21.0,48.0,29.0
88ad361059fffff,4.0,18.0,17.0,25.0,24.0,50.0,46.0,26.0,14.0,19.0,24.0,29.0,15.0,15.0,21.0,3.0,13.0,8.0,6.0,8.0,25.0,12.0,3.0,22.0,17.0,33.0,23.0,22.0,27.0,32.0,20.0,16.0,19.0,20.0,25.0,20.0,27.0,24.0,23.0,23.0,28.0,27.0,31.0,30.0,33.0,40.0,35.0,15.0,22.0,41.0,15.0,23.0,8.0
88ad36105bfffff,6.0,6.0,12.0,10.0,11.0,7.0,11.0,9.0,13.0,8.0,5.0,6.0,8.0,3.0,2.0,6.0,1.0,1.0,4.0,5.0,2.0,2.0,9.0,5.0,4.0,2.0,2.0,12.0,7.0,11.0,7.0,5.0,7.0,16.0,5.0,5.0,7.0,17.0,11.0,5.0,16.0,14.0,9.0,13.0,3.0,8.0,9.0,6.0,9.0,15.0,2.0,3.0,13.0
88ad36105dfffff,14.0,24.0,22.0,18.0,18.0,35.0,26.0,34.0,18.0,20.0,24.0,32.0,33.0,8.0,18.0,9.0,9.0,13.0,25.0,39.0,28.0,27.0,19.0,31.0,9.0,11.0,27.0,21.0,23.0,26.0,29.0,20.0,33.0,24.0,30.0,18.0,15.0,34.0,29.0,37.0,36.0,35.0,21.0,21.0,15.0,25.0,14.0,21.0,18.0,36.0,13.0,14.0,15.0
88ad361061fffff,0.0,0.0,0.0,0.0,0.0,0.0,0.0,0.0,0.0,0.0,1.0,0.0,0.0,0.0,0.0,0.0,0.0,0.0,0.0,0.0,0.0,0.0,0.0,0.0,0.0,1.0,0.0,0.0,0.0,0.0,0.0,0.0,0.0,0.0,0.0,0.0,0.0,0.0,0.0,0.0,0.0,0.0,0.0,0.0,0.0,0.0,0.0,0.0,0.0,0.0,0.0,0.0,0.0
88ad361063fffff,0.0,2.0,1.0,0.0,0.0,0.0,1.0,0.0,8.0,3.0,3.0,1.0,1.0,0.0,0.0,0.0,1.0,0.0,1.0,0.0,1.0,1.0,1.0,0.0,0.0,1.0,6.0,1.0,1.0,2.0,2.0,0.0,4.0,1.0,3.0,0.0,2.0,2.0,2.0,1.0,6.0,0.0,2.0,0.0,0.0,8.0,7.0,2.0,5.0,7.0,3.0,2.0,0.0
88ad361065fffff,0.0,0.0,0.0,0.0,0.0,1.0,0.0,0.0,0.0,0.0,1.0,0.0,0.0,0.0,0.0,0.0,0.0,0.0,1.0,0.0,0.0,1.0,0.0,0.0,0.0,0.0,0.0,0.0,0.0,0.0,0.0,0.0,0.0,0.0,0.0,0.0,1.0,0.0,1.0,2.0,0.0,0.0,0.0,1.0,0.0,0.0,0.0,0.0,1.0,1.0,0.0,0.0,0.0
88ad361067fffff,0.0,0.0,0.0,0.0,0.0,0.0,0.0,0.0,0.0,0.0,0.0,0.0,0.0,0.0,0.0,0.0,0.0,0.0,0.0,0.0,0.0,0.0,0.0,0.0,0.0,1.0,0.0,0.0,0.0,0.0,1.0,0.0,0.0,0.0,0.0,0.0,0.0,0.0,0.0,0.0,0.0,0.0,0.0,0.0,0.0,0.0,0.0,0.0,0.0,0.0,0.0,0.0,1.0
88ad361069fffff,0.0,0.0,0.0,1.0,0.0,0.0,0.0,0.0,1.0,6.0,1.0,2.0,1.0,0.0,0.0,1.0,1.0,0.0,1.0,0.0,0.0,0.0,0.0,3.0,1.0,1.0,0.0,0.0,1.0,0.0,0.0,1.0,1.0,0.0,0.0,1.0,0.0,3.0,0.0,1.0,1.0,3.0,2.0,2.0,1.0,4.0,0.0,0.0,0.0,1.0,0.0,0.0,1.0
88ad36106bfffff,5.0,6.0,6.0,14.0,9.0,5.0,14.0,15.0,29.0,10.0,9.0,10.0,4.0,14.0,12.0,13.0,7.0,0.0,1.0,9.0,7.0,14.0,13.0,13.0,11.0,15.0,14.0,11.0,8.0,19.0,8.0,11.0,8.0,13.0,11.0,15.0,12.0,12.0,6.0,6.0,16.0,2.0,12.0,22.0,8.0,21.0,14.0,4.0,3.0,16.0,9.0,9.0,1.0
88ad361081fffff,3.0,3.0,38.0,3.0,3.0,5.0,11.0,6.0,10.0,3.0,6.0,5.0,5.0,4.0,3.0,2.0,6.0,5.0,2.0,4.0,7.0,6.0,0.0,1.0,19.0,11.0,19.0,12.0,17.0,7.0,6.0,10.0,8.0,11.0,11.0,10.0,13.0,10.0,14.0,41.0,13.0,6.0,6.0,12.0,16.0,6.0,15.0,8.0,9.0,9.0,19.0,35.0,2.0
88ad361083fffff,4.0,1.0,22.0,22.0,8.0,8.0,9.0,5.0,10.0,5.0,5.0,3.0,3.0,4.0,4.0,4.0,6.0,6.0,2.0,7.0,20.0,21.0,7.0,12.0,8.0,11.0,20.0,16.0,12.0,21.0,5.0,4.0,10.0,7.0,6.0,10.0,7.0,5.0,26.0,27.0,11.0,16.0,5.0,18.0,32.0,12.0,4.0,2.0,8.0,7.0,12.0,12.0,4.0
88ad361085fffff,2.0,14.0,21.0,6.0,7.0,10.0,8.0,8.0,5.0,9.0,7.0,4.0,1.0,4.0,3.0,5.0,1.0,1.0,3.0,4.0,5.0,2.0,7.0,2.0,5.0,19.0,6.0,8.0,31.0,13.0,11.0,1.0,14.0,8.0,13.0,6.0,7.0,3.0,7.0,5.0,7.0,6.0,3.0,10.0,21.0,10.0,7.0,14.0,16.0,9.0,8.0,9.0,4.0
88ad361087fffff,4.0,13.0,23.0,9.0,5.0,4.0,5.0,8.0,4.0,4.0,8.0,5.0,4.0,3.0,2.0,5.0,4.0,5.0,0.0,2.0,4.0,2.0,6.0,3.0,6.0,6.0,4.0,17.0,6.0,4.0,0.0,9.0,14.0,14.0,14.0,10.0,6.0,5.0,3.0,29.0,14.0,15.0,13.0,18.0,37.0,10.0,5.0,5.0,14.0,10.0,15.0,21.0,12.0
88ad361089fffff,13.0,22.0,22.0,20.0,21.0,24.0,30.0,25.0,23.0,22.0,203.0,22.0,26.0,6.0,7.0,14.0,18.0,12.0,12.0,11.0,8.0,21.0,14.0,25.0,15.0,23.0,12.0,39.0,37.0,31.0,16.0,23.0,35.0,56.0,27.0,28.0,14.0,19.0,28.0,30.0,23.0,29.0,42.0,28.0,30.0,23.0,14.0,14.0,23.0,21.0,15.0,28.0,22.0
88ad36108bfffff,3.0,4.0,0.0,2.0,7.0,9.0,5.0,3.0,4.0,7.0,31.0,3.0,1.0,1.0,2.0,3.0,1.0,5.0,4.0,0.0,5.0,4.0,2.0,4.0,4.0,2.0,2.0,3.0,19.0,5.0,3.0,7.0,4.0,6.0,4.0,4.0,6.0,14.0,11.0,2.0,8.0,6.0,5.0,15.0,7.0,4.0,3.0,3.0,5.0,5.0,6.0,18.0,6.0
88ad36108dfffff,1.0,1.0,2.0,1.0,1.0,1.0,0.0,5.0,2.0,0.0,0.0,4.0,1.0,2.0,1.0,0.0,3.0,1.0,0.0,0.0,0.0,0.0,0.0,1.0,0.0,1.0,0.0,4.0,1.0,2.0,4.0,1.0,2.0,0.0,4.0,4.0,2.0,2.0,2.0,1.0,2.0,2.0,1.0,3.0,4.0,1.0,1.0,3.0,3.0,3.0,1.0,3.0,6.0
88ad361091fffff,2.0,2.0,1.0,1.0,2.0,4.0,9.0,0.0,7.0,4.0,6.0,2.0,0.0,0.0,1.0,3.0,3.0,2.0,0.0,2.0,1.0,4.0,8.0,9.0,1.0,1.0,5.0,7.0,7.0,1.0,2.0,8.0,8.0,3.0,1.0,2.0,5.0,5.0,5.0,10.0,0.0,2.0,5.0,29.0,5.0,3.0,1.0,4.0,1.0,4.0,1.0,1.0,2.0
88ad361093fffff,29.0,18.0,42.0,32.0,29.0,36.0,28.0,46.0,16.0,25.0,35.0,28.0,12.0,10.0,10.0,14.0,21.0,17.0,30.0,17.0,21.0,18.0,22.0,30.0,47.0,30.0,27.0,26.0,58.0,21.0,34.0,20.0,36.0,33.0,30.0,58.0,38.0,20.0,27.0,30.0,29.0,28.0,26.0,31.0,43.0,48.0,42.0,24.0,31.0,26.0,28.0,32.0,6.0
88ad361095fffff,10.0,4.0,20.0,2.0,5.0,4.0,3.0,6.0,6.0,9.0,44.0,13.0,2.0,2.0,0.0,7.0,4.0,4.0,6.0,5.0,6.0,5.0,12.0,11.0,5.0,10.0,5.0,14.0,7.0,20.0,8.0,7.0,9.0,4.0,4.0,6.0,6.0,5.0,5.0,6.0,6.0,4.0,13.0,9.0,45.0,23.0,15.0,10.0,5.0,11.0,6.0,4.0,6.0
88ad361097fffff,0.0,0.0,3.0,0.0,0.0,2.0,0.0,0.0,0.0,0.0,0.0,0.0,0.0,0.0,0.0,1.0,0.0,2.0,0.0,0.0,0.0,1.0,1.0,0.0,0.0,0.0,0.0,0.0,2.0,0.0,1.0,1.0,0.0,0.0,0.0,1.0,2.0,0.0,2.0,2.0,3.0,1.0,2.0,2.0,0.0,2.0,1.0,0.0,2.0,0.0,2.0,0.0,0.0
88ad361099fffff,4.0,10.0,16.0,11.0,16.0,21.0,18.0,30.0,23.0,24.0,17.0,7.0,10.0,7.0,6.0,4.0,12.0,5.0,11.0,6.0,8.0,13.0,9.0,23.0,10.0,12.0,22.0,14.0,68.0,19.0,8.0,22.0,32.0,8.0,6.0,20.0,8.0,19.0,14.0,39.0,8.0,11.0,17.0,8.0,10.0,11.0,7.0,13.0,21.0,11.0,13.0,7.0,7.0
88ad36109bfffff,13.0,19.0,18.0,19.0,10.0,27.0,26.0,29.0,51.0,28.0,26.0,16.0,11.0,16.0,14.0,13.0,6.0,8.0,10.0,7.0,14.0,29.0,23.0,9.0,27.0,20.0,27.0,16.0,69.0,32.0,9.0,20.0,15.0,18.0,25.0,28.0,22.0,17.0,11.0,25.0,26.0,22.0,19.0,30.0,22.0,14.0,19.0,21.0,21.0,18.0,13.0,12.0,2.0
88ad36109dfffff,3.0,1.0,1.0,1.0,6.0,3.0,3.0,1.0,2.0,3.0,2.0,5.0,1.0,3.0,0.0,1.0,2.0,0.0,0.0,0.0,1.0,0.0,0.0,1.0,0.0,1.0,2.0,9.0,6.0,10.0,6.0,1.0,7.0,5.0,15.0,7.0,3.0,0.0,1.0,3.0,3.0,1.0,4.0,7.0,6.0,3.0,1.0,0.0,3.0,4.0,2.0,0.0,1.0
88ad3610a1fffff,3.0,3.0,11.0,5.0,6.0,7.0,6.0,8.0,4.0,7.0,4.0,6.0,18.0,0.0,1.0,2.0,2.0,2.0,3.0,4.0,1.0,0.0,3.0,6.0,3.0,15.0,9.0,4.0,26.0,8.0,5.0,8.0,3.0,1.0,11.0,6.0,10.0,9.0,5.0,14.0,7.0,9.0,4.0,3.0,6.0,14.0,6.0,6.0,5.0,8.0,8.0,8.0,3.0
88ad3610a3fffff,1.0,5.0,25.0,15.0,7.0,9.0,4.0,9.0,5.0,3.0,6.0,10.0,4.0,8.0,7.0,5.0,7.0,8.0,13.0,8.0,5.0,6.0,13.0,7.0,4.0,9.0,7.0,10.0,10.0,13.0,7.0,19.0,8.0,11.0,11.0,11.0,30.0,5.0,10.0,16.0,9.0,17.0,18.0,23.0,32.0,26.0,5.0,12.0,13.0,6.0,2.0,10.0,5.0
88ad3610a5fffff,5.0,7.0,29.0,23.0,9.0,5.0,8.0,13.0,14.0,11.0,12.0,5.0,6.0,3.0,7.0,3.0,1.0,8.0,10.0,3.0,3.0,7.0,9.0,11.0,13.0,7.0,8.0,12.0,30.0,25.0,14.0,9.0,7.0,8.0,17.0,8.0,22.0,19.0,7.0,31.0,15.0,11.0,21.0,23.0,5.0,10.0,14.0,11.0,11.0,6.0,7.0,9.0,9.0
88ad3610a7fffff,1.0,0.0,3.0,3.0,5.0,2.0,1.0,0.0,0.0,2.0,1.0,2.0,8.0,1.0,0.0,1.0,0.0,0.0,3.0,0.0,0.0,1.0,22.0,1.0,5.0,1.0,0.0,1.0,8.0,1.0,2.0,1.0,1.0,1.0,7.0,1.0,3.0,1.0,1.0,2.0,4.0,2.0,7.0,7.0,4.0,0.0,1.0,4.0,1.0,4.0,7.0,2.0,1.0
88ad3610a9fffff,10.0,14.0,25.0,12.0,11.0,18.0,23.0,18.0,17.0,24.0,14.0,18.0,8.0,9.0,8.0,3.0,5.0,7.0,5.0,7.0,8.0,15.0,9.0,10.0,11.0,16.0,8.0,10.0,6.0,8.0,9.0,19.0,11.0,4.0,16.0,18.0,17.0,8.0,17.0,14.0,11.0,22.0,6.0,17.0,20.0,10.0,19.0,14.0,16.0,6.0,9.0,4.0,3.0
88ad3610abfffff,6.0,8.0,24.0,12.0,17.0,17.0,9.0,4.0,4.0,10.0,10.0,8.0,8.0,3.0,11.0,5.0,5.0,1.0,11.0,7.0,10.0,8.0,6.0,23.0,5.0,11.0,10.0,12.0,9.0,14.0,12.0,11.0,5.0,7.0,9.0,11.0,9.0,12.0,5.0,9.0,8.0,9.0,8.0,16.0,38.0,12.0,13.0,9.0,21.0,3.0,6.0,21.0,4.0
88ad3610adfffff,1.0,2.0,2.0,2.0,1.0,3.0,3.0,0.0,3.0,2.0,1.0,2.0,0.0,0.0,1.0,0.0,0.0,5.0,2.0,2.0,0.0,5.0,1.0,2.0,2.0,3.0,2.0,5.0,8.0,4.0,4.0,1.0,1.0,3.0,4.0,2.0,1.0,6.0,4.0,4.0,4.0,2.0,4.0,3.0,5.0,5.0,4.0,6.0,5.0,5.0,10.0,4.0,3.0
88ad3610b1fffff,0.0,1.0,4.0,4.0,1.0,3.0,1.0,3.0,5.0,4.0,9.0,3.0,1.0,0.0,2.0,1.0,0.0,0.0,2.0,2.0,2.0,1.0,3.0,2.0,1.0,2.0,1.0,3.0,1.0,4.0,3.0,6.0,2.0,0.0,4.0,2.0,7.0,4.0,1.0,4.0,5.0,6.0,9.0,0.0,5.0,8.0,7.0,5.0,3.0,2.0,3.0,0.0,3.0
88ad3610b3fffff,8.0,18.0,18.0,24.0,34.0,20.0,23.0,17.0,29.0,15.0,17.0,33.0,25.0,15.0,11.0,13.0,3.0,5.0,18.0,19.0,26.0,29.0,21.0,14.0,14.0,21.0,17.0,17.0,29.0,27.0,19.0,27.0,11.0,21.0,11.0,30.0,25.0,30.0,14.0,62.0,25.0,19.0,26.0,30.0,36.0,45.0,28.0,23.0,39.0,26.0,20.0,27.0,10.0
88ad3610b5fffff,0.0,1.0,5.0,7.0,4.0,2.0,3.0,1.0,1.0,6.0,2.0,2.0,1.0,0.0,3.0,3.0,0.0,1.0,3.0,2.0,6.0,6.0,4.0,3.0,3.0,2.0,5.0,1.0,3.0,5.0,3.0,2.0,1.0,2.0,3.0,4.0,12.0,3.0,1.0,8.0,4.0,4.0,3.0,8.0,7.0,5.0,8.0,5.0,6.0,8.0,3.0,4.0,5.0
88ad3610b7fffff,10.0,15.0,16.0,28.0,22.0,17.0,17.0,12.0,10.0,15.0,21.0,20.0,9.0,10.0,5.0,9.0,4.0,4.0,23.0,16.0,19.0,29.0,19.0,19.0,29.0,19.0,12.0,17.0,20.0,15.0,19.0,14.0,26.0,35.0,16.0,21.0,54.0,18.0,24.0,33.0,29.0,26.0,25.0,28.0,30.0,58.0,22.0,17.0,14.0,19.0,11.0,13.0,8.0
88ad3610b9fffff,6.0,10.0,12.0,9.0,5.0,6.0,6.0,6.0,5.0,9.0,15.0,11.0,4.0,6.0,6.0,9.0,1.0,8.0,8.0,8.0,13.0,4.0,10.0,14.0,11.0,21.0,8.0,12.0,51.0,10.0,7.0,14.0,5.0,16.0,7.0,28.0,14.0,14.0,6.0,33.0,9.0,9.0,14.0,14.0,33.0,18.0,13.0,8.0,9.0,17.0,8.0,5.0,6.0
88ad3610bbfffff,5.0,7.0,11.0,6.0,8.0,10.0,5.0,5.0,4.0,13.0,44.0,8.0,4.0,1.0,4.0,3.0,4.0,6.0,3.0,1.0,4.0,7.0,3.0,2.0,1.0,1.0,2.0,2.0,4.0,6.0,3.0,5.0,3.0,3.0,3.0,12.0,3.0,6.0,3.0,10.0,5.0,7.0,6.0,4.0,4.0,12.0,2.0,7.0,7.0,6.0,6.0,8.0,1.0
88ad3610bdfffff,6.0,7.0,8.0,5.0,2.0,5.0,7.0,8.0,6.0,6.0,9.0,3.0,6.0,5.0,3.0,4.0,1.0,1.0,6.0,2.0,1.0,9.0,6.0,7.0,4.0,8.0,4.0,2.0,7.0,8.0,7.0,14.0,4.0,7.0,10.0,8.0,15.0,2.0,5.0,9.0,10.0,12.0,10.0,11.0,8.0,10.0,11.0,10.0,7.0,14.0,12.0,10.0,2.0
88ad3610c1fffff,15.0,26.0,39.0,33.0,27.0,18.0,33.0,35.0,19.0,18.0,17.0,24.0,14.0,5.0,16.0,6.0,23.0,9.0,13.0,12.0,12.0,20.0,30.0,18.0,33.0,25.0,27.0,55.0,52.0,23.0,41.0,43.0,29.0,24.0,26.0,25.0,21.0,27.0,22.0,85.0,36.0,52.0,25.0,32.0,37.0,20.0,22.0,33.0,37.0,30.0,26.0,11.0,16.0
88ad3610c3fffff,7.0,5.0,22.0,25.0,16.0,23.0,28.0,21.0,18.0,21.0,31.0,23.0,28.0,15.0,28.0,9.0,8.0,9.0,10.0,15.0,16.0,32.0,22.0,30.0,29.0,20.0,17.0,49.0,61.0,19.0,25.0,31.0,20.0,30.0,7.0,33.0,27.0,24.0,29.0,27.0,24.0,35.0,29.0,32.0,27.0,18.0,21.0,22.0,26.0,26.0,25.0,15.0,13.0
88ad3610c5fffff,16.0,20.0,28.0,19.0,20.0,13.0,19.0,15.0,18.0,14.0,16.0,10.0,15.0,11.0,2.0,14.0,10.0,2.0,10.0,3.0,9.0,26.0,18.0,22.0,14.0,10.0,13.0,18.0,23.0,13.0,13.0,16.0,26.0,14.0,10.0,54.0,29.0,19.0,28.0,27.0,22.0,20.0,19.0,15.0,21.0,18.0,15.0,24.0,17.0,20.0,10.0,13.0,11.0
88ad3610c7fffff,12.0,27.0,48.0,22.0,27.0,21.0,23.0,26.0,19.0,25.0,35.0,70.0,89.0,14.0,12.0,13.0,7.0,15.0,17.0,13.0,5.0,10.0,18.0,22.0,19.0,39.0,19.0,61.0,57.0,31.0,13.0,37.0,54.0,22.0,13.0,42.0,21.0,19.0,14.0,41.0,38.0,16.0,19.0,27.0,47.0,19.0,23.0,23.0,25.0,21.0,22.0,19.0,18.0
88ad3610c9fffff,16.0,25.0,27.0,36.0,17.0,36.0,34.0,32.0,25.0,37.0,15.0,21.0,23.0,8.0,19.0,8.0,20.0,5.0,9.0,9.0,18.0,20.0,14.0,21.0,31.0,33.0,24.0,43.0,62.0,31.0,37.0,16.0,20.0,40.0,31.0,38.0,35.0,28.0,27.0,34.0,31.0,43.0,29.0,57.0,42.0,37.0,13.0,25.0,31.0,23.0,14.0,16.0,19.0
88ad3610cbfffff,10.0,14.0,38.0,20.0,24.0,22.0,24.0,17.0,31.0,14.0,20.0,20.0,15.0,7.0,16.0,13.0,9.0,8.0,14.0,20.0,5.0,21.0,27.0,28.0,14.0,23.0,18.0,39.0,50.0,15.0,18.0,31.0,22.0,21.0,21.0,35.0,16.0,22.0,24.0,41.0,24.0,31.0,13.0,35.0,23.0,21.0,15.0,20.0,28.0,36.0,12.0,14.0,16.0
88ad3610cdfffff,10.0,28.0,55.0,22.0,18.0,25.0,22.0,16.0,21.0,17.0,16.0,16.0,27.0,14.0,4.0,10.0,15.0,7.0,14.0,20.0,21.0,22.0,30.0,21.0,19.0,39.0,30.0,37.0,111.0,20.0,22.0,26.0,43.0,35.0,16.0,45.0,27.0,42.0,25.0,47.0,40.0,19.0,22.0,33.0,41.0,26.0,16.0,28.0,26.0,18.0,20.0,41.0,14.0
88ad3610d1fffff,0.0,9.0,13.0,10.0,14.0,16.0,2.0,6.0,6.0,5.0,6.0,5.0,6.0,1.0,3.0,4.0,2.0,2.0,4.0,3.0,8.0,6.0,7.0,3.0,2.0,13.0,9.0,8.0,11.0,4.0,25.0,6.0,6.0,19.0,6.0,31.0,6.0,8.0,4.0,7.0,12.0,4.0,6.0,5.0,13.0,10.0,10.0,9.0,7.0,5.0,3.0,8.0,8.0
88ad3610d3fffff,1.0,3.0,5.0,11.0,3.0,3.0,6.0,6.0,7.0,2.0,5.0,3.0,4.0,2.0,6.0,0.0,1.0,0.0,0.0,3.0,1.0,7.0,1.0,5.0,5.0,17.0,3.0,4.0,36.0,6.0,5.0,3.0,4.0,3.0,5.0,7.0,7.0,2.0,2.0,4.0,8.0,6.0,7.0,2.0,7.0,1.0,5.0,7.0,2.0,4.0,4.0,2.0,3.0
88ad3610d5fffff,10.0,17.0,11.0,22.0,11.0,11.0,18.0,16.0,16.0,20.0,44.0,24.0,7.0,9.0,3.0,7.0,31.0,4.0,5.0,2.0,4.0,5.0,7.0,11.0,21.0,15.0,15.0,22.0,58.0,10.0,15.0,14.0,14.0,15.0,27.0,18.0,12.0,28.0,12.0,20.0,36.0,22.0,20.0,19.0,20.0,14.0,15.0,13.0,20.0,33.0,17.0,19.0,6.0
88ad3610d7fffff,3.0,3.0,9.0,4.0,3.0,4.0,4.0,3.0,3.0,9.0,6.0,2.0,3.0,3.0,1.0,1.0,4.0,6.0,4.0,5.0,2.0,7.0,3.0,4.0,8.0,4.0,3.0,5.0,13.0,4.0,7.0,7.0,1.0,3.0,13.0,4.0,12.0,9.0,10.0,6.0,16.0,7.0,13.0,8.0,1.0,3.0,2.0,3.0,2.0,5.0,2.0,3.0,1.0
88ad3610d9fffff,4.0,24.0,16.0,14.0,13.0,20.0,8.0,7.0,9.0,9.0,8.0,5.0,7.0,3.0,6.0,11.0,5.0,9.0,9.0,9.0,5.0,22.0,14.0,19.0,21.0,11.0,8.0,13.0,30.0,15.0,10.0,19.0,7.0,32.0,16.0,33.0,17.0,16.0,22.0,26.0,8.0,21.0,15.0,17.0,19.0,8.0,7.0,11.0,16.0,15.0,11.0,3.0,9.0
88ad3610dbfffff,4.0,15.0,17.0,13.0,7.0,6.0,20.0,14.0,6.0,21.0,5.0,7.0,5.0,2.0,6.0,6.0,0.0,3.0,11.0,11.0,1.0,17.0,8.0,10.0,6.0,13.0,5.0,4.0,39.0,6.0,7.0,12.0,9.0,13.0,10.0,17.0,6.0,15.0,5.0,19.0,12.0,3.0,6.0,7.0,19.0,7.0,8.0,11.0,9.0,9.0,7.0,2.0,2.0
88ad3610ddfffff,19.0,25.0,48.0,26.0,41.0,33.0,42.0,29.0,29.0,36.0,50.0,51.0,26.0,13.0,14.0,23.0,18.0,21.0,17.0,12.0,22.0,31.0,39.0,39.0,46.0,38.0,40.0,40.0,50.0,23.0,59.0,27.0,25.0,33.0,32.0,60.0,42.0,29.0,31.0,25.0,50.0,42.0,39.0,47.0,77.0,36.0,40.0,30.0,56.0,36.0,33.0,27.0,24.0
88ad3610e1fffff,12.0,50.0,47.0,38.0,33.0,37.0,38.0,43.0,39.0,46.0,31.0,40.0,26.0,21.0,37.0,71.0,25.0,47.0,39.0,45.0,29.0,58.0,34.0,76.0,69.0,45.0,55.0,52.0,60.0,71.0,53.0,67.0,78.0,61.0,62.0,49.0,33.0,35.0,32.0,37.0,47.0,66.0,41.0,41.0,34.0,63.0,44.0,40.0,42.0,32.0,27.0,24.0,22.0
88ad3610e3fffff,15.0,39.0,38.0,41.0,44.0,38.0,54.0,48.0,47.0,39.0,42.0,40.0,38.0,24.0,27.0,28.0,17.0,21.0,19.0,20.0,24.0,37.0,32.0,23.0,32.0,37.0,41.0,41.0,47.0,57.0,42.0,74.0,39.0,65.0,50.0,42.0,33.0,55.0,25.0,44.0,50.0,41.0,30.0,62.0,37.0,53.0,32.0,39.0,39.0,30.0,32.0,27.0,22.0
88ad3610e5fffff,9.0,25.0,27.0,24.0,22.0,21.0,16.0,22.0,24.0,29.0,27.0,25.0,15.0,9.0,17.0,22.0,14.0,9.0,13.0,10.0,13.0,27.0,18.0,24.0,21.0,21.0,19.0,18.0,22.0,21.0,19.0,16.0,24.0,27.0,25.0,34.0,19.0,25.0,13.0,38.0,24.0,31.0,20.0,17.0,24.0,36.0,34.0,25.0,20.0,28.0,23.0,18.0,15.0
88ad3610e7fffff,39.0,65.0,86.0,89.0,60.0,80.0,77.0,85.0,68.0,67.0,74.0,69.0,59.0,28.0,31.0,17.0,24.0,22.0,16.0,40.0,25.0,21.0,28.0,78.0,34.0,14.0,33.0,43.0,76.0,55.0,55.0,48.0,36.0,68.0,76.0,53.0,79.0,43.0,46.0,35.0,52.0,54.0,45.0,52.0,64.0,55.0,46.0,48.0,50.0,32.0,36.0,33.0,27.0
88ad3610e9fffff,13.0,30.0,46.0,14.0,18.0,15.0,13.0,12.0,33.0,21.0,14.0,18.0,10.0,12.0,8.0,6.0,4.0,8.0,16.0,14.0,9.0,11.0,16.0,16.0,21.0,17.0,27.0,28.0,35.0,21.0,21.0,33.0,30.0,20.0,21.0,21.0,16.0,8.0,28.0,14.0,23.0,30.0,17.0,25.0,31.0,24.0,21.0,33.0,38.0,23.0,15.0,16.0,9.0
88ad3610ebfffff,13.0,23.0,15.0,16.0,28.0,16.0,23.0,15.0,19.0,21.0,18.0,18.0,13.0,13.0,12.0,7.0,6.0,15.0,9.0,5.0,5.0,18.0,22.0,12.0,22.0,8.0,12.0,21.0,26.0,8.0,11.0,38.0,25.0,10.0,15.0,8.0,17.0,23.0,20.0,17.0,23.0,20.0,14.0,23.0,36.0,19.0,12.0,17.0,21.0,25.0,12.0,12.0,9.0
88ad3610edfffff,14.0,29.0,14.0,18.0,11.0,23.0,16.0,21.0,21.0,22.0,13.0,24.0,19.0,8.0,7.0,7.0,8.0,5.0,21.0,9.0,9.0,16.0,13.0,19.0,16.0,12.0,18.0,22.0,31.0,19.0,22.0,16.0,18.0,13.0,26.0,35.0,14.0,25.0,10.0,24.0,10.0,26.0,17.0,12.0,23.0,20.0,20.0,21.0,32.0,14.0,13.0,19.0,12.0
88ad361101fffff,2.0,18.0,26.0,11.0,9.0,17.0,5.0,8.0,8.0,10.0,7.0,6.0,6.0,2.0,1.0,2.0,3.0,4.0,4.0,6.0,3.0,4.0,5.0,1.0,6.0,10.0,11.0,6.0,14.0,10.0,4.0,10.0,14.0,14.0,11.0,12.0,13.0,13.0,11.0,6.0,8.0,14.0,10.0,17.0,11.0,5.0,6.0,5.0,4.0,8.0,5.0,1.0,5.0
88ad361103fffff,3.0,6.0,14.0,13.0,11.0,13.0,15.0,15.0,13.0,10.0,11.0,12.0,7.0,4.0,2.0,6.0,3.0,5.0,10.0,9.0,12.0,9.0,6.0,9.0,10.0,12.0,7.0,5.0,6.0,7.0,8.0,12.0,7.0,4.0,6.0,13.0,16.0,18.0,8.0,15.0,11.0,14.0,6.0,9.0,9.0,8.0,5.0,5.0,6.0,10.0,6.0,3.0,5.0
88ad361105fffff,11.0,4.0,12.0,8.0,14.0,13.0,13.0,6.0,6.0,8.0,10.0,6.0,4.0,3.0,0.0,1.0,4.0,5.0,4.0,5.0,4.0,7.0,5.0,3.0,1.0,3.0,3.0,11.0,4.0,6.0,2.0,3.0,6.0,9.0,2.0,9.0,11.0,9.0,2.0,4.0,12.0,13.0,13.0,8.0,11.0,14.0,1.0,7.0,12.0,10.0,2.0,4.0,5.0
88ad361107fffff,2.0,3.0,4.0,4.0,2.0,1.0,6.0,4.0,1.0,10.0,9.0,8.0,2.0,3.0,0.0,2.0,0.0,0.0,0.0,0.0,1.0,1.0,1.0,3.0,3.0,2.0,1.0,5.0,3.0,5.0,4.0,4.0,4.0,6.0,5.0,6.0,7.0,0.0,0.0,1.0,4.0,3.0,0.0,9.0,2.0,6.0,0.0,3.0,4.0,2.0,4.0,1.0,3.0
88ad361109fffff,3.0,5.0,10.0,13.0,7.0,3.0,2.0,10.0,9.0,7.0,6.0,8.0,2.0,4.0,2.0,1.0,5.0,3.0,2.0,4.0,7.0,2.0,10.0,7.0,3.0,2.0,5.0,11.0,4.0,7.0,9.0,6.0,4.0,2.0,6.0,6.0,11.0,16.0,11.0,12.0,10.0,5.0,7.0,9.0,12.0,12.0,4.0,8.0,12.0,6.0,2.0,4.0,4.0
88ad36110bfffff,8.0,14.0,19.0,35.0,18.0,10.0,15.0,13.0,62.0,24.0,15.0,19.0,12.0,1.0,6.0,5.0,7.0,7.0,9.0,8.0,9.0,6.0,10.0,10.0,8.0,15.0,11.0,10.0,13.0,11.0,15.0,8.0,17.0,18.0,19.0,21.0,15.0,18.0,7.0,10.0,16.0,14.0,15.0,22.0,6.0,20.0,6.0,19.0,14.0,25.0,16.0,9.0,8.0
88ad36110dfffff,12.0,37.0,49.0,37.0,32.0,29.0,14.0,21.0,24.0,35.0,22.0,28.0,19.0,8.0,14.0,4.0,6.0,16.0,10.0,17.0,14.0,15.0,16.0,11.0,13.0,10.0,15.0,21.0,15.0,22.0,15.0,29.0,15.0,15.0,13.0,15.0,29.0,30.0,21.0,20.0,35.0,28.0,29.0,16.0,22.0,36.0,18.0,13.0,19.0,12.0,13.0,17.0,11.0
88ad361111fffff,14.0,29.0,26.0,25.0,23.0,18.0,31.0,30.0,15.0,27.0,15.0,33.0,18.0,21.0,13.0,18.0,11.0,8.0,14.0,14.0,9.0,16.0,22.0,30.0,14.0,11.0,19.0,20.0,19.0,22.0,12.0,23.0,15.0,17.0,16.0,33.0,46.0,16.0,10.0,19.0,31.0,27.0,33.0,18.0,19.0,18.0,16.0,12.0,18.0,22.0,16.0,12.0,15.0
88ad361113fffff,25.0,26.0,40.0,41.0,54.0,42.0,38.0,31.0,44.0,44.0,25.0,41.0,26.0,27.0,12.0,17.0,27.0,14.0,19.0,27.0,29.0,18.0,23.0,24.0,15.0,14.0,25.0,23.0,22.0,21.0,23.0,33.0,18.0,21.0,30.0,23.0,48.0,29.0,18.0,27.0,35.0,32.0,37.0,41.0,32.0,25.0,22.0,24.0,28.0,20.0,14.0,26.0,20.0
88ad361115fffff,0.0,1.0,3.0,3.0,3.0,2.0,1.0,1.0,1.0,4.0,5.0,0.0,2.0,1.0,1.0,2.0,0.0,0.0,1.0,0.0,3.0,2.0,0.0,2.0,2.0,1.0,0.0,0.0,9.0,3.0,2.0,1.0,0.0,0.0,6.0,2.0,3.0,4.0,1.0,6.0,3.0,6.0,1.0,2.0,3.0,3.0,1.0,1.0,0.0,3.0,0.0,1.0,0.0
88ad361117fffff,18.0,25.0,21.0,37.0,18.0,30.0,26.0,18.0,26.0,37.0,21.0,17.0,16.0,10.0,13.0,11.0,8.0,13.0,14.0,14.0,12.0,25.0,19.0,25.0,12.0,15.0,24.0,30.0,15.0,19.0,19.0,30.0,22.0,31.0,44.0,31.0,43.0,35.0,32.0,82.0,68.0,43.0,39.0,32.0,43.0,20.0,16.0,31.0,15.0,28.0,20.0,11.0,13.0
88ad361119fffff,1.0,3.0,0.0,5.0,1.0,4.0,2.0,3.0,1.0,4.0,1.0,2.0,2.0,2.0,0.0,0.0,3.0,2.0,2.0,3.0,1.0,4.0,1.0,2.0,2.0,1.0,11.0,5.0,3.0,4.0,4.0,3.0,2.0,2.0,1.0,4.0,5.0,4.0,2.0,2.0,4.0,0.0,4.0,4.0,7.0,3.0,1.0,0.0,4.0,4.0,3.0,1.0,3.0
88ad36111bfffff,6.0,13.0,9.0,16.0,19.0,11.0,17.0,13.0,10.0,8.0,8.0,13.0,9.0,3.0,2.0,6.0,9.0,3.0,4.0,6.0,9.0,20.0,12.0,7.0,9.0,20.0,9.0,20.0,11.0,15.0,11.0,12.0,16.0,15.0,7.0,14.0,22.0,13.0,9.0,7.0,14.0,9.0,13.0,9.0,20.0,14.0,8.0,25.0,22.0,19.0,12.0,9.0,7.0
88ad36111dfffff,7.0,13.0,16.0,17.0,18.0,9.0,20.0,14.0,10.0,18.0,15.0,16.0,14.0,10.0,10.0,8.0,3.0,7.0,5.0,8.0,9.0,2.0,13.0,8.0,9.0,14.0,12.0,23.0,14.0,11.0,10.0,11.0,15.0,15.0,12.0,19.0,23.0,21.0,13.0,10.0,5.0,26.0,15.0,18.0,12.0,14.0,14.0,17.0,20.0,13.0,18.0,14.0,6.0
88ad361121fffff,0.0,3.0,2.0,0.0,2.0,0.0,0.0,0.0,2.0,3.0,3.0,1.0,0.0,1.0,1.0,0.0,1.0,0.0,2.0,0.0,0.0,1.0,3.0,1.0,0.0,0.0,4.0,0.0,1.0,1.0,0.0,1.0,2.0,8.0,0.0,1.0,5.0,4.0,5.0,7.0,3.0,1.0,1.0,4.0,3.0,5.0,1.0,1.0,4.0,0.0,3.0,1.0,0.0
88ad361123fffff,4.0,12.0,13.0,14.0,8.0,19.0,11.0,23.0,14.0,17.0,9.0,25.0,8.0,6.0,3.0,4.0,4.0,2.0,3.0,4.0,6.0,5.0,7.0,11.0,10.0,6.0,7.0,14.0,12.0,11.0,11.0,8.0,14.0,18.0,10.0,9.0,17.0,15.0,12.0,13.0,22.0,19.0,22.0,17.0,15.0,14.0,24.0,18.0,23.0,12.0,11.0,7.0,7.0
88ad361125fffff,4.0,10.0,14.0,22.0,21.0,20.0,11.0,16.0,20.0,6.0,11.0,15.0,9.0,4.0,3.0,5.0,4.0,4.0,10.0,6.0,4.0,8.0,0.0,12.0,6.0,4.0,6.0,5.0,6.0,13.0,4.0,11.0,5.0,19.0,10.0,25.0,16.0,17.0,4.0,11.0,15.0,8.0,18.0,20.0,10.0,11.0,9.0,14.0,14.0,12.0,10.0,6.0,7.0
88ad361127fffff,15.0,21.0,39.0,37.0,34.0,46.0,21.0,33.0,35.0,35.0,40.0,38.0,25.0,25.0,10.0,14.0,9.0,16.0,15.0,21.0,14.0,9.0,23.0,29.0,19.0,16.0,36.0,19.0,14.0,16.0,21.0,22.0,37.0,49.0,50.0,65.0,51.0,31.0,36.0,47.0,36.0,33.0,49.0,71.0,107.0,33.0,47.0,48.0,59.0,59.0,53.0,32.0,25.0
88ad361129fffff,2.0,9.0,15.0,8.0,14.0,36.0,14.0,12.0,12.0,9.0,17.0,6.0,10.0,6.0,1.0,3.0,3.0,1.0,11.0,9.0,3.0,5.0,15.0,6.0,5.0,3.0,7.0,9.0,8.0,9.0,6.0,17.0,4.0,5.0,15.0,7.0,5.0,7.0,22.0,7.0,6.0,6.0,9.0,10.0,9.0,9.0,10.0,8.0,16.0,9.0,6.0,9.0,12.0
88ad36112bfffff,0.0,0.0,0.0,0.0,0.0,0.0,0.0,0.0,0.0,0.0,0.0,0.0,0.0,0.0,0.0,0.0,0.0,0.0,0.0,0.0,0.0,0.0,0.0,0.0,0.0,0.0,1.0,1.0,0.0,1.0,0.0,0.0,0.0,0.0,0.0,0.0,0.0,0.0,0.0,0.0,0.0,0.0,0.0,0.0,0.0,0.0,0.0,0.0,0.0,0.0,0.0,0.0,0.0
88ad36112dfffff,1.0,0.0,0.0,1.0,0.0,0.0,0.0,1.0,0.0,0.0,1.0,0.0,0.0,0.0,0.0,1.0,1.0,0.0,0.0,1.0,0.0,0.0,0.0,1.0,4.0,0.0,0.0,2.0,3.0,0.0,0.0,1.0,0.0,2.0,0.0,0.0,0.0,0.0,0.0,0.0,1.0,1.0,2.0,3.0,0.0,2.0,1.0,2.0,1.0,1.0,1.0,1.0,0.0
88ad361131fffff,0.0,1.0,4.0,2.0,2.0,1.0,1.0,4.0,3.0,0.0,5.0,0.0,0.0,0.0,0.0,0.0,0.0,0.0,1.0,1.0,2.0,6.0,2.0,0.0,0.0,1.0,3.0,3.0,1.0,1.0,3.0,1.0,2.0,1.0,3.0,0.0,3.0,2.0,1.0,4.0,0.0,5.0,1.0,2.0,2.0,1.0,0.0,1.0,0.0,2.0,0.0,0.0,0.0
88ad361133fffff,10.0,39.0,49.0,34.0,46.0,44.0,44.0,43.0,39.0,33.0,30.0,48.0,25.0,35.0,19.0,19.0,16.0,16.0,17.0,14.0,16.0,6.0,20.0,36.0,22.0,36.0,39.0,35.0,49.0,27.0,43.0,43.0,45.0,54.0,44.0,51.0,59.0,48.0,42.0,50.0,65.0,56.0,51.0,67.0,42.0,56.0,47.0,35.0,49.0,65.0,30.0,34.0,13.0
88ad361135fffff,0.0,0.0,0.0,1.0,0.0,0.0,0.0,0.0,0.0,0.0,0.0,0.0,0.0,0.0,0.0,0.0,0.0,0.0,0.0,0.0,0.0,0.0,0.0,0.0,0.0,0.0,1.0,0.0,0.0,0.0,0.0,0.0,0.0,0.0,0.0,0.0,1.0,0.0,0.0,0.0,0.0,0.0,0.0,0.0,0.0,0.0,0.0,0.0,1.0,0.0,0.0,1.0,0.0
88ad361137fffff,0.0,3.0,6.0,3.0,9.0,17.0,10.0,4.0,5.0,6.0,6.0,6.0,8.0,10.0,11.0,1.0,2.0,1.0,5.0,0.0,1.0,7.0,3.0,2.0,0.0,11.0,7.0,2.0,9.0,1.0,8.0,2.0,2.0,7.0,11.0,1.0,4.0,2.0,3.0,2.0,10.0,16.0,9.0,5.0,9.0,11.0,8.0,5.0,5.0,3.0,3.0,3.0,0.0
88ad361139fffff,0.0,0.0,2.0,0.0,2.0,1.0,0.0,0.0,0.0,2.0,1.0,3.0,1.0,0.0,0.0,0.0,0.0,0.0,1.0,1.0,0.0,0.0,1.0,0.0,0.0,0.0,0.0,0.0,2.0,1.0,1.0,0.0,1.0,1.0,3.0,0.0,0.0,1.0,0.0,0.0,2.0,2.0,1.0,2.0,1.0,2.0,0.0,1.0,0.0,1.0,0.0,0.0,0.0
88ad36113bfffff,4.0,14.0,15.0,13.0,14.0,17.0,16.0,18.0,18.0,14.0,16.0,18.0,13.0,9.0,8.0,7.0,4.0,6.0,10.0,7.0,10.0,7.0,9.0,7.0,17.0,11.0,22.0,9.0,6.0,13.0,20.0,13.0,13.0,16.0,19.0,19.0,20.0,17.0,10.0,8.0,16.0,18.0,22.0,9.0,16.0,6.0,13.0,13.0,16.0,14.0,7.0,14.0,5.0
88ad36113dfffff,0.0,0.0,0.0,0.0,1.0,0.0,0.0,0.0,0.0,0.0,0.0,0.0,0.0,0.0,0.0,0.0,0.0,0.0,0.0,0.0,0.0,0.0,0.0,0.0,0.0,0.0,0.0,0.0,0.0,0.0,0.0,0.0,0.0,0.0,0.0,0.0,1.0,1.0,0.0,1.0,0.0,0.0,1.0,1.0,0.0,0.0,0.0,0.0,0.0,0.0,0.0,0.0,0.0
88ad361141fffff,17.0,37.0,37.0,30.0,44.0,32.0,40.0,30.0,38.0,33.0,19.0,33.0,20.0,22.0,7.0,12.0,7.0,5.0,15.0,17.0,7.0,8.0,11.0,14.0,10.0,17.0,21.0,15.0,18.0,34.0,10.0,15.0,42.0,13.0,20.0,29.0,28.0,26.0,35.0,20.0,43.0,52.0,25.0,28.0,40.0,29.0,33.0,52.0,28.0,29.0,33.0,39.0,28.0
88ad361143fffff,17.0,21.0,34.0,42.0,35.0,39.0,41.0,41.0,18.0,26.0,32.0,22.0,24.0,20.0,14.0,14.0,16.0,17.0,24.0,21.0,18.0,9.0,21.0,15.0,11.0,22.0,37.0,33.0,23.0,22.0,18.0,20.0,20.0,24.0,25.0,31.0,39.0,26.0,27.0,23.0,34.0,37.0,30.0,31.0,28.0,28.0,37.0,22.0,36.0,39.0,32.0,24.0,23.0
88ad361145fffff,9.0,25.0,31.0,24.0,15.0,39.0,40.0,21.0,48.0,22.0,38.0,29.0,19.0,7.0,15.0,8.0,15.0,10.0,14.0,16.0,14.0,20.0,13.0,17.0,8.0,11.0,10.0,16.0,14.0,23.0,20.0,28.0,28.0,20.0,16.0,24.0,37.0,33.0,35.0,20.0,51.0,27.0,30.0,29.0,31.0,27.0,28.0,44.0,37.0,50.0,34.0,44.0,30.0
88ad361147fffff,12.0,36.0,29.0,21.0,29.0,26.0,42.0,29.0,32.0,39.0,16.0,21.0,13.0,15.0,7.0,9.0,12.0,11.0,13.0,12.0,10.0,12.0,14.0,11.0,5.0,14.0,13.0,16.0,14.0,20.0,13.0,14.0,16.0,20.0,23.0,20.0,26.0,33.0,22.0,28.0,28.0,16.0,20.0,25.0,39.0,25.0,20.0,28.0,22.0,27.0,21.0,20.0,17.0
88ad361149fffff,10.0,25.0,21.0,35.0,22.0,32.0,21.0,14.0,29.0,30.0,24.0,35.0,24.0,11.0,10.0,8.0,11.0,12.0,18.0,15.0,11.0,6.0,20.0,11.0,12.0,17.0,27.0,31.0,18.0,14.0,19.0,25.0,16.0,21.0,26.0,22.0,17.0,32.0,21.0,26.0,29.0,28.0,31.0,31.0,25.0,49.0,37.0,36.0,15.0,23.0,26.0,30.0,37.0
88ad36114bfffff,18.0,41.0,23.0,40.0,33.0,28.0,18.0,33.0,20.0,45.0,30.0,40.0,15.0,14.0,10.0,11.0,6.0,13.0,11.0,17.0,13.0,8.0,22.0,10.0,12.0,8.0,11.0,19.0,21.0,30.0,10.0,20.0,15.0,17.0,24.0,17.0,34.0,28.0,25.0,41.0,41.0,46.0,26.0,9.0,17.0,25.0,33.0,22.0,27.0,26.0,19.0,24.0,18.0
88ad36114dfffff,30.0,30.0,25.0,23.0,32.0,39.0,40.0,25.0,26.0,40.0,29.0,28.0,16.0,15.0,12.0,3.0,14.0,10.0,15.0,15.0,10.0,13.0,23.0,14.0,15.0,14.0,16.0,19.0,17.0,8.0,15.0,22.0,19.0,24.0,29.0,18.0,29.0,21.0,19.0,24.0,28.0,24.0,34.0,30.0,33.0,32.0,22.0,39.0,41.0,34.0,20.0,28.0,22.0
88ad361153fffff,0.0,0.0,0.0,0.0,0.0,0.0,0.0,0.0,0.0,0.0,0.0,0.0,0.0,0.0,0.0,0.0,0.0,0.0,0.0,0.0,0.0,0.0,0.0,0.0,1.0,0.0,0.0,0.0,0.0,1.0,0.0,0.0,0.0,0.0,0.0,0.0,0.0,0.0,0.0,0.0,0.0,0.0,1.0,0.0,0.0,0.0,0.0,0.0,0.0,0.0,0.0,0.0,0.0
88ad361157fffff,2.0,4.0,3.0,1.0,3.0,2.0,4.0,5.0,4.0,8.0,3.0,5.0,2.0,1.0,4.0,1.0,3.0,1.0,2.0,1.0,5.0,1.0,1.0,2.0,0.0,3.0,4.0,1.0,4.0,0.0,4.0,6.0,4.0,7.0,3.0,5.0,3.0,3.0,2.0,6.0,6.0,2.0,3.0,0.0,5.0,7.0,2.0,4.0,3.0,2.0,2.0,3.0,1.0
88ad361159fffff,0.0,1.0,0.0,0.0,0.0,0.0,0.0,0.0,0.0,0.0,0.0,0.0,0.0,0.0,0.0,0.0,0.0,0.0,0.0,0.0,0.0,0.0,0.0,1.0,0.0,0.0,0.0,0.0,0.0,0.0,0.0,0.0,0.0,0.0,0.0,0.0,0.0,0.0,0.0,0.0,0.0,0.0,1.0,0.0,0.0,1.0,0.0,0.0,0.0,0.0,2.0,0.0,0.0
88ad36115bfffff,0.0,0.0,0.0,0.0,0.0,0.0,0.0,0.0,0.0,0.0,1.0,0.0,0.0,0.0,0.0,0.0,0.0,0.0,0.0,0.0,0.0,0.0,0.0,0.0,0.0,0.0,0.0,0.0,0.0,0.0,0.0,0.0,0.0,0.0,1.0,0.0,0.0,0.0,0.0,0.0,0.0,0.0,0.0,0.0,0.0,0.0,0.0,0.0,0.0,0.0,0.0,0.0,0.0
88ad36115dfffff,0.0,0.0,0.0,0.0,1.0,1.0,0.0,0.0,0.0,1.0,0.0,1.0,1.0,0.0,0.0,0.0,0.0,0.0,0.0,1.0,0.0,0.0,0.0,0.0,0.0,1.0,0.0,1.0,0.0,2.0,0.0,2.0,1.0,0.0,2.0,1.0,0.0,1.0,2.0,1.0,1.0,1.0,1.0,3.0,1.0,0.0,1.0,2.0,1.0,1.0,1.0,1.0,1.0
88ad361161fffff,13.0,36.0,53.0,71.0,47.0,41.0,86.0,88.0,39.0,87.0,98.0,53.0,22.0,14.0,7.0,22.0,18.0,34.0,16.0,17.0,19.0,23.0,19.0,20.0,39.0,28.0,28.0,32.0,67.0,55.0,35.0,40.0,14.0,27.0,22.0,31.0,44.0,41.0,36.0,43.0,25.0,40.0,49.0,45.0,67.0,57.0,27.0,64.0,49.0,33.0,38.0,17.0,19.0
88ad361163fffff,9.0,22.0,28.0,36.0,24.0,50.0,30.0,30.0,23.0,37.0,27.0,34.0,28.0,13.0,8.0,16.0,7.0,9.0,13.0,8.0,13.0,6.0,15.0,12.0,10.0,14.0,27.0,19.0,25.0,9.0,16.0,13.0,14.0,16.0,33.0,24.0,19.0,28.0,11.0,27.0,30.0,23.0,26.0,35.0,21.0,26.0,22.0,17.0,20.0,27.0,28.0,21.0,12.0
88ad361165fffff,21.0,67.0,45.0,33.0,30.0,34.0,49.0,46.0,27.0,38.0,36.0,45.0,24.0,27.0,20.0,28.0,20.0,15.0,20.0,15.0,23.0,14.0,26.0,20.0,18.0,20.0,35.0,29.0,34.0,38.0,17.0,43.0,10.0,31.0,27.0,23.0,44.0,41.0,31.0,71.0,37.0,32.0,24.0,37.0,44.0,43.0,35.0,26.0,24.0,22.0,28.0,21.0,14.0
88ad361167fffff,4.0,14.0,19.0,14.0,24.0,8.0,12.0,7.0,12.0,20.0,7.0,12.0,11.0,1.0,4.0,0.0,2.0,1.0,8.0,2.0,3.0,1.0,2.0,2.0,3.0,1.0,4.0,3.0,4.0,8.0,10.0,12.0,3.0,4.0,0.0,4.0,8.0,7.0,9.0,13.0,9.0,7.0,30.0,5.0,12.0,12.0,4.0,3.0,6.0,4.0,5.0,10.0,1.0
88ad361169fffff,8.0,20.0,27.0,17.0,38.0,41.0,39.0,26.0,27.0,40.0,57.0,26.0,13.0,4.0,6.0,6.0,7.0,9.0,8.0,7.0,5.0,5.0,10.0,12.0,7.0,14.0,18.0,30.0,12.0,13.0,18.0,18.0,13.0,14.0,16.0,25.0,9.0,19.0,9.0,17.0,14.0,8.0,18.0,17.0,15.0,12.0,26.0,19.0,21.0,20.0,18.0,7.0,6.0
88ad36116bfffff,17.0,26.0,57.0,28.0,24.0,52.0,22.0,46.0,29.0,20.0,52.0,25.0,11.0,12.0,18.0,12.0,13.0,9.0,12.0,6.0,4.0,8.0,21.0,15.0,11.0,12.0,4.0,16.0,17.0,19.0,25.0,26.0,17.0,19.0,25.0,23.0,16.0,29.0,23.0,31.0,21.0,16.0,27.0,21.0,37.0,21.0,14.0,23.0,18.0,24.0,17.0,20.0,22.0
88ad36116dfffff,1.0,2.0,3.0,2.0,4.0,3.0,1.0,1.0,3.0,1.0,1.0,3.0,3.0,1.0,1.0,3.0,2.0,1.0,2.0,1.0,0.0,1.0,0.0,0.0,1.0,3.0,10.0,5.0,0.0,5.0,6.0,7.0,5.0,1.0,1.0,2.0,5.0,4.0,2.0,7.0,1.0,6.0,9.0,3.0,6.0,4.0,8.0,6.0,2.0,5.0,4.0,2.0,1.0
88ad361181fffff,16.0,24.0,29.0,40.0,30.0,32.0,30.0,29.0,19.0,32.0,21.0,24.0,21.0,14.0,10.0,7.0,15.0,19.0,13.0,12.0,18.0,13.0,11.0,16.0,7.0,12.0,19.0,13.0,17.0,18.0,19.0,15.0,19.0,22.0,16.0,24.0,44.0,49.0,35.0,21.0,26.0,32.0,23.0,33.0,22.0,45.0,27.0,18.0,28.0,27.0,25.0,21.0,18.0
88ad361183fffff,10.0,23.0,36.0,20.0,23.0,25.0,20.0,26.0,27.0,18.0,16.0,31.0,20.0,10.0,5.0,11.0,5.0,9.0,13.0,19.0,11.0,11.0,14.0,11.0,26.0,10.0,14.0,19.0,27.0,17.0,12.0,17.0,21.0,22.0,20.0,16.0,23.0,17.0,24.0,24.0,30.0,32.0,20.0,37.0,33.0,27.0,33.0,21.0,30.0,43.0,27.0,18.0,6.0
88ad361185fffff,3.0,8.0,12.0,11.0,11.0,6.0,8.0,10.0,15.0,17.0,14.0,9.0,10.0,8.0,4.0,1.0,3.0,3.0,5.0,3.0,6.0,17.0,9.0,8.0,17.0,7.0,6.0,11.0,9.0,16.0,29.0,13.0,10.0,24.0,15.0,18.0,16.0,19.0,15.0,13.0,13.0,11.0,7.0,9.0,13.0,12.0,13.0,11.0,11.0,18.0,8.0,8.0,10.0
88ad361187fffff,12.0,20.0,21.0,15.0,21.0,32.0,28.0,24.0,16.0,10.0,15.0,21.0,7.0,7.0,5.0,7.0,7.0,4.0,5.0,6.0,6.0,14.0,10.0,9.0,14.0,16.0,13.0,18.0,31.0,28.0,21.0,15.0,17.0,30.0,11.0,18.0,26.0,14.0,16.0,14.0,30.0,8.0,20.0,15.0,20.0,20.0,26.0,24.0,20.0,32.0,18.0,9.0,1.0
88ad361189fffff,9.0,30.0,26.0,47.0,26.0,32.0,17.0,34.0,31.0,28.0,25.0,26.0,13.0,11.0,8.0,11.0,6.0,11.0,15.0,12.0,12.0,14.0,13.0,9.0,8.0,19.0,25.0,14.0,21.0,18.0,24.0,32.0,17.0,20.0,20.0,31.0,56.0,48.0,31.0,24.0,18.0,23.0,27.0,32.0,33.0,32.0,19.0,18.0,19.0,34.0,19.0,30.0,15.0
88ad36118bfffff,14.0,28.0,37.0,31.0,21.0,18.0,27.0,20.0,15.0,11.0,22.0,22.0,20.0,16.0,11.0,12.0,15.0,15.0,6.0,20.0,13.0,13.0,29.0,17.0,13.0,25.0,25.0,19.0,29.0,11.0,26.0,29.0,42.0,38.0,15.0,37.0,60.0,41.0,26.0,36.0,33.0,40.0,26.0,29.0,38.0,32.0,20.0,24.0,31.0,45.0,40.0,36.0,28.0
88ad36118dfffff,19.0,36.0,40.0,53.0,36.0,39.0,52.0,36.0,46.0,35.0,52.0,42.0,21.0,19.0,10.0,15.0,16.0,13.0,12.0,11.0,8.0,15.0,28.0,19.0,24.0,28.0,55.0,32.0,26.0,30.0,26.0,38.0,28.0,89.0,40.0,31.0,49.0,44.0,45.0,46.0,40.0,36.0,34.0,32.0,39.0,42.0,41.0,35.0,53.0,63.0,35.0,28.0,23.0
88ad361191fffff,4.0,6.0,10.0,7.0,4.0,12.0,6.0,2.0,4.0,5.0,3.0,4.0,6.0,1.0,0.0,0.0,0.0,1.0,3.0,2.0,7.0,2.0,4.0,4.0,2.0,4.0,2.0,2.0,7.0,3.0,1.0,1.0,2.0,5.0,3.0,7.0,3.0,8.0,1.0,9.0,12.0,9.0,5.0,4.0,8.0,5.0,3.0,6.0,6.0,2.0,4.0,2.0,1.0
88ad361193fffff,0.0,0.0,0.0,0.0,0.0,0.0,0.0,0.0,0.0,0.0,0.0,0.0,0.0,0.0,0.0,1.0,1.0,0.0,0.0,0.0,0.0,0.0,0.0,0.0,1.0,1.0,0.0,0.0,0.0,0.0,0.0,0.0,0.0,0.0,1.0,1.0,0.0,0.0,0.0,0.0,1.0,3.0,1.0,3.0,0.0,2.0,1.0,0.0,0.0,0.0,2.0,2.0,1.0
88ad361195fffff,11.0,13.0,31.0,20.0,22.0,24.0,27.0,35.0,13.0,23.0,18.0,25.0,21.0,12.0,10.0,14.0,13.0,8.0,14.0,7.0,18.0,19.0,9.0,22.0,14.0,15.0,6.0,13.0,25.0,22.0,25.0,21.0,22.0,22.0,24.0,32.0,17.0,40.0,24.0,19.0,29.0,25.0,36.0,19.0,36.0,27.0,35.0,37.0,36.0,45.0,25.0,8.0,10.0
88ad361197fffff,4.0,3.0,11.0,9.0,9.0,12.0,11.0,11.0,8.0,11.0,7.0,4.0,9.0,10.0,3.0,4.0,5.0,2.0,5.0,11.0,5.0,11.0,7.0,5.0,11.0,8.0,10.0,7.0,17.0,13.0,2.0,9.0,22.0,9.0,10.0,31.0,14.0,12.0,14.0,23.0,12.0,7.0,8.0,13.0,13.0,17.0,15.0,14.0,25.0,27.0,11.0,10.0,6.0
88ad361199fffff,6.0,16.0,24.0,10.0,16.0,24.0,17.0,22.0,15.0,14.0,11.0,13.0,12.0,6.0,15.0,3.0,4.0,5.0,16.0,5.0,9.0,28.0,24.0,27.0,13.0,11.0,11.0,6.0,11.0,10.0,8.0,13.0,9.0,16.0,18.0,17.0,11.0,22.0,13.0,28.0,18.0,12.0,13.0,17.0,12.0,32.0,9.0,14.0,9.0,18.0,9.0,10.0,10.0
88ad36119bfffff,1.0,0.0,4.0,3.0,1.0,4.0,1.0,2.0,4.0,2.0,2.0,0.0,0.0,0.0,1.0,0.0,1.0,2.0,4.0,3.0,2.0,0.0,9.0,8.0,0.0,3.0,0.0,3.0,1.0,1.0,2.0,3.0,5.0,5.0,10.0,2.0,3.0,2.0,3.0,2.0,3.0,2.0,4.0,10.0,1.0,1.0,4.0,2.0,3.0,3.0,2.0,4.0,3.0
88ad36119dfffff,4.0,6.0,5.0,4.0,11.0,5.0,3.0,5.0,3.0,3.0,2.0,2.0,5.0,3.0,4.0,2.0,5.0,7.0,2.0,3.0,2.0,1.0,2.0,3.0,1.0,7.0,3.0,3.0,2.0,3.0,5.0,2.0,2.0,4.0,3.0,8.0,13.0,6.0,3.0,7.0,2.0,8.0,5.0,4.0,20.0,5.0,7.0,7.0,6.0,1.0,2.0,3.0,5.0
88ad3611a1fffff,39.0,46.0,27.0,26.0,26.0,23.0,34.0,23.0,28.0,19.0,24.0,19.0,17.0,9.0,10.0,8.0,16.0,12.0,23.0,11.0,22.0,12.0,19.0,20.0,15.0,22.0,25.0,35.0,29.0,25.0,12.0,24.0,15.0,21.0,28.0,46.0,25.0,17.0,17.0,29.0,29.0,35.0,27.0,23.0,30.0,35.0,25.0,18.0,26.0,41.0,23.0,22.0,19.0
88ad3611a3fffff,15.0,25.0,18.0,12.0,22.0,12.0,15.0,16.0,26.0,18.0,21.0,13.0,11.0,5.0,1.0,5.0,1.0,2.0,9.0,26.0,14.0,9.0,23.0,14.0,15.0,16.0,27.0,30.0,17.0,14.0,9.0,11.0,9.0,10.0,12.0,19.0,8.0,8.0,10.0,32.0,16.0,27.0,19.0,18.0,13.0,17.0,18.0,15.0,9.0,19.0,24.0,13.0,9.0
88ad3611a5fffff,6.0,33.0,19.0,13.0,17.0,14.0,21.0,14.0,16.0,15.0,29.0,11.0,13.0,2.0,17.0,7.0,13.0,7.0,7.0,8.0,8.0,6.0,6.0,12.0,12.0,11.0,16.0,10.0,46.0,15.0,5.0,12.0,26.0,9.0,15.0,15.0,12.0,10.0,11.0,17.0,13.0,17.0,10.0,20.0,29.0,22.0,12.0,10.0,14.0,22.0,12.0,24.0,13.0
88ad3611a7fffff,3.0,16.0,3.0,7.0,14.0,4.0,7.0,5.0,6.0,14.0,8.0,7.0,5.0,4.0,0.0,0.0,1.0,7.0,1.0,2.0,2.0,1.0,4.0,6.0,9.0,4.0,6.0,2.0,12.0,4.0,3.0,11.0,7.0,6.0,3.0,3.0,10.0,3.0,5.0,4.0,14.0,6.0,10.0,8.0,10.0,9.0,7.0,5.0,11.0,10.0,10.0,2.0,4.0
88ad3611a9fffff,6.0,26.0,26.0,30.0,34.0,51.0,58.0,33.0,77.0,47.0,37.0,68.0,23.0,7.0,17.0,23.0,21.0,12.0,17.0,19.0,8.0,26.0,32.0,25.0,20.0,21.0,27.0,21.0,19.0,31.0,31.0,57.0,74.0,71.0,66.0,101.0,61.0,44.0,25.0,63.0,52.0,48.0,45.0,49.0,54.0,70.0,52.0,50.0,63.0,55.0,29.0,18.0,32.0
88ad3611abfffff,11.0,16.0,23.0,15.0,20.0,11.0,11.0,16.0,23.0,19.0,27.0,15.0,17.0,4.0,8.0,8.0,0.0,6.0,10.0,6.0,14.0,18.0,28.0,15.0,18.0,39.0,17.0,41.0,28.0,23.0,14.0,17.0,17.0,24.0,26.0,38.0,18.0,22.0,15.0,15.0,23.0,19.0,15.0,17.0,25.0,32.0,14.0,22.0,22.0,23.0,31.0,15.0,7.0
88ad3611adfffff,12.0,43.0,34.0,27.0,29.0,26.0,43.0,21.0,49.0,37.0,31.0,21.0,22.0,10.0,10.0,14.0,13.0,11.0,10.0,14.0,23.0,26.0,20.0,33.0,12.0,14.0,25.0,43.0,53.0,29.0,23.0,49.0,16.0,27.0,35.0,42.0,47.0,29.0,21.0,40.0,21.0,39.0,39.0,30.0,45.0,34.0,26.0,28.0,36.0,30.0,17.0,19.0,13.0
88ad3611b1fffff,9.0,8.0,12.0,15.0,17.0,33.0,13.0,7.0,8.0,17.0,12.0,22.0,12.0,9.0,6.0,8.0,4.0,2.0,6.0,5.0,10.0,9.0,7.0,10.0,11.0,11.0,11.0,20.0,24.0,7.0,11.0,16.0,16.0,17.0,10.0,14.0,22.0,15.0,17.0,20.0,20.0,30.0,22.0,40.0,17.0,15.0,13.0,11.0,23.0,18.0,13.0,9.0,5.0
88ad3611b3fffff,2.0,7.0,11.0,10.0,11.0,12.0,12.0,8.0,11.0,14.0,12.0,11.0,8.0,3.0,2.0,3.0,2.0,1.0,5.0,2.0,6.0,8.0,3.0,12.0,12.0,8.0,6.0,8.0,8.0,10.0,13.0,3.0,12.0,7.0,13.0,11.0,16.0,20.0,17.0,11.0,12.0,13.0,13.0,6.0,11.0,18.0,9.0,12.0,13.0,8.0,16.0,7.0,2.0
88ad3611b5fffff,6.0,13.0,6.0,5.0,9.0,4.0,3.0,4.0,4.0,10.0,12.0,9.0,2.0,1.0,7.0,1.0,4.0,3.0,3.0,4.0,8.0,7.0,3.0,5.0,4.0,3.0,8.0,9.0,7.0,11.0,7.0,4.0,5.0,3.0,6.0,5.0,8.0,4.0,2.0,17.0,8.0,14.0,8.0,8.0,5.0,8.0,9.0,8.0,4.0,15.0,6.0,11.0,3.0
88ad3611b7fffff,3.0,6.0,3.0,4.0,12.0,5.0,12.0,6.0,6.0,3.0,5.0,3.0,2.0,3.0,2.0,3.0,4.0,2.0,1.0,2.0,6.0,7.0,6.0,11.0,13.0,3.0,10.0,5.0,10.0,7.0,7.0,7.0,8.0,3.0,3.0,5.0,12.0,14.0,7.0,8.0,10.0,5.0,7.0,4.0,4.0,11.0,9.0,5.0,6.0,4.0,3.0,0.0,1.0
88ad3611b9fffff,7.0,13.0,41.0,23.0,26.0,24.0,20.0,17.0,14.0,31.0,35.0,7.0,16.0,9.0,14.0,6.0,8.0,8.0,6.0,7.0,15.0,8.0,4.0,24.0,19.0,7.0,16.0,37.0,45.0,15.0,11.0,19.0,16.0,49.0,35.0,33.0,32.0,20.0,23.0,45.0,31.0,20.0,20.0,28.0,28.0,22.0,22.0,22.0,34.0,58.0,24.0,11.0,11.0
88ad3611bbfffff,7.0,12.0,29.0,14.0,15.0,13.0,23.0,17.0,20.0,3.0,20.0,11.0,13.0,8.0,2.0,4.0,8.0,12.0,3.0,3.0,8.0,18.0,12.0,12.0,15.0,17.0,12.0,25.0,45.0,11.0,25.0,17.0,15.0,22.0,13.0,27.0,21.0,21.0,22.0,14.0,14.0,19.0,13.0,25.0,20.0,17.0,23.0,27.0,36.0,38.0,16.0,16.0,9.0
88ad3611bdfffff,8.0,15.0,25.0,14.0,23.0,16.0,14.0,17.0,15.0,39.0,30.0,16.0,19.0,7.0,7.0,2.0,7.0,8.0,6.0,12.0,13.0,13.0,19.0,11.0,16.0,22.0,8.0,18.0,34.0,21.0,12.0,22.0,17.0,22.0,13.0,7.0,30.0,12.0,13.0,29.0,17.0,23.0,19.0,21.0,24.0,33.0,30.0,32.0,45.0,42.0,29.0,12.0,8.0
88ad3611c1fffff,13.0,31.0,18.0,46.0,33.0,18.0,30.0,38.0,22.0,33.0,19.0,32.0,12.0,10.0,9.0,11.0,12.0,13.0,10.0,7.0,8.0,14.0,15.0,20.0,25.0,30.0,19.0,31.0,20.0,23.0,22.0,24.0,17.0,18.0,24.0,25.0,30.0,36.0,18.0,29.0,31.0,25.0,18.0,24.0,26.0,32.0,22.0,17.0,28.0,29.0,26.0,20.0,16.0
88ad3611c3fffff,6.0,9.0,10.0,12.0,19.0,14.0,11.0,13.0,19.0,16.0,15.0,15.0,8.0,2.0,8.0,7.0,3.0,7.0,9.0,8.0,10.0,11.0,2.0,4.0,8.0,16.0,9.0,8.0,13.0,20.0,8.0,9.0,9.0,11.0,11.0,15.0,9.0,8.0,7.0,9.0,10.0,16.0,6.0,17.0,7.0,13.0,7.0,16.0,5.0,16.0,4.0,12.0,2.0
88ad3611c5fffff,12.0,15.0,30.0,29.0,25.0,16.0,18.0,19.0,29.0,28.0,19.0,16.0,13.0,10.0,5.0,9.0,11.0,12.0,10.0,5.0,14.0,13.0,7.0,6.0,27.0,17.0,16.0,16.0,25.0,12.0,11.0,13.0,16.0,17.0,16.0,26.0,24.0,19.0,14.0,23.0,22.0,21.0,14.0,22.0,22.0,20.0,15.0,11.0,26.0,25.0,16.0,8.0,23.0
88ad3611c7fffff,15.0,41.0,24.0,42.0,32.0,23.0,39.0,40.0,50.0,58.0,42.0,30.0,25.0,8.0,8.0,5.0,9.0,10.0,14.0,13.0,21.0,10.0,8.0,13.0,13.0,15.0,16.0,11.0,22.0,21.0,41.0,45.0,29.0,27.0,35.0,38.0,21.0,29.0,55.0,42.0,31.0,29.0,19.0,30.0,35.0,40.0,29.0,28.0,75.0,23.0,35.0,21.0,10.0
88ad3611c9fffff,16.0,18.0,18.0,32.0,34.0,26.0,32.0,22.0,21.0,21.0,17.0,31.0,16.0,10.0,2.0,9.0,5.0,5.0,5.0,10.0,15.0,18.0,15.0,11.0,18.0,21.0,19.0,13.0,25.0,23.0,21.0,35.0,12.0,27.0,33.0,22.0,28.0,22.0,25.0,23.0,22.0,18.0,16.0,21.0,26.0,22.0,25.0,14.0,20.0,31.0,18.0,15.0,10.0
88ad3611cbfffff,8.0,14.0,13.0,32.0,25.0,29.0,18.0,9.0,15.0,20.0,18.0,20.0,10.0,8.0,3.0,4.0,5.0,3.0,10.0,8.0,7.0,23.0,18.0,18.0,28.0,19.0,12.0,28.0,22.0,12.0,12.0,17.0,12.0,24.0,31.0,18.0,18.0,20.0,13.0,10.0,20.0,29.0,19.0,30.0,12.0,25.0,19.0,22.0,24.0,18.0,11.0,12.0,11.0
88ad3611cdfffff,14.0,34.0,40.0,40.0,37.0,39.0,23.0,23.0,23.0,34.0,27.0,42.0,30.0,12.0,15.0,17.0,17.0,11.0,20.0,11.0,22.0,10.0,13.0,23.0,10.0,24.0,13.0,11.0,14.0,14.0,21.0,29.0,15.0,16.0,30.0,23.0,23.0,20.0,19.0,22.0,29.0,23.0,17.0,16.0,15.0,27.0,18.0,20.0,27.0,25.0,26.0,28.0,18.0
88ad3611d1fffff,0.0,4.0,2.0,4.0,5.0,1.0,0.0,5.0,1.0,2.0,1.0,3.0,0.0,1.0,0.0,4.0,0.0,3.0,5.0,3.0,0.0,2.0,2.0,0.0,2.0,3.0,6.0,11.0,0.0,2.0,2.0,2.0,3.0,1.0,3.0,5.0,4.0,2.0,1.0,1.0,1.0,6.0,5.0,2.0,6.0,3.0,1.0,6.0,2.0,2.0,2.0,0.0,0.0
88ad3611d3fffff,4.0,1.0,0.0,0.0,0.0,3.0,5.0,1.0,3.0,6.0,11.0,2.0,7.0,2.0,0.0,0.0,1.0,2.0,3.0,9.0,1.0,7.0,0.0,4.0,5.0,3.0,4.0,7.0,3.0,1.0,0.0,1.0,0.0,3.0,3.0,0.0,1.0,2.0,3.0,0.0,2.0,4.0,2.0,3.0,3.0,3.0,2.0,4.0,4.0,3.0,3.0,3.0,1.0
88ad3611d5fffff,2.0,2.0,2.0,5.0,5.0,5.0,3.0,3.0,4.0,5.0,2.0,7.0,1.0,0.0,0.0,2.0,2.0,1.0,2.0,2.0,0.0,2.0,2.0,4.0,3.0,7.0,3.0,4.0,6.0,4.0,9.0,1.0,3.0,5.0,3.0,5.0,7.0,7.0,4.0,2.0,3.0,3.0,3.0,3.0,3.0,3.0,4.0,1.0,2.0,8.0,7.0,3.0,4.0
88ad3611d7fffff,0.0,3.0,3.0,2.0,4.0,0.0,3.0,5.0,1.0,5.0,4.0,3.0,0.0,2.0,3.0,0.0,0.0,3.0,4.0,8.0,5.0,2.0,4.0,5.0,3.0,2.0,3.0,18.0,3.0,2.0,4.0,1.0,1.0,2.0,3.0,5.0,4.0,5.0,3.0,15.0,2.0,5.0,4.0,10.0,6.0,9.0,3.0,6.0,4.0,5.0,4.0,3.0,1.0
88ad3611d9fffff,15.0,24.0,16.0,29.0,11.0,12.0,16.0,12.0,14.0,15.0,19.0,20.0,11.0,7.0,13.0,16.0,8.0,13.0,10.0,17.0,7.0,14.0,5.0,17.0,13.0,18.0,23.0,12.0,27.0,16.0,15.0,14.0,8.0,17.0,15.0,20.0,9.0,12.0,11.0,21.0,12.0,12.0,8.0,18.0,15.0,22.0,16.0,10.0,32.0,28.0,13.0,23.0,7.0
88ad3611dbfffff,1.0,0.0,2.0,5.0,2.0,2.0,0.0,5.0,1.0,3.0,4.0,2.0,2.0,0.0,0.0,1.0,0.0,0.0,3.0,5.0,1.0,2.0,0.0,2.0,1.0,4.0,1.0,9.0,3.0,2.0,2.0,0.0,1.0,2.0,4.0,0.0,3.0,3.0,2.0,0.0,4.0,2.0,6.0,1.0,1.0,1.0,0.0,2.0,0.0,2.0,4.0,5.0,3.0
88ad3611ddfffff,0.0,1.0,1.0,0.0,2.0,3.0,0.0,3.0,0.0,2.0,4.0,2.0,2.0,0.0,1.0,0.0,1.0,1.0,4.0,14.0,1.0,2.0,1.0,6.0,1.0,0.0,4.0,9.0,3.0,3.0,6.0,1.0,0.0,2.0,5.0,2.0,3.0,0.0,1.0,1.0,0.0,5.0,0.0,2.0,2.0,2.0,4.0,1.0,0.0,1.0,2.0,1.0,0.0
88ad3611e1fffff,7.0,25.0,23.0,39.0,31.0,23.0,37.0,20.0,25.0,28.0,26.0,27.0,9.0,10.0,17.0,15.0,15.0,11.0,17.0,10.0,14.0,17.0,15.0,18.0,14.0,34.0,23.0,29.0,30.0,26.0,33.0,32.0,26.0,23.0,17.0,19.0,19.0,16.0,17.0,23.0,20.0,15.0,27.0,28.0,45.0,35.0,32.0,15.0,23.0,31.0,19.0,23.0,7.0
88ad3611e3fffff,1.0,10.0,10.0,10.0,6.0,7.0,12.0,8.0,18.0,6.0,1.0,10.0,4.0,3.0,6.0,5.0,5.0,1.0,2.0,4.0,2.0,9.0,13.0,5.0,5.0,8.0,10.0,14.0,15.0,6.0,10.0,12.0,9.0,10.0,10.0,6.0,11.0,9.0,7.0,7.0,15.0,15.0,5.0,9.0,10.0,9.0,7.0,8.0,11.0,21.0,5.0,6.0,4.0
88ad3611e5fffff,2.0,22.0,30.0,25.0,17.0,33.0,27.0,29.0,18.0,25.0,13.0,16.0,8.0,19.0,5.0,13.0,7.0,12.0,5.0,18.0,9.0,8.0,11.0,22.0,15.0,20.0,11.0,24.0,21.0,20.0,19.0,11.0,14.0,24.0,26.0,26.0,21.0,11.0,11.0,28.0,10.0,19.0,20.0,36.0,22.0,24.0,20.0,15.0,33.0,32.0,27.0,15.0,13.0
88ad3611e7fffff,15.0,26.0,33.0,24.0,29.0,30.0,26.0,24.0,23.0,70.0,12.0,17.0,20.0,13.0,14.0,8.0,9.0,4.0,11.0,11.0,21.0,18.0,16.0,19.0,21.0,21.0,34.0,19.0,66.0,19.0,15.0,31.0,22.0,26.0,12.0,32.0,70.0,25.0,27.0,17.0,32.0,43.0,20.0,26.0,24.0,33.0,19.0,20.0,22.0,42.0,13.0,18.0,13.0
88ad3611e9fffff,23.0,42.0,23.0,52.0,54.0,39.0,45.0,26.0,38.0,42.0,44.0,50.0,35.0,19.0,16.0,17.0,18.0,8.0,14.0,16.0,29.0,25.0,32.0,18.0,15.0,25.0,30.0,22.0,27.0,27.0,31.0,31.0,28.0,29.0,29.0,25.0,30.0,35.0,36.0,35.0,48.0,29.0,35.0,35.0,36.0,44.0,41.0,32.0,45.0,28.0,30.0,36.0,24.0
88ad3611ebfffff,7.0,28.0,34.0,32.0,21.0,16.0,20.0,10.0,18.0,15.0,11.0,12.0,7.0,17.0,7.0,14.0,1.0,7.0,13.0,6.0,6.0,14.0,13.0,22.0,12.0,13.0,10.0,26.0,15.0,18.0,35.0,19.0,22.0,26.0,23.0,25.0,21.0,17.0,22.0,17.0,21.0,12.0,29.0,24.0,23.0,28.0,8.0,27.0,61.0,30.0,12.0,13.0,11.0
88ad3611edfffff,17.0,34.0,33.0,40.0,31.0,31.0,44.0,38.0,30.0,27.0,40.0,31.0,28.0,28.0,22.0,18.0,13.0,10.0,15.0,34.0,20.0,21.0,19.0,26.0,23.0,20.0,22.0,31.0,48.0,35.0,39.0,27.0,34.0,27.0,29.0,29.0,30.0,28.0,26.0,32.0,30.0,29.0,24.0,23.0,19.0,28.0,21.0,18.0,32.0,24.0,16.0,22.0,20.0
88ad361201fffff,5.0,2.0,21.0,6.0,4.0,5.0,6.0,3.0,8.0,6.0,4.0,11.0,2.0,6.0,2.0,2.0,0.0,2.0,7.0,3.0,1.0,5.0,13.0,4.0,4.0,3.0,11.0,8.0,9.0,13.0,13.0,9.0,11.0,6.0,15.0,8.0,7.0,2.0,22.0,15.0,13.0,14.0,13.0,2.0,12.0,11.0,14.0,5.0,9.0,6.0,6.0,5.0,7.0
88ad361203fffff,0.0,0.0,0.0,4.0,5.0,0.0,1.0,0.0,1.0,0.0,2.0,2.0,0.0,0.0,0.0,3.0,0.0,1.0,1.0,0.0,0.0,2.0,0.0,0.0,0.0,2.0,2.0,1.0,0.0,0.0,1.0,2.0,4.0,7.0,1.0,3.0,2.0,1.0,0.0,0.0,5.0,2.0,1.0,2.0,1.0,1.0,0.0,1.0,2.0,1.0,1.0,3.0,1.0
88ad361205fffff,3.0,16.0,22.0,21.0,10.0,10.0,44.0,15.0,11.0,17.0,12.0,14.0,8.0,8.0,6.0,7.0,9.0,17.0,11.0,12.0,12.0,13.0,10.0,19.0,17.0,8.0,20.0,17.0,36.0,16.0,29.0,20.0,20.0,18.0,17.0,31.0,19.0,16.0,15.0,18.0,16.0,15.0,20.0,16.0,11.0,21.0,22.0,19.0,18.0,14.0,9.0,6.0,8.0
88ad361207fffff,22.0,38.0,24.0,34.0,24.0,36.0,26.0,37.0,24.0,38.0,26.0,25.0,29.0,27.0,25.0,22.0,56.0,18.0,32.0,29.0,23.0,42.0,28.0,36.0,34.0,36.0,42.0,21.0,29.0,42.0,34.0,50.0,56.0,67.0,41.0,57.0,61.0,36.0,38.0,33.0,58.0,27.0,23.0,25.0,26.0,37.0,24.0,31.0,28.0,38.0,26.0,31.0,30.0
88ad361209fffff,3.0,1.0,5.0,9.0,9.0,5.0,4.0,2.0,2.0,6.0,6.0,5.0,4.0,6.0,4.0,4.0,0.0,1.0,2.0,0.0,5.0,4.0,5.0,2.0,0.0,5.0,4.0,3.0,2.0,2.0,3.0,1.0,7.0,6.0,4.0,0.0,4.0,6.0,5.0,2.0,4.0,1.0,3.0,2.0,5.0,0.0,2.0,4.0,7.0,3.0,2.0,2.0,2.0
88ad36120bfffff,1.0,3.0,0.0,8.0,5.0,4.0,0.0,0.0,11.0,4.0,2.0,2.0,4.0,6.0,1.0,3.0,2.0,2.0,2.0,2.0,3.0,2.0,1.0,3.0,1.0,2.0,4.0,5.0,4.0,1.0,2.0,1.0,6.0,3.0,3.0,3.0,7.0,7.0,1.0,5.0,4.0,2.0,2.0,5.0,7.0,8.0,7.0,6.0,12.0,2.0,1.0,3.0,1.0
88ad36120dfffff,8.0,21.0,35.0,29.0,24.0,23.0,27.0,15.0,29.0,23.0,23.0,15.0,16.0,16.0,10.0,9.0,9.0,9.0,13.0,12.0,9.0,14.0,27.0,23.0,21.0,13.0,29.0,28.0,23.0,14.0,27.0,31.0,20.0,27.0,23.0,21.0,30.0,38.0,15.0,38.0,19.0,24.0,36.0,25.0,19.0,29.0,24.0,15.0,17.0,19.0,29.0,12.0,6.0
88ad361211fffff,0.0,0.0,0.0,2.0,0.0,3.0,0.0,0.0,1.0,0.0,1.0,0.0,0.0,0.0,0.0,0.0,1.0,0.0,1.0,0.0,0.0,2.0,0.0,1.0,0.0,0.0,2.0,2.0,0.0,2.0,0.0,0.0,0.0,3.0,0.0,0.0,1.0,0.0,1.0,1.0,1.0,2.0,0.0,2.0,0.0,1.0,0.0,1.0,1.0,0.0,0.0,0.0,1.0
88ad361213fffff,0.0,1.0,0.0,2.0,4.0,3.0,0.0,1.0,0.0,1.0,0.0,1.0,3.0,2.0,0.0,1.0,0.0,1.0,0.0,2.0,1.0,2.0,0.0,1.0,1.0,2.0,3.0,2.0,1.0,3.0,1.0,2.0,2.0,2.0,2.0,0.0,2.0,0.0,1.0,0.0,0.0,2.0,5.0,3.0,2.0,1.0,2.0,2.0,4.0,0.0,0.0,0.0,1.0
88ad361215fffff,1.0,0.0,1.0,9.0,4.0,3.0,4.0,7.0,3.0,3.0,0.0,1.0,1.0,0.0,2.0,6.0,2.0,0.0,5.0,2.0,2.0,2.0,2.0,0.0,0.0,1.0,11.0,6.0,1.0,3.0,1.0,4.0,8.0,2.0,5.0,0.0,2.0,1.0,7.0,0.0,3.0,8.0,2.0,3.0,3.0,1.0,4.0,4.0,2.0,0.0,0.0,0.0,0.0
88ad361217fffff,1.0,3.0,0.0,2.0,5.0,2.0,2.0,5.0,1.0,7.0,5.0,3.0,5.0,1.0,2.0,1.0,1.0,3.0,10.0,3.0,2.0,3.0,5.0,1.0,4.0,3.0,6.0,2.0,4.0,4.0,3.0,5.0,6.0,8.0,4.0,12.0,7.0,4.0,3.0,2.0,9.0,1.0,8.0,1.0,3.0,4.0,7.0,4.0,10.0,4.0,4.0,4.0,6.0
88ad361219fffff,0.0,0.0,0.0,5.0,1.0,0.0,1.0,0.0,1.0,2.0,1.0,0.0,0.0,0.0,0.0,0.0,1.0,0.0,0.0,2.0,1.0,0.0,0.0,1.0,1.0,1.0,3.0,1.0,1.0,1.0,3.0,0.0,1.0,0.0,0.0,3.0,1.0,0.0,2.0,1.0,3.0,0.0,0.0,0.0,1.0,3.0,2.0,0.0,2.0,2.0,1.0,0.0,0.0
88ad36121bfffff,0.0,1.0,0.0,0.0,0.0,4.0,3.0,1.0,0.0,1.0,1.0,1.0,0.0,0.0,1.0,1.0,0.0,0.0,0.0,2.0,0.0,0.0,2.0,1.0,0.0,1.0,2.0,1.0,0.0,1.0,1.0,5.0,2.0,2.0,1.0,0.0,2.0,0.0,2.0,6.0,8.0,1.0,3.0,4.0,4.0,4.0,2.0,0.0,5.0,1.0,1.0,1.0,1.0
88ad36121dfffff,0.0,1.0,1.0,4.0,2.0,1.0,0.0,0.0,1.0,0.0,3.0,0.0,0.0,0.0,0.0,0.0,0.0,1.0,2.0,0.0,0.0,0.0,0.0,0.0,0.0,0.0,1.0,0.0,0.0,1.0,2.0,0.0,0.0,0.0,1.0,0.0,2.0,0.0,1.0,0.0,0.0,0.0,0.0,0.0,0.0,0.0,3.0,1.0,2.0,2.0,1.0,2.0,0.0
88ad361221fffff,6.0,16.0,20.0,18.0,10.0,16.0,25.0,20.0,14.0,22.0,18.0,19.0,10.0,9.0,23.0,5.0,18.0,7.0,14.0,6.0,7.0,15.0,13.0,27.0,25.0,13.0,17.0,12.0,17.0,20.0,17.0,20.0,8.0,32.0,26.0,22.0,15.0,18.0,16.0,17.0,23.0,24.0,29.0,16.0,18.0,17.0,13.0,17.0,14.0,17.0,10.0,10.0,10.0
88ad361223fffff,7.0,17.0,35.0,17.0,42.0,26.0,15.0,45.0,26.0,31.0,40.0,51.0,17.0,35.0,30.0,20.0,47.0,27.0,11.0,21.0,37.0,25.0,14.0,49.0,46.0,21.0,28.0,28.0,27.0,32.0,20.0,27.0,25.0,25.0,31.0,64.0,25.0,29.0,17.0,22.0,29.0,58.0,47.0,31.0,25.0,35.0,31.0,24.0,29.0,20.0,32.0,12.0,15.0
88ad361225fffff,1.0,6.0,6.0,7.0,2.0,2.0,7.0,9.0,8.0,2.0,5.0,1.0,8.0,1.0,3.0,1.0,1.0,1.0,4.0,4.0,4.0,3.0,4.0,2.0,3.0,7.0,7.0,7.0,5.0,6.0,3.0,7.0,13.0,8.0,13.0,12.0,14.0,2.0,4.0,4.0,5.0,16.0,4.0,8.0,4.0,5.0,6.0,7.0,4.0,2.0,5.0,4.0,6.0
88ad361227fffff,8.0,33.0,36.0,33.0,27.0,19.0,29.0,25.0,23.0,29.0,29.0,30.0,24.0,39.0,29.0,18.0,52.0,17.0,27.0,24.0,30.0,23.0,17.0,25.0,25.0,23.0,33.0,10.0,11.0,17.0,30.0,33.0,32.0,28.0,31.0,38.0,22.0,15.0,22.0,23.0,29.0,38.0,22.0,24.0,20.0,22.0,17.0,23.0,11.0,26.0,10.0,15.0,7.0
88ad361229fffff,6.0,13.0,24.0,25.0,23.0,18.0,28.0,26.0,27.0,20.0,26.0,16.0,24.0,18.0,16.0,8.0,16.0,17.0,24.0,10.0,23.0,12.0,12.0,15.0,22.0,11.0,21.0,18.0,13.0,31.0,28.0,31.0,16.0,26.0,40.0,32.0,19.0,34.0,26.0,20.0,24.0,36.0,31.0,36.0,17.0,46.0,33.0,15.0,18.0,17.0,11.0,7.0,4.0
88ad36122bfffff,15.0,30.0,25.0,58.0,33.0,46.0,40.0,60.0,34.0,39.0,27.0,42.0,50.0,45.0,79.0,53.0,63.0,46.0,49.0,50.0,38.0,61.0,45.0,59.0,43.0,50.0,50.0,61.0,34.0,57.0,48.0,44.0,52.0,53.0,49.0,45.0,51.0,31.0,24.0,36.0,39.0,60.0,44.0,45.0,74.0,54.0,110.0,25.0,20.0,29.0,22.0,17.0,14.0
88ad36122dfffff,6.0,20.0,18.0,17.0,21.0,17.0,20.0,19.0,15.0,12.0,9.0,12.0,9.0,4.0,15.0,14.0,12.0,16.0,20.0,8.0,9.0,9.0,8.0,14.0,15.0,8.0,11.0,19.0,13.0,23.0,11.0,19.0,12.0,11.0,27.0,18.0,13.0,13.0,21.0,12.0,26.0,11.0,15.0,9.0,11.0,16.0,12.0,12.0,13.0,11.0,13.0,10.0,9.0
88ad361231fffff,17.0,26.0,26.0,22.0,24.0,11.0,37.0,13.0,16.0,6.0,21.0,30.0,13.0,17.0,22.0,19.0,17.0,13.0,21.0,21.0,14.0,17.0,17.0,10.0,23.0,17.0,33.0,19.0,9.0,32.0,45.0,43.0,33.0,46.0,18.0,28.0,56.0,46.0,18.0,24.0,63.0,59.0,58.0,49.0,37.0,34.0,53.0,30.0,36.0,44.0,27.0,32.0,22.0
88ad361233fffff,9.0,13.0,8.0,19.0,19.0,4.0,10.0,15.0,10.0,6.0,20.0,16.0,15.0,7.0,4.0,9.0,45.0,6.0,13.0,5.0,9.0,13.0,7.0,14.0,15.0,11.0,20.0,15.0,15.0,25.0,22.0,13.0,26.0,24.0,12.0,23.0,11.0,18.0,19.0,21.0,19.0,9.0,21.0,8.0,7.0,10.0,14.0,16.0,8.0,10.0,4.0,6.0,1.0
88ad361235fffff,20.0,28.0,38.0,31.0,32.0,19.0,23.0,42.0,57.0,33.0,56.0,64.0,41.0,41.0,42.0,20.0,26.0,14.0,27.0,32.0,19.0,21.0,37.0,35.0,28.0,34.0,37.0,43.0,29.0,46.0,39.0,31.0,37.0,50.0,102.0,59.0,47.0,39.0,45.0,25.0,65.0,53.0,57.0,37.0,70.0,44.0,40.0,43.0,29.0,18.0,17.0,35.0,73.0
88ad361237fffff,6.0,24.0,16.0,36.0,23.0,24.0,33.0,40.0,28.0,35.0,20.0,31.0,18.0,11.0,23.0,17.0,28.0,22.0,25.0,27.0,20.0,54.0,34.0,34.0,33.0,38.0,35.0,29.0,14.0,34.0,40.0,40.0,32.0,34.0,30.0,34.0,19.0,23.0,34.0,32.0,21.0,19.0,36.0,30.0,16.0,17.0,28.0,33.0,20.0,21.0,14.0,17.0,13.0
88ad361239fffff,1.0,4.0,5.0,9.0,5.0,8.0,13.0,7.0,22.0,12.0,4.0,10.0,14.0,10.0,11.0,4.0,8.0,4.0,9.0,6.0,3.0,9.0,6.0,5.0,16.0,12.0,10.0,7.0,11.0,13.0,12.0,1.0,10.0,11.0,21.0,9.0,10.0,8.0,12.0,9.0,19.0,13.0,7.0,6.0,4.0,11.0,9.0,29.0,9.0,4.0,12.0,3.0,7.0
88ad36123bfffff,1.0,0.0,1.0,4.0,3.0,2.0,0.0,1.0,1.0,1.0,0.0,0.0,0.0,0.0,0.0,2.0,0.0,0.0,1.0,1.0,1.0,0.0,0.0,0.0,0.0,0.0,2.0,2.0,1.0,0.0,0.0,0.0,1.0,0.0,1.0,1.0,1.0,0.0,1.0,0.0,1.0,0.0,0.0,0.0,0.0,1.0,0.0,0.0,2.0,1.0,0.0,0.0,0.0
88ad36123dfffff,7.0,14.0,26.0,21.0,22.0,20.0,26.0,26.0,29.0,25.0,30.0,55.0,21.0,23.0,24.0,22.0,40.0,17.0,26.0,21.0,24.0,29.0,17.0,52.0,35.0,12.0,25.0,17.0,25.0,15.0,16.0,27.0,25.0,15.0,16.0,45.0,36.0,24.0,24.0,19.0,36.0,26.0,24.0,19.0,23.0,22.0,26.0,18.0,16.0,25.0,16.0,15.0,7.0
88ad361241fffff,5.0,15.0,12.0,27.0,22.0,8.0,17.0,17.0,17.0,24.0,13.0,17.0,7.0,11.0,2.0,5.0,3.0,4.0,3.0,3.0,2.0,3.0,4.0,8.0,10.0,18.0,11.0,16.0,11.0,19.0,14.0,9.0,7.0,11.0,16.0,10.0,10.0,9.0,12.0,21.0,17.0,22.0,10.0,15.0,11.0,24.0,20.0,14.0,21.0,10.0,11.0,10.0,10.0
88ad361243fffff,0.0,0.0,0.0,1.0,0.0,1.0,1.0,0.0,1.0,0.0,0.0,1.0,0.0,0.0,0.0,0.0,0.0,0.0,0.0,1.0,0.0,0.0,0.0,0.0,0.0,0.0,1.0,0.0,0.0,0.0,0.0,1.0,0.0,0.0,0.0,0.0,0.0,0.0,1.0,0.0,2.0,3.0,1.0,0.0,0.0,0.0,0.0,2.0,0.0,2.0,0.0,0.0,1.0
88ad361245fffff,6.0,5.0,13.0,11.0,11.0,14.0,16.0,7.0,17.0,14.0,11.0,8.0,9.0,6.0,3.0,2.0,4.0,6.0,3.0,3.0,4.0,7.0,13.0,14.0,17.0,8.0,7.0,6.0,3.0,14.0,7.0,12.0,6.0,12.0,11.0,16.0,18.0,7.0,8.0,8.0,26.0,13.0,7.0,11.0,23.0,12.0,13.0,12.0,11.0,15.0,5.0,7.0,6.0
88ad361247fffff,16.0,20.0,16.0,18.0,18.0,30.0,29.0,14.0,51.0,27.0,14.0,15.0,23.0,9.0,13.0,15.0,11.0,12.0,6.0,19.0,9.0,9.0,9.0,16.0,16.0,14.0,15.0,13.0,23.0,26.0,26.0,25.0,14.0,13.0,15.0,18.0,31.0,34.0,31.0,35.0,35.0,23.0,15.0,32.0,54.0,27.0,54.0,34.0,30.0,29.0,31.0,19.0,17.0
88ad361249fffff,2.0,4.0,1.0,3.0,4.0,5.0,5.0,5.0,3.0,8.0,3.0,7.0,3.0,5.0,1.0,0.0,3.0,1.0,3.0,4.0,2.0,2.0,1.0,2.0,2.0,2.0,1.0,1.0,4.0,3.0,5.0,5.0,2.0,55.0,44.0,9.0,2.0,5.0,7.0,5.0,6.0,4.0,4.0,1.0,4.0,13.0,3.0,4.0,5.0,5.0,45.0,7.0,5.0
88ad36124bfffff,0.0,0.0,0.0,0.0,1.0,0.0,0.0,0.0,0.0,0.0,0.0,0.0,0.0,0.0,0.0,0.0,0.0,0.0,0.0,0.0,0.0,0.0,0.0,0.0,0.0,0.0,0.0,0.0,0.0,0.0,0.0,0.0,0.0,0.0,0.0,0.0,0.0,0.0,1.0,0.0,0.0,0.0,0.0,0.0,0.0,0.0,0.0,0.0,0.0,0.0,0.0,0.0,0.0
88ad36124dfffff,6.0,7.0,20.0,12.0,8.0,16.0,13.0,26.0,7.0,12.0,10.0,16.0,5.0,4.0,6.0,7.0,3.0,4.0,10.0,7.0,6.0,13.0,10.0,11.0,10.0,5.0,11.0,14.0,17.0,29.0,9.0,18.0,14.0,16.0,12.0,24.0,9.0,13.0,8.0,14.0,31.0,16.0,18.0,11.0,15.0,15.0,18.0,17.0,19.0,21.0,6.0,19.0,8.0
88ad361251fffff,0.0,0.0,0.0,0.0,0.0,0.0,1.0,0.0,0.0,1.0,0.0,1.0,0.0,0.0,1.0,1.0,0.0,0.0,0.0,0.0,0.0,0.0,0.0,0.0,2.0,1.0,0.0,1.0,1.0,0.0,0.0,0.0,1.0,1.0,0.0,1.0,1.0,0.0,0.0,3.0,2.0,0.0,0.0,0.0,1.0,0.0,0.0,1.0,0.0,0.0,0.0,0.0,0.0
88ad361253fffff,0.0,0.0,0.0,0.0,3.0,2.0,0.0,2.0,2.0,1.0,0.0,1.0,1.0,0.0,1.0,1.0,0.0,0.0,1.0,1.0,0.0,1.0,1.0,1.0,2.0,3.0,1.0,0.0,3.0,0.0,1.0,0.0,3.0,1.0,0.0,1.0,0.0,0.0,2.0,0.0,1.0,0.0,0.0,1.0,0.0,0.0,1.0,0.0,2.0,3.0,2.0,0.0,0.0
88ad361255fffff,0.0,0.0,0.0,2.0,1.0,0.0,0.0,1.0,1.0,1.0,1.0,1.0,0.0,1.0,1.0,0.0,3.0,0.0,0.0,2.0,0.0,1.0,1.0,1.0,1.0,2.0,1.0,1.0,1.0,0.0,0.0,1.0,1.0,0.0,0.0,1.0,3.0,0.0,1.0,2.0,0.0,0.0,0.0,0.0,0.0,0.0,1.0,3.0,2.0,0.0,0.0,1.0,0.0
88ad361257fffff,0.0,0.0,0.0,2.0,1.0,1.0,0.0,0.0,1.0,0.0,0.0,0.0,0.0,0.0,0.0,0.0,0.0,0.0,0.0,0.0,0.0,0.0,0.0,0.0,1.0,0.0,0.0,0.0,0.0,0.0,0.0,0.0,1.0,0.0,1.0,0.0,0.0,0.0,1.0,1.0,0.0,0.0,0.0,0.0,1.0,4.0,0.0,0.0,1.0,0.0,0.0,0.0,0.0
88ad361259fffff,0.0,1.0,0.0,0.0,0.0,1.0,0.0,0.0,1.0,2.0,0.0,0.0,0.0,0.0,0.0,0.0,0.0,0.0,3.0,0.0,1.0,0.0,0.0,0.0,0.0,0.0,0.0,0.0,0.0,0.0,1.0,1.0,0.0,0.0,0.0,1.0,0.0,1.0,0.0,0.0,4.0,1.0,0.0,0.0,0.0,0.0,0.0,0.0,0.0,0.0,0.0,0.0,0.0
88ad36125bfffff,0.0,0.0,0.0,0.0,3.0,1.0,1.0,0.0,1.0,0.0,0.0,1.0,2.0,1.0,0.0,1.0,2.0,1.0,1.0,2.0,0.0,1.0,0.0,0.0,1.0,0.0,0.0,0.0,0.0,2.0,2.0,3.0,8.0,2.0,0.0,4.0,1.0,0.0,2.0,2.0,2.0,1.0,1.0,0.0,1.0,2.0,0.0,1.0,0.0,0.0,0.0,0.0,0.0
88ad36125dfffff,0.0,0.0,0.0,0.0,0.0,0.0,0.0,0.0,1.0,0.0,0.0,0.0,0.0,1.0,0.0,0.0,0.0,0.0,0.0,0.0,0.0,1.0,1.0,0.0,0.0,0.0,0.0,0.0,2.0,0.0,1.0,0.0,0.0,1.0,1.0,0.0,0.0,0.0,0.0,1.0,0.0,0.0,0.0,0.0,1.0,0.0,0.0,0.0,0.0,0.0,0.0,0.0,0.0
88ad361261fffff,15.0,22.0,36.0,35.0,26.0,22.0,18.0,27.0,27.0,23.0,36.0,21.0,21.0,4.0,10.0,7.0,16.0,15.0,19.0,10.0,1.0,15.0,9.0,14.0,15.0,18.0,17.0,25.0,11.0,15.0,25.0,18.0,6.0,20.0,28.0,24.0,11.0,19.0,21.0,21.0,21.0,29.0,27.0,12.0,28.0,20.0,22.0,21.0,28.0,28.0,24.0,20.0,13.0
88ad361263fffff,7.0,19.0,9.0,12.0,14.0,10.0,22.0,19.0,16.0,9.0,21.0,25.0,12.0,10.0,6.0,6.0,7.0,11.0,11.0,1.0,6.0,8.0,10.0,9.0,12.0,13.0,15.0,11.0,23.0,15.0,25.0,10.0,19.0,20.0,22.0,25.0,22.0,28.0,32.0,19.0,21.0,26.0,22.0,14.0,21.0,15.0,13.0,8.0,8.0,29.0,18.0,9.0,4.0
88ad361265fffff,7.0,14.0,9.0,7.0,13.0,18.0,14.0,23.0,9.0,14.0,5.0,17.0,6.0,5.0,2.0,4.0,3.0,10.0,7.0,7.0,1.0,1.0,12.0,13.0,3.0,9.0,12.0,15.0,12.0,4.0,13.0,7.0,14.0,16.0,13.0,19.0,14.0,15.0,11.0,14.0,11.0,20.0,8.0,12.0,19.0,11.0,11.0,12.0,17.0,13.0,16.0,5.0,5.0
88ad361267fffff,16.0,37.0,30.0,33.0,24.0,43.0,36.0,29.0,34.0,50.0,47.0,73.0,32.0,21.0,11.0,22.0,11.0,17.0,19.0,17.0,10.0,9.0,36.0,22.0,21.0,43.0,55.0,38.0,21.0,38.0,26.0,33.0,34.0,40.0,36.0,46.0,37.0,35.0,27.0,26.0,39.0,31.0,27.0,38.0,41.0,38.0,30.0,27.0,28.0,45.0,28.0,22.0,12.0
88ad361269fffff,11.0,18.0,40.0,42.0,39.0,34.0,29.0,37.0,28.0,33.0,34.0,21.0,30.0,23.0,18.0,10.0,8.0,17.0,16.0,14.0,9.0,9.0,19.0,19.0,21.0,16.0,12.0,25.0,17.0,26.0,31.0,24.0,9.0,14.0,33.0,23.0,35.0,36.0,33.0,27.0,31.0,28.0,31.0,30.0,26.0,27.0,18.0,20.0,27.0,28.0,26.0,19.0,12.0
88ad36126bfffff,17.0,23.0,24.0,30.0,34.0,31.0,36.0,26.0,26.0,32.0,28.0,22.0,17.0,18.0,16.0,3.0,12.0,7.0,13.0,5.0,10.0,17.0,21.0,24.0,18.0,26.0,22.0,34.0,48.0,26.0,28.0,30.0,25.0,31.0,45.0,40.0,27.0,34.0,32.0,29.0,27.0,27.0,29.0,24.0,35.0,35.0,48.0,32.0,34.0,35.0,24.0,22.0,12.0
88ad36126dfffff,5.0,13.0,17.0,20.0,21.0,18.0,16.0,11.0,9.0,18.0,14.0,10.0,12.0,8.0,2.0,6.0,8.0,6.0,7.0,4.0,3.0,6.0,5.0,13.0,12.0,6.0,9.0,12.0,8.0,11.0,5.0,20.0,18.0,24.0,7.0,22.0,14.0,9.0,8.0,17.0,13.0,22.0,18.0,9.0,8.0,11.0,9.0,5.0,7.0,17.0,22.0,9.0,7.0
88ad361281fffff,6.0,19.0,24.0,24.0,25.0,53.0,28.0,23.0,21.0,13.0,19.0,10.0,16.0,9.0,12.0,6.0,11.0,8.0,13.0,6.0,9.0,12.0,14.0,21.0,21.0,20.0,19.0,51.0,37.0,25.0,18.0,45.0,23.0,32.0,16.0,18.0,19.0,31.0,19.0,26.0,20.0,31.0,20.0,20.0,31.0,22.0,11.0,16.0,24.0,28.0,16.0,13.0,9.0
88ad361283fffff,8.0,20.0,34.0,23.0,37.0,27.0,21.0,24.0,13.0,22.0,15.0,13.0,13.0,11.0,32.0,12.0,6.0,7.0,10.0,17.0,15.0,19.0,21.0,25.0,12.0,24.0,12.0,53.0,76.0,26.0,22.0,22.0,18.0,54.0,20.0,20.0,24.0,23.0,21.0,18.0,27.0,30.0,24.0,40.0,39.0,21.0,18.0,20.0,29.0,24.0,23.0,13.0,12.0
88ad361285fffff,7.0,33.0,14.0,15.0,26.0,31.0,33.0,23.0,12.0,18.0,14.0,25.0,11.0,3.0,9.0,9.0,15.0,8.0,4.0,13.0,14.0,13.0,10.0,22.0,14.0,11.0,18.0,27.0,29.0,30.0,15.0,29.0,15.0,28.0,20.0,28.0,40.0,25.0,19.0,24.0,24.0,28.0,39.0,31.0,33.0,27.0,37.0,26.0,36.0,31.0,21.0,29.0,20.0
88ad361287fffff,9.0,12.0,21.0,18.0,28.0,15.0,23.0,21.0,14.0,22.0,14.0,11.0,17.0,3.0,5.0,7.0,8.0,9.0,9.0,8.0,13.0,6.0,12.0,11.0,14.0,9.0,23.0,28.0,42.0,15.0,13.0,13.0,8.0,16.0,20.0,13.0,21.0,23.0,28.0,30.0,45.0,27.0,35.0,18.0,26.0,17.0,26.0,22.0,17.0,16.0,18.0,18.0,19.0
88ad361289fffff,11.0,16.0,16.0,4.0,24.0,10.0,17.0,12.0,18.0,11.0,6.0,5.0,4.0,8.0,9.0,6.0,4.0,5.0,5.0,1.0,4.0,12.0,9.0,2.0,21.0,14.0,11.0,9.0,12.0,5.0,8.0,9.0,12.0,10.0,6.0,15.0,18.0,15.0,18.0,13.0,5.0,12.0,18.0,16.0,14.0,10.0,19.0,21.0,12.0,11.0,6.0,7.0,4.0
88ad36128bfffff,9.0,14.0,10.0,20.0,38.0,30.0,21.0,22.0,8.0,21.0,9.0,12.0,6.0,9.0,13.0,12.0,13.0,4.0,5.0,18.0,8.0,11.0,5.0,34.0,17.0,30.0,9.0,30.0,32.0,20.0,18.0,24.0,16.0,16.0,7.0,16.0,36.0,12.0,14.0,24.0,18.0,18.0,19.0,18.0,14.0,13.0,19.0,8.0,8.0,7.0,8.0,7.0,8.0
88ad36128dfffff,6.0,8.0,3.0,8.0,9.0,6.0,16.0,6.0,13.0,3.0,8.0,8.0,5.0,4.0,2.0,2.0,0.0,3.0,7.0,2.0,4.0,9.0,4.0,4.0,20.0,6.0,9.0,7.0,5.0,9.0,5.0,3.0,3.0,3.0,15.0,6.0,6.0,11.0,8.0,7.0,11.0,3.0,11.0,13.0,14.0,14.0,21.0,9.0,10.0,13.0,10.0,6.0,1.0
88ad361291fffff,1.0,0.0,1.0,1.0,1.0,3.0,1.0,1.0,2.0,0.0,3.0,7.0,0.0,2.0,1.0,0.0,0.0,0.0,1.0,1.0,0.0,0.0,2.0,0.0,0.0,3.0,0.0,0.0,1.0,1.0,1.0,0.0,3.0,3.0,4.0,1.0,0.0,2.0,0.0,6.0,1.0,0.0,2.0,1.0,0.0,1.0,1.0,3.0,2.0,1.0,0.0,1.0,1.0
88ad361293fffff,15.0,12.0,20.0,20.0,17.0,21.0,13.0,12.0,13.0,17.0,14.0,20.0,5.0,5.0,9.0,2.0,6.0,7.0,16.0,9.0,9.0,14.0,18.0,10.0,16.0,12.0,14.0,14.0,18.0,23.0,15.0,9.0,5.0,13.0,13.0,17.0,17.0,9.0,21.0,20.0,15.0,17.0,13.0,18.0,15.0,19.0,7.0,10.0,19.0,13.0,6.0,10.0,6.0
88ad361295fffff,4.0,10.0,28.0,14.0,52.0,10.0,16.0,17.0,15.0,16.0,10.0,9.0,13.0,9.0,2.0,4.0,4.0,1.0,4.0,4.0,7.0,30.0,12.0,14.0,11.0,14.0,16.0,10.0,64.0,11.0,6.0,18.0,18.0,54.0,21.0,37.0,11.0,14.0,16.0,21.0,18.0,15.0,12.0,13.0,34.0,11.0,12.0,17.0,19.0,9.0,18.0,11.0,6.0
88ad361297fffff,0.0,6.0,4.0,5.0,8.0,4.0,4.0,9.0,7.0,1.0,5.0,8.0,4.0,12.0,0.0,5.0,5.0,4.0,3.0,5.0,5.0,3.0,12.0,2.0,2.0,5.0,4.0,3.0,4.0,3.0,2.0,7.0,9.0,2.0,3.0,4.0,11.0,8.0,7.0,14.0,8.0,6.0,4.0,5.0,5.0,5.0,6.0,3.0,1.0,4.0,3.0,0.0,3.0
88ad361299fffff,0.0,0.0,1.0,0.0,2.0,0.0,0.0,0.0,0.0,0.0,0.0,0.0,2.0,0.0,0.0,0.0,0.0,0.0,0.0,0.0,0.0,0.0,1.0,1.0,0.0,0.0,0.0,1.0,0.0,0.0,0.0,2.0,0.0,0.0,0.0,0.0,1.0,0.0,0.0,0.0,0.0,0.0,0.0,1.0,0.0,0.0,2.0,0.0,0.0,1.0,0.0,0.0,0.0
88ad36129bfffff,5.0,15.0,10.0,18.0,19.0,10.0,5.0,6.0,6.0,8.0,2.0,11.0,6.0,14.0,4.0,0.0,2.0,4.0,4.0,4.0,5.0,4.0,3.0,9.0,14.0,12.0,7.0,5.0,3.0,5.0,9.0,9.0,5.0,3.0,9.0,14.0,10.0,17.0,6.0,6.0,11.0,8.0,15.0,10.0,8.0,7.0,12.0,10.0,8.0,12.0,4.0,4.0,4.0
88ad36129dfffff,3.0,4.0,4.0,7.0,19.0,5.0,3.0,6.0,0.0,7.0,9.0,6.0,3.0,2.0,3.0,3.0,0.0,4.0,0.0,6.0,6.0,6.0,4.0,9.0,6.0,6.0,2.0,14.0,15.0,6.0,6.0,10.0,3.0,6.0,3.0,16.0,7.0,10.0,3.0,9.0,7.0,6.0,5.0,10.0,19.0,5.0,11.0,6.0,7.0,10.0,3.0,8.0,8.0
88ad3612a1fffff,7.0,19.0,16.0,21.0,24.0,25.0,19.0,17.0,18.0,16.0,9.0,14.0,14.0,3.0,7.0,25.0,6.0,11.0,5.0,12.0,20.0,20.0,25.0,18.0,15.0,20.0,20.0,25.0,31.0,27.0,12.0,22.0,20.0,29.0,23.0,16.0,16.0,19.0,24.0,18.0,26.0,24.0,24.0,24.0,26.0,19.0,26.0,22.0,17.0,19.0,18.0,15.0,11.0
88ad3612a3fffff,8.0,13.0,31.0,24.0,11.0,14.0,10.0,17.0,32.0,15.0,10.0,15.0,18.0,7.0,8.0,6.0,14.0,16.0,28.0,20.0,15.0,9.0,9.0,14.0,25.0,21.0,12.0,44.0,48.0,17.0,27.0,23.0,26.0,35.0,17.0,29.0,14.0,31.0,14.0,19.0,15.0,8.0,11.0,35.0,24.0,13.0,11.0,12.0,28.0,18.0,22.0,8.0,10.0
88ad3612a5fffff,3.0,11.0,9.0,19.0,8.0,14.0,5.0,10.0,11.0,16.0,3.0,13.0,5.0,7.0,16.0,12.0,4.0,8.0,9.0,6.0,6.0,3.0,11.0,3.0,8.0,3.0,9.0,13.0,11.0,11.0,12.0,10.0,8.0,20.0,6.0,12.0,21.0,10.0,9.0,10.0,14.0,9.0,15.0,19.0,10.0,13.0,12.0,16.0,16.0,9.0,6.0,4.0,6.0
88ad3612a7fffff,6.0,14.0,32.0,35.0,23.0,30.0,27.0,28.0,15.0,15.0,18.0,14.0,17.0,13.0,33.0,15.0,5.0,9.0,22.0,16.0,11.0,29.0,14.0,38.0,22.0,20.0,36.0,43.0,41.0,37.0,20.0,42.0,28.0,30.0,17.0,37.0,33.0,15.0,19.0,55.0,32.0,31.0,40.0,42.0,29.0,17.0,24.0,32.0,30.0,34.0,35.0,13.0,18.0
88ad3612a9fffff,47.0,126.0,124.0,125.0,127.0,104.0,140.0,114.0,126.0,120.0,82.0,83.0,52.0,19.0,35.0,24.0,28.0,22.0,32.0,30.0,36.0,32.0,30.0,34.0,43.0,30.0,23.0,33.0,37.0,46.0,29.0,46.0,30.0,53.0,55.0,55.0,84.0,127.0,64.0,74.0,90.0,64.0,99.0,99.0,147.0,165.0,128.0,186.0,92.0,77.0,67.0,33.0,47.0
88ad3612abfffff,4.0,8.0,16.0,12.0,12.0,13.0,8.0,12.0,9.0,14.0,15.0,7.0,8.0,7.0,15.0,8.0,5.0,4.0,6.0,14.0,12.0,9.0,17.0,18.0,11.0,8.0,11.0,26.0,23.0,14.0,11.0,20.0,15.0,22.0,32.0,27.0,30.0,21.0,20.0,21.0,27.0,29.0,27.0,34.0,15.0,8.0,24.0,15.0,9.0,28.0,15.0,10.0,12.0
88ad3612adfffff,3.0,11.0,13.0,11.0,7.0,22.0,21.0,10.0,15.0,15.0,9.0,15.0,10.0,3.0,4.0,2.0,6.0,4.0,2.0,7.0,4.0,10.0,8.0,9.0,8.0,6.0,8.0,8.0,17.0,12.0,12.0,12.0,11.0,22.0,12.0,23.0,21.0,12.0,8.0,16.0,19.0,10.0,18.0,15.0,16.0,10.0,7.0,12.0,14.0,7.0,10.0,3.0,8.0
88ad3612b1fffff,12.0,11.0,22.0,18.0,15.0,22.0,18.0,28.0,14.0,11.0,13.0,22.0,15.0,6.0,13.0,26.0,13.0,5.0,15.0,9.0,13.0,12.0,20.0,45.0,23.0,16.0,26.0,66.0,31.0,26.0,11.0,13.0,19.0,48.0,27.0,26.0,12.0,17.0,32.0,16.0,22.0,21.0,19.0,24.0,58.0,30.0,19.0,43.0,23.0,23.0,11.0,14.0,9.0
88ad3612b3fffff,11.0,10.0,17.0,9.0,20.0,26.0,7.0,18.0,6.0,14.0,16.0,12.0,6.0,6.0,12.0,4.0,7.0,7.0,9.0,4.0,5.0,3.0,6.0,8.0,16.0,14.0,12.0,18.0,30.0,22.0,11.0,4.0,13.0,13.0,9.0,27.0,8.0,9.0,28.0,21.0,17.0,19.0,8.0,18.0,45.0,9.0,8.0,14.0,21.0,10.0,11.0,7.0,4.0
88ad3612b5fffff,7.0,16.0,16.0,36.0,15.0,13.0,18.0,35.0,29.0,20.0,31.0,16.0,15.0,9.0,7.0,8.0,9.0,6.0,8.0,21.0,15.0,14.0,12.0,18.0,13.0,30.0,12.0,28.0,29.0,18.0,19.0,10.0,23.0,28.0,25.0,20.0,32.0,16.0,20.0,25.0,27.0,33.0,21.0,37.0,27.0,18.0,16.0,20.0,7.0,21.0,19.0,16.0,6.0
88ad3612b7fffff,5.0,22.0,39.0,22.0,25.0,19.0,16.0,30.0,27.0,19.0,9.0,33.0,6.0,9.0,14.0,22.0,16.0,6.0,21.0,14.0,22.0,14.0,33.0,25.0,22.0,26.0,20.0,25.0,114.0,41.0,29.0,25.0,28.0,30.0,24.0,32.0,24.0,18.0,25.0,23.0,36.0,32.0,20.0,29.0,27.0,14.0,23.0,25.0,23.0,30.0,24.0,13.0,15.0
88ad3612b9fffff,6.0,20.0,18.0,17.0,24.0,23.0,29.0,9.0,9.0,17.0,24.0,18.0,25.0,6.0,16.0,23.0,6.0,6.0,14.0,30.0,14.0,24.0,20.0,21.0,18.0,23.0,18.0,40.0,55.0,34.0,16.0,27.0,21.0,31.0,21.0,33.0,30.0,19.0,26.0,27.0,28.0,24.0,27.0,23.0,29.0,24.0,23.0,38.0,14.0,26.0,18.0,23.0,7.0
88ad3612bbfffff,7.0,13.0,27.0,25.0,24.0,27.0,13.0,13.0,8.0,15.0,22.0,17.0,12.0,10.0,29.0,3.0,6.0,9.0,24.0,2.0,12.0,23.0,14.0,12.0,6.0,15.0,10.0,57.0,56.0,15.0,17.0,14.0,15.0,15.0,8.0,20.0,18.0,27.0,20.0,45.0,33.0,21.0,35.0,27.0,29.0,40.0,10.0,15.0,21.0,17.0,15.0,12.0,9.0
88ad3612bdfffff,8.0,13.0,19.0,15.0,13.0,5.0,3.0,18.0,12.0,9.0,12.0,9.0,3.0,10.0,1.0,8.0,13.0,6.0,16.0,18.0,10.0,10.0,10.0,12.0,8.0,15.0,21.0,30.0,53.0,10.0,19.0,14.0,15.0,17.0,12.0,50.0,22.0,32.0,22.0,50.0,15.0,25.0,15.0,22.0,20.0,13.0,12.0,12.0,11.0,22.0,13.0,5.0,2.0
88ad3612c1fffff,2.0,1.0,2.0,0.0,0.0,3.0,2.0,1.0,2.0,0.0,0.0,0.0,0.0,1.0,0.0,0.0,2.0,0.0,1.0,3.0,0.0,0.0,6.0,1.0,3.0,5.0,4.0,3.0,3.0,0.0,2.0,3.0,1.0,1.0,0.0,2.0,1.0,4.0,5.0,1.0,1.0,3.0,3.0,2.0,1.0,0.0,1.0,2.0,4.0,1.0,2.0,0.0,0.0
88ad3612c3fffff,0.0,9.0,5.0,4.0,9.0,15.0,13.0,8.0,6.0,2.0,5.0,4.0,3.0,5.0,1.0,5.0,3.0,5.0,3.0,4.0,7.0,3.0,28.0,7.0,7.0,7.0,8.0,3.0,9.0,9.0,5.0,9.0,5.0,4.0,6.0,5.0,6.0,7.0,5.0,5.0,9.0,3.0,13.0,2.0,5.0,6.0,5.0,6.0,4.0,4.0,1.0,9.0,4.0
88ad3612c5fffff,0.0,0.0,0.0,0.0,0.0,0.0,1.0,0.0,0.0,0.0,0.0,0.0,1.0,1.0,0.0,0.0,0.0,0.0,0.0,0.0,0.0,0.0,0.0,0.0,0.0,0.0,0.0,0.0,1.0,0.0,0.0,0.0,0.0,0.0,0.0,0.0,0.0,0.0,0.0,1.0,0.0,0.0,1.0,0.0,0.0,0.0,0.0,0.0,0.0,0.0,0.0,0.0,0.0
88ad3612c7fffff,0.0,5.0,3.0,2.0,3.0,6.0,4.0,5.0,14.0,1.0,4.0,8.0,4.0,4.0,0.0,4.0,18.0,0.0,0.0,0.0,0.0,7.0,6.0,5.0,22.0,7.0,7.0,8.0,2.0,5.0,4.0,0.0,2.0,7.0,2.0,5.0,6.0,25.0,1.0,8.0,3.0,6.0,3.0,5.0,12.0,5.0,9.0,5.0,8.0,6.0,3.0,3.0,2.0
88ad3612c9fffff,7.0,9.0,8.0,21.0,9.0,6.0,9.0,11.0,14.0,13.0,11.0,11.0,6.0,5.0,1.0,4.0,5.0,11.0,5.0,12.0,9.0,3.0,11.0,12.0,9.0,14.0,7.0,30.0,9.0,6.0,3.0,15.0,6.0,9.0,2.0,9.0,9.0,14.0,5.0,7.0,13.0,16.0,14.0,25.0,18.0,18.0,23.0,13.0,19.0,9.0,13.0,16.0,8.0
88ad3612cbfffff,5.0,9.0,16.0,9.0,4.0,9.0,6.0,6.0,9.0,12.0,17.0,12.0,10.0,3.0,4.0,7.0,6.0,7.0,7.0,7.0,8.0,8.0,9.0,12.0,4.0,16.0,9.0,4.0,14.0,20.0,13.0,8.0,3.0,9.0,10.0,13.0,12.0,8.0,5.0,9.0,9.0,20.0,10.0,5.0,14.0,12.0,17.0,6.0,17.0,8.0,11.0,6.0,7.0
88ad3612cdfffff,0.0,0.0,1.0,3.0,1.0,0.0,1.0,0.0,1.0,1.0,0.0,0.0,1.0,1.0,0.0,0.0,0.0,1.0,0.0,3.0,4.0,5.0,1.0,0.0,0.0,3.0,3.0,3.0,0.0,4.0,0.0,1.0,3.0,0.0,0.0,1.0,3.0,2.0,1.0,5.0,2.0,3.0,1.0,0.0,2.0,0.0,2.0,1.0,1.0,0.0,0.0,0.0,1.0
88ad3612d1fffff,3.0,4.0,13.0,11.0,23.0,22.0,9.0,12.0,7.0,6.0,7.0,18.0,9.0,6.0,4.0,1.0,3.0,4.0,6.0,7.0,7.0,9.0,11.0,6.0,15.0,11.0,11.0,11.0,2.0,5.0,8.0,2.0,7.0,16.0,8.0,12.0,11.0,10.0,17.0,8.0,6.0,16.0,9.0,5.0,16.0,5.0,15.0,7.0,5.0,9.0,16.0,8.0,9.0
88ad3612d3fffff,2.0,1.0,5.0,1.0,3.0,4.0,3.0,8.0,2.0,2.0,3.0,2.0,1.0,2.0,2.0,2.0,3.0,2.0,4.0,0.0,2.0,12.0,3.0,2.0,2.0,1.0,4.0,5.0,4.0,1.0,2.0,4.0,0.0,5.0,2.0,4.0,3.0,5.0,1.0,4.0,3.0,2.0,1.0,6.0,3.0,6.0,5.0,1.0,2.0,5.0,0.0,3.0,1.0
88ad3612d5fffff,6.0,20.0,21.0,11.0,33.0,18.0,17.0,18.0,12.0,13.0,8.0,13.0,6.0,3.0,1.0,4.0,4.0,1.0,3.0,5.0,6.0,9.0,8.0,10.0,3.0,10.0,7.0,15.0,9.0,18.0,7.0,9.0,7.0,18.0,13.0,22.0,16.0,19.0,5.0,24.0,15.0,13.0,20.0,10.0,11.0,13.0,15.0,14.0,7.0,13.0,7.0,12.0,9.0
88ad3612d7fffff,5.0,6.0,13.0,2.0,12.0,14.0,16.0,6.0,4.0,11.0,10.0,5.0,7.0,3.0,3.0,5.0,1.0,3.0,0.0,2.0,3.0,9.0,3.0,10.0,18.0,24.0,4.0,5.0,6.0,3.0,2.0,3.0,9.0,3.0,12.0,4.0,3.0,5.0,6.0,17.0,6.0,4.0,3.0,4.0,3.0,8.0,12.0,10.0,1.0,5.0,1.0,1.0,1.0
88ad3612d9fffff,9.0,16.0,15.0,18.0,15.0,13.0,23.0,8.0,11.0,11.0,9.0,7.0,14.0,7.0,8.0,7.0,6.0,5.0,15.0,8.0,8.0,9.0,8.0,3.0,8.0,7.0,20.0,8.0,22.0,12.0,39.0,22.0,7.0,12.0,10.0,16.0,11.0,9.0,11.0,14.0,22.0,14.0,18.0,15.0,12.0,6.0,6.0,10.0,3.0,13.0,11.0,12.0,2.0
88ad3612dbfffff,5.0,8.0,9.0,15.0,11.0,21.0,27.0,10.0,11.0,11.0,6.0,3.0,3.0,2.0,6.0,3.0,8.0,6.0,2.0,5.0,7.0,8.0,8.0,7.0,8.0,9.0,16.0,10.0,19.0,6.0,10.0,7.0,6.0,4.0,9.0,6.0,11.0,9.0,6.0,11.0,13.0,21.0,5.0,8.0,8.0,6.0,13.0,9.0,6.0,8.0,5.0,13.0,4.0
88ad3612ddfffff,5.0,7.0,13.0,13.0,11.0,15.0,14.0,17.0,17.0,7.0,13.0,15.0,16.0,5.0,8.0,4.0,5.0,4.0,6.0,6.0,14.0,4.0,19.0,13.0,9.0,31.0,13.0,11.0,17.0,8.0,21.0,6.0,12.0,8.0,7.0,34.0,9.0,11.0,8.0,19.0,18.0,15.0,21.0,17.0,17.0,22.0,12.0,10.0,14.0,9.0,6.0,14.0,3.0
88ad3612e1fffff,1.0,1.0,2.0,3.0,6.0,2.0,4.0,3.0,3.0,1.0,2.0,1.0,1.0,0.0,3.0,1.0,0.0,1.0,2.0,1.0,2.0,1.0,1.0,0.0,0.0,2.0,6.0,6.0,1.0,1.0,2.0,1.0,0.0,4.0,2.0,2.0,1.0,1.0,1.0,1.0,1.0,2.0,2.0,1.0,4.0,1.0,1.0,0.0,2.0,1.0,1.0,1.0,0.0
88ad3612e3fffff,7.0,14.0,15.0,17.0,23.0,6.0,14.0,22.0,7.0,9.0,9.0,7.0,13.0,5.0,1.0,9.0,5.0,2.0,4.0,8.0,7.0,6.0,13.0,14.0,6.0,9.0,6.0,10.0,10.0,14.0,14.0,6.0,8.0,10.0,8.0,9.0,13.0,11.0,14.0,14.0,10.0,13.0,16.0,7.0,27.0,10.0,14.0,12.0,25.0,12.0,8.0,7.0,7.0
88ad3612e5fffff,4.0,9.0,8.0,8.0,6.0,16.0,6.0,12.0,19.0,11.0,6.0,4.0,1.0,6.0,1.0,1.0,2.0,2.0,4.0,2.0,2.0,1.0,5.0,4.0,7.0,6.0,5.0,5.0,3.0,0.0,5.0,9.0,3.0,10.0,9.0,4.0,5.0,17.0,11.0,9.0,7.0,4.0,5.0,7.0,3.0,7.0,3.0,5.0,4.0,11.0,2.0,4.0,6.0
88ad3612e7fffff,7.0,10.0,5.0,6.0,10.0,7.0,5.0,5.0,9.0,4.0,8.0,4.0,2.0,4.0,6.0,1.0,3.0,6.0,4.0,3.0,0.0,7.0,3.0,5.0,1.0,2.0,4.0,8.0,5.0,15.0,9.0,21.0,16.0,8.0,11.0,10.0,7.0,6.0,9.0,10.0,9.0,9.0,11.0,6.0,23.0,8.0,7.0,5.0,10.0,9.0,6.0,9.0,6.0
88ad3612e9fffff,12.0,8.0,11.0,17.0,16.0,23.0,13.0,17.0,7.0,21.0,13.0,22.0,11.0,4.0,5.0,21.0,8.0,12.0,13.0,16.0,15.0,26.0,24.0,8.0,20.0,27.0,28.0,12.0,6.0,6.0,26.0,9.0,13.0,35.0,20.0,23.0,18.0,8.0,6.0,12.0,6.0,25.0,15.0,9.0,15.0,15.0,11.0,26.0,12.0,24.0,14.0,18.0,14.0
88ad3612ebfffff,0.0,0.0,0.0,2.0,1.0,0.0,1.0,0.0,1.0,0.0,0.0,2.0,0.0,0.0,0.0,2.0,0.0,0.0,0.0,0.0,2.0,3.0,0.0,1.0,2.0,3.0,0.0,3.0,0.0,2.0,1.0,0.0,1.0,0.0,0.0,1.0,1.0,0.0,0.0,0.0,0.0,1.0,1.0,2.0,2.0,0.0,0.0,2.0,0.0,0.0,0.0,0.0,0.0
88ad3612edfffff,1.0,1.0,1.0,4.0,5.0,2.0,3.0,2.0,2.0,3.0,2.0,0.0,3.0,5.0,3.0,2.0,1.0,0.0,2.0,2.0,3.0,0.0,2.0,5.0,2.0,1.0,1.0,2.0,3.0,2.0,2.0,4.0,3.0,3.0,6.0,31.0,5.0,1.0,1.0,1.0,2.0,1.0,1.0,4.0,4.0,4.0,3.0,3.0,3.0,1.0,2.0,2.0,1.0
88ad361301fffff,3.0,4.0,4.0,5.0,7.0,9.0,6.0,9.0,9.0,6.0,6.0,12.0,0.0,5.0,0.0,1.0,0.0,3.0,4.0,6.0,1.0,3.0,3.0,2.0,12.0,4.0,16.0,3.0,4.0,4.0,6.0,5.0,3.0,7.0,12.0,7.0,7.0,3.0,3.0,8.0,8.0,6.0,3.0,7.0,3.0,4.0,4.0,5.0,4.0,6.0,7.0,5.0,2.0
88ad361303fffff,0.0,6.0,8.0,8.0,5.0,5.0,5.0,13.0,11.0,9.0,11.0,7.0,6.0,10.0,6.0,1.0,3.0,2.0,1.0,3.0,2.0,0.0,2.0,2.0,3.0,3.0,4.0,4.0,3.0,5.0,4.0,10.0,2.0,7.0,4.0,5.0,9.0,13.0,3.0,6.0,11.0,9.0,6.0,5.0,9.0,5.0,6.0,5.0,12.0,9.0,11.0,9.0,10.0
88ad361305fffff,0.0,1.0,3.0,6.0,7.0,6.0,3.0,3.0,6.0,6.0,1.0,6.0,3.0,3.0,4.0,3.0,0.0,0.0,1.0,1.0,3.0,3.0,3.0,4.0,2.0,1.0,1.0,1.0,14.0,0.0,0.0,0.0,2.0,3.0,4.0,2.0,6.0,4.0,3.0,1.0,4.0,6.0,0.0,3.0,4.0,1.0,0.0,4.0,5.0,5.0,6.0,2.0,3.0
88ad361307fffff,9.0,17.0,35.0,22.0,30.0,18.0,32.0,25.0,20.0,26.0,12.0,21.0,14.0,6.0,13.0,11.0,9.0,14.0,6.0,12.0,16.0,15.0,11.0,11.0,10.0,9.0,14.0,18.0,23.0,22.0,18.0,17.0,14.0,15.0,29.0,21.0,28.0,24.0,18.0,20.0,32.0,34.0,28.0,26.0,34.0,28.0,22.0,23.0,35.0,24.0,34.0,21.0,16.0
88ad361309fffff,2.0,12.0,5.0,10.0,5.0,4.0,5.0,7.0,3.0,7.0,5.0,7.0,7.0,3.0,1.0,2.0,1.0,5.0,2.0,3.0,0.0,3.0,1.0,3.0,3.0,9.0,2.0,11.0,12.0,8.0,10.0,7.0,8.0,4.0,4.0,9.0,6.0,13.0,2.0,9.0,2.0,6.0,8.0,17.0,3.0,17.0,11.0,9.0,9.0,12.0,8.0,7.0,5.0
88ad36130bfffff,2.0,8.0,19.0,13.0,13.0,10.0,14.0,12.0,15.0,29.0,25.0,17.0,21.0,34.0,10.0,11.0,16.0,6.0,5.0,11.0,12.0,22.0,10.0,15.0,21.0,20.0,10.0,22.0,11.0,16.0,14.0,18.0,9.0,18.0,13.0,13.0,9.0,19.0,8.0,17.0,12.0,5.0,11.0,17.0,18.0,10.0,22.0,25.0,23.0,16.0,18.0,8.0,13.0
88ad36130dfffff,0.0,0.0,1.0,0.0,2.0,1.0,4.0,0.0,1.0,2.0,1.0,0.0,2.0,0.0,1.0,2.0,1.0,0.0,0.0,0.0,0.0,0.0,0.0,1.0,1.0,1.0,2.0,0.0,0.0,0.0,0.0,0.0,5.0,0.0,0.0,0.0,0.0,1.0,0.0,1.0,1.0,0.0,0.0,0.0,0.0,0.0,0.0,3.0,0.0,0.0,0.0,0.0,0.0
88ad361311fffff,1.0,0.0,3.0,1.0,1.0,1.0,6.0,5.0,4.0,3.0,3.0,7.0,4.0,1.0,3.0,2.0,5.0,2.0,4.0,6.0,4.0,2.0,2.0,5.0,3.0,4.0,5.0,4.0,5.0,5.0,1.0,2.0,3.0,4.0,9.0,11.0,8.0,4.0,3.0,3.0,5.0,3.0,3.0,2.0,5.0,2.0,3.0,0.0,4.0,7.0,4.0,2.0,7.0
88ad361313fffff,3.0,11.0,12.0,4.0,11.0,17.0,23.0,13.0,21.0,13.0,31.0,22.0,24.0,13.0,6.0,16.0,4.0,8.0,5.0,9.0,9.0,8.0,5.0,15.0,9.0,15.0,20.0,28.0,8.0,32.0,7.0,10.0,45.0,24.0,35.0,15.0,30.0,11.0,25.0,11.0,32.0,12.0,16.0,9.0,15.0,3.0,10.0,14.0,9.0,23.0,16.0,7.0,11.0
88ad361315fffff,0.0,0.0,0.0,0.0,0.0,0.0,0.0,0.0,0.0,0.0,0.0,0.0,0.0,0.0,0.0,0.0,0.0,0.0,0.0,0.0,0.0,0.0,0.0,0.0,0.0,0.0,0.0,0.0,0.0,0.0,1.0,0.0,1.0,0.0,0.0,0.0,0.0,0.0,0.0,0.0,0.0,0.0,0.0,0.0,0.0,0.0,0.0,0.0,0.0,0.0,0.0,0.0,0.0
88ad361317fffff,0.0,1.0,0.0,0.0,1.0,0.0,0.0,0.0,0.0,0.0,0.0,0.0,0.0,0.0,0.0,0.0,0.0,0.0,0.0,0.0,0.0,0.0,0.0,0.0,0.0,0.0,2.0,0.0,0.0,0.0,0.0,0.0,0.0,0.0,1.0,0.0,0.0,0.0,0.0,0.0,0.0,3.0,0.0,0.0,1.0,0.0,0.0,0.0,0.0,0.0,1.0,0.0,0.0
88ad361319fffff,4.0,1.0,7.0,7.0,10.0,6.0,11.0,7.0,1.0,2.0,6.0,11.0,2.0,5.0,2.0,1.0,4.0,7.0,6.0,6.0,5.0,3.0,3.0,4.0,4.0,3.0,15.0,5.0,4.0,7.0,5.0,2.0,2.0,3.0,3.0,5.0,3.0,4.0,2.0,3.0,1.0,6.0,4.0,2.0,0.0,6.0,6.0,3.0,1.0,6.0,1.0,3.0,1.0
88ad36131bfffff,0.0,3.0,3.0,2.0,6.0,7.0,10.0,5.0,13.0,9.0,12.0,10.0,4.0,9.0,3.0,3.0,1.0,4.0,6.0,5.0,3.0,4.0,2.0,7.0,3.0,7.0,13.0,12.0,11.0,9.0,11.0,0.0,6.0,5.0,10.0,10.0,18.0,12.0,7.0,4.0,5.0,4.0,7.0,8.0,6.0,5.0,4.0,2.0,3.0,7.0,3.0,1.0,0.0
88ad36131dfffff,0.0,0.0,0.0,6.0,3.0,1.0,1.0,2.0,0.0,0.0,0.0,0.0,1.0,1.0,1.0,0.0,1.0,0.0,0.0,0.0,1.0,0.0,0.0,1.0,0.0,0.0,1.0,1.0,0.0,0.0,0.0,11.0,0.0,35.0,0.0,0.0,1.0,13.0,1.0,0.0,0.0,1.0,2.0,1.0,0.0,1.0,0.0,0.0,0.0,0.0,1.0,0.0,0.0
88ad361321fffff,10.0,22.0,24.0,23.0,17.0,17.0,27.0,29.0,23.0,28.0,26.0,23.0,21.0,6.0,12.0,12.0,11.0,9.0,0.0,19.0,20.0,7.0,18.0,6.0,12.0,13.0,7.0,6.0,9.0,7.0,6.0,14.0,8.0,16.0,19.0,14.0,25.0,25.0,19.0,16.0,17.0,20.0,18.0,21.0,15.0,17.0,17.0,34.0,32.0,25.0,36.0,12.0,6.0
88ad361323fffff,9.0,26.0,25.0,40.0,27.0,35.0,35.0,36.0,42.0,43.0,13.0,29.0,24.0,17.0,7.0,18.0,10.0,8.0,12.0,9.0,11.0,16.0,13.0,8.0,8.0,12.0,15.0,18.0,9.0,7.0,9.0,12.0,14.0,11.0,20.0,25.0,20.0,33.0,28.0,16.0,31.0,20.0,21.0,18.0,17.0,14.0,19.0,27.0,26.0,28.0,18.0,15.0,16.0
88ad361325fffff,7.0,12.0,5.0,12.0,10.0,5.0,10.0,5.0,6.0,8.0,11.0,17.0,9.0,12.0,5.0,6.0,7.0,11.0,6.0,2.0,5.0,0.0,2.0,3.0,4.0,5.0,4.0,12.0,6.0,5.0,6.0,2.0,2.0,5.0,6.0,7.0,7.0,6.0,5.0,11.0,7.0,5.0,13.0,11.0,10.0,5.0,3.0,15.0,11.0,13.0,7.0,8.0,5.0
88ad361327fffff,12.0,26.0,27.0,25.0,32.0,22.0,26.0,25.0,30.0,26.0,19.0,30.0,14.0,8.0,19.0,7.0,7.0,8.0,12.0,11.0,6.0,11.0,12.0,13.0,7.0,9.0,9.0,15.0,11.0,7.0,17.0,24.0,24.0,19.0,16.0,18.0,24.0,28.0,18.0,21.0,16.0,14.0,7.0,15.0,24.0,18.0,33.0,20.0,19.0,25.0,19.0,9.0,6.0
88ad361329fffff,0.0,0.0,0.0,0.0,0.0,0.0,0.0,0.0,0.0,0.0,0.0,0.0,0.0,0.0,0.0,0.0,0.0,0.0,0.0,0.0,0.0,0.0,0.0,0.0,0.0,0.0,0.0,0.0,0.0,1.0,0.0,0.0,0.0,0.0,0.0,0.0,0.0,0.0,0.0,0.0,1.0,2.0,2.0,0.0,0.0,0.0,0.0,0.0,0.0,0.0,0.0,1.0,0.0
88ad36132bfffff,32.0,28.0,41.0,61.0,44.0,31.0,34.0,53.0,70.0,38.0,40.0,28.0,20.0,17.0,8.0,19.0,10.0,13.0,11.0,13.0,32.0,13.0,17.0,9.0,7.0,19.0,19.0,12.0,31.0,25.0,19.0,47.0,20.0,47.0,23.0,37.0,28.0,29.0,42.0,25.0,36.0,32.0,29.0,30.0,20.0,40.0,28.0,32.0,33.0,42.0,23.0,36.0,30.0
88ad36132dfffff,0.0,0.0,1.0,0.0,2.0,2.0,0.0,0.0,0.0,0.0,0.0,0.0,0.0,0.0,0.0,0.0,0.0,0.0,1.0,0.0,1.0,0.0,1.0,0.0,0.0,0.0,0.0,0.0,0.0,0.0,0.0,0.0,1.0,0.0,1.0,0.0,0.0,0.0,0.0,1.0,0.0,0.0,0.0,0.0,1.0,0.0,0.0,1.0,1.0,0.0,1.0,2.0,0.0
88ad361335fffff,8.0,28.0,25.0,24.0,24.0,31.0,30.0,28.0,20.0,24.0,20.0,20.0,11.0,12.0,1.0,7.0,5.0,6.0,10.0,16.0,6.0,5.0,7.0,8.0,6.0,13.0,7.0,12.0,11.0,21.0,22.0,11.0,12.0,10.0,14.0,19.0,18.0,23.0,18.0,9.0,27.0,33.0,19.0,17.0,22.0,19.0,17.0,25.0,22.0,17.0,17.0,17.0,12.0
88ad361337fffff,0.0,0.0,0.0,0.0,0.0,0.0,0.0,0.0,0.0,0.0,0.0,0.0,0.0,0.0,0.0,0.0,0.0,0.0,0.0,0.0,0.0,0.0,0.0,0.0,0.0,0.0,0.0,0.0,0.0,0.0,0.0,0.0,0.0,0.0,0.0,0.0,0.0,0.0,0.0,0.0,0.0,0.0,0.0,0.0,0.0,0.0,0.0,1.0,0.0,0.0,1.0,0.0,0.0
88ad361339fffff,7.0,4.0,4.0,2.0,6.0,1.0,1.0,3.0,1.0,8.0,2.0,1.0,2.0,1.0,0.0,1.0,0.0,0.0,2.0,1.0,0.0,0.0,1.0,2.0,0.0,0.0,6.0,3.0,3.0,1.0,1.0,0.0,0.0,7.0,0.0,1.0,1.0,3.0,0.0,6.0,0.0,3.0,5.0,2.0,1.0,0.0,4.0,5.0,1.0,2.0,3.0,2.0,0.0
88ad36133dfffff,4.0,8.0,11.0,10.0,17.0,15.0,10.0,15.0,9.0,7.0,11.0,11.0,3.0,5.0,1.0,7.0,1.0,8.0,2.0,3.0,4.0,3.0,2.0,2.0,4.0,9.0,7.0,3.0,5.0,10.0,5.0,4.0,11.0,8.0,6.0,11.0,15.0,10.0,11.0,8.0,15.0,18.0,7.0,11.0,11.0,10.0,7.0,5.0,8.0,7.0,4.0,7.0,10.0
88ad361341fffff,0.0,1.0,1.0,1.0,0.0,1.0,4.0,2.0,0.0,0.0,0.0,1.0,0.0,0.0,1.0,1.0,1.0,0.0,0.0,0.0,0.0,0.0,0.0,0.0,0.0,1.0,0.0,0.0,1.0,1.0,4.0,0.0,4.0,2.0,1.0,1.0,0.0,2.0,0.0,4.0,4.0,0.0,0.0,6.0,1.0,0.0,1.0,0.0,1.0,0.0,0.0,1.0,1.0
88ad361343fffff,5.0,11.0,10.0,18.0,11.0,11.0,10.0,15.0,16.0,10.0,17.0,10.0,18.0,9.0,3.0,7.0,9.0,13.0,2.0,4.0,7.0,5.0,5.0,5.0,6.0,7.0,11.0,6.0,13.0,17.0,15.0,20.0,10.0,8.0,9.0,9.0,18.0,14.0,11.0,9.0,16.0,15.0,12.0,18.0,15.0,13.0,12.0,9.0,5.0,5.0,4.0,4.0,9.0
88ad361345fffff,1.0,5.0,5.0,6.0,5.0,12.0,5.0,5.0,2.0,4.0,11.0,2.0,4.0,2.0,2.0,3.0,1.0,2.0,0.0,8.0,7.0,6.0,3.0,3.0,2.0,0.0,1.0,3.0,6.0,5.0,4.0,10.0,2.0,11.0,6.0,11.0,10.0,9.0,37.0,63.0,9.0,7.0,42.0,7.0,3.0,4.0,6.0,3.0,2.0,2.0,2.0,2.0,2.0
88ad361347fffff,1.0,5.0,7.0,7.0,7.0,8.0,6.0,13.0,13.0,5.0,13.0,11.0,6.0,5.0,2.0,7.0,9.0,3.0,5.0,4.0,4.0,6.0,2.0,5.0,4.0,1.0,8.0,6.0,6.0,7.0,8.0,8.0,7.0,10.0,5.0,13.0,9.0,15.0,12.0,29.0,10.0,11.0,11.0,4.0,9.0,8.0,8.0,2.0,8.0,6.0,6.0,1.0,8.0
88ad36134bfffff,0.0,0.0,0.0,0.0,0.0,0.0,2.0,1.0,0.0,0.0,0.0,0.0,1.0,0.0,1.0,0.0,0.0,0.0,0.0,0.0,0.0,0.0,0.0,0.0,0.0,0.0,0.0,1.0,1.0,0.0,1.0,1.0,0.0,0.0,0.0,0.0,1.0,0.0,2.0,0.0,0.0,3.0,2.0,1.0,1.0,1.0,0.0,0.0,0.0,0.0,0.0,0.0,0.0
88ad36134dfffff,9.0,23.0,14.0,34.0,20.0,20.0,21.0,16.0,15.0,20.0,25.0,11.0,11.0,10.0,4.0,7.0,3.0,6.0,15.0,4.0,9.0,2.0,4.0,5.0,6.0,9.0,13.0,18.0,12.0,9.0,17.0,24.0,14.0,16.0,19.0,16.0,14.0,24.0,25.0,12.0,18.0,14.0,23.0,23.0,7.0,13.0,12.0,32.0,35.0,11.0,16.0,11.0,12.0
88ad361351fffff,13.0,20.0,8.0,15.0,17.0,26.0,24.0,17.0,17.0,14.0,14.0,22.0,18.0,6.0,2.0,3.0,2.0,5.0,7.0,4.0,7.0,12.0,10.0,9.0,5.0,15.0,8.0,8.0,14.0,16.0,13.0,18.0,11.0,6.0,13.0,14.0,21.0,17.0,12.0,23.0,37.0,38.0,37.0,16.0,25.0,27.0,17.0,15.0,23.0,9.0,9.0,9.0,9.0
88ad361353fffff,3.0,14.0,17.0,21.0,9.0,17.0,11.0,22.0,9.0,16.0,18.0,18.0,8.0,14.0,18.0,19.0,22.0,18.0,12.0,4.0,6.0,2.0,10.0,10.0,9.0,6.0,7.0,12.0,7.0,25.0,14.0,18.0,17.0,7.0,11.0,16.0,16.0,17.0,16.0,13.0,18.0,10.0,25.0,12.0,12.0,15.0,10.0,4.0,15.0,13.0,11.0,12.0,6.0
88ad361355fffff,6.0,13.0,9.0,10.0,10.0,5.0,8.0,12.0,6.0,18.0,5.0,15.0,9.0,10.0,5.0,9.0,4.0,14.0,7.0,4.0,4.0,3.0,3.0,8.0,7.0,6.0,7.0,8.0,7.0,10.0,11.0,13.0,6.0,8.0,10.0,4.0,16.0,12.0,16.0,10.0,17.0,19.0,20.0,18.0,11.0,6.0,16.0,17.0,16.0,8.0,4.0,9.0,1.0
88ad361357fffff,9.0,20.0,13.0,14.0,18.0,18.0,16.0,22.0,19.0,12.0,11.0,17.0,15.0,6.0,9.0,11.0,17.0,20.0,7.0,5.0,4.0,4.0,7.0,7.0,13.0,3.0,15.0,8.0,8.0,17.0,4.0,12.0,8.0,7.0,9.0,14.0,13.0,17.0,11.0,9.0,7.0,11.0,22.0,12.0,17.0,11.0,12.0,14.0,12.0,15.0,41.0,8.0,5.0
88ad361359fffff,2.0,3.0,8.0,9.0,8.0,9.0,6.0,5.0,12.0,8.0,3.0,6.0,9.0,2.0,3.0,2.0,0.0,1.0,1.0,1.0,5.0,4.0,20.0,3.0,4.0,2.0,8.0,1.0,2.0,8.0,3.0,5.0,5.0,2.0,1.0,6.0,8.0,3.0,7.0,15.0,16.0,11.0,12.0,9.0,15.0,10.0,9.0,10.0,19.0,8.0,11.0,7.0,1.0
88ad36135bfffff,5.0,4.0,15.0,7.0,9.0,20.0,13.0,3.0,13.0,9.0,13.0,8.0,16.0,12.0,4.0,11.0,5.0,3.0,9.0,3.0,6.0,5.0,2.0,1.0,9.0,9.0,10.0,7.0,4.0,18.0,10.0,12.0,14.0,11.0,13.0,8.0,10.0,12.0,7.0,19.0,12.0,11.0,11.0,19.0,15.0,14.0,9.0,16.0,10.0,13.0,13.0,7.0,7.0
88ad36135dfffff,4.0,8.0,4.0,17.0,9.0,15.0,26.0,11.0,18.0,10.0,14.0,9.0,21.0,15.0,4.0,5.0,3.0,1.0,14.0,11.0,4.0,7.0,3.0,4.0,7.0,6.0,14.0,27.0,26.0,36.0,18.0,7.0,7.0,6.0,14.0,25.0,10.0,15.0,9.0,25.0,24.0,21.0,8.0,14.0,14.0,19.0,6.0,11.0,12.0,13.0,18.0,3.0,14.0
88ad361363fffff,0.0,0.0,0.0,0.0,0.0,0.0,0.0,0.0,0.0,0.0,0.0,0.0,0.0,0.0,0.0,0.0,1.0,0.0,0.0,0.0,0.0,0.0,0.0,0.0,0.0,0.0,0.0,0.0,0.0,0.0,0.0,0.0,0.0,0.0,0.0,0.0,0.0,0.0,0.0,0.0,1.0,0.0,0.0,0.0,0.0,0.0,0.0,0.0,0.0,0.0,0.0,0.0,0.0
88ad361365fffff,13.0,20.0,13.0,23.0,26.0,16.0,26.0,25.0,23.0,20.0,36.0,34.0,24.0,9.0,16.0,15.0,13.0,10.0,23.0,39.0,13.0,22.0,21.0,24.0,22.0,14.0,28.0,35.0,40.0,24.0,22.0,37.0,33.0,42.0,15.0,46.0,43.0,22.0,19.0,39.0,22.0,26.0,23.0,33.0,24.0,26.0,29.0,19.0,18.0,19.0,16.0,14.0,2.0
88ad361369fffff,0.0,0.0,0.0,0.0,0.0,0.0,0.0,0.0,0.0,0.0,0.0,0.0,0.0,0.0,0.0,0.0,0.0,0.0,0.0,0.0,0.0,0.0,0.0,0.0,0.0,0.0,0.0,0.0,0.0,0.0,1.0,0.0,0.0,0.0,0.0,0.0,0.0,0.0,0.0,0.0,0.0,0.0,0.0,0.0,0.0,0.0,0.0,0.0,0.0,0.0,0.0,0.0,0.0
88ad36136bfffff,0.0,3.0,5.0,4.0,7.0,7.0,3.0,6.0,7.0,4.0,5.0,4.0,2.0,6.0,1.0,1.0,3.0,2.0,0.0,1.0,3.0,2.0,4.0,2.0,2.0,0.0,0.0,3.0,0.0,4.0,3.0,3.0,5.0,7.0,2.0,4.0,8.0,5.0,4.0,5.0,4.0,5.0,7.0,3.0,2.0,3.0,0.0,4.0,2.0,7.0,4.0,2.0,4.0
88ad36136dfffff,0.0,5.0,5.0,8.0,4.0,4.0,11.0,6.0,7.0,2.0,12.0,6.0,2.0,4.0,3.0,5.0,6.0,3.0,7.0,4.0,2.0,4.0,3.0,8.0,3.0,8.0,3.0,11.0,20.0,14.0,2.0,7.0,7.0,5.0,1.0,0.0,23.0,3.0,4.0,4.0,1.0,6.0,3.0,5.0,2.0,6.0,6.0,6.0,4.0,1.0,4.0,4.0,0.0
88ad361401fffff,0.0,3.0,4.0,4.0,10.0,2.0,4.0,2.0,11.0,7.0,3.0,6.0,5.0,4.0,4.0,2.0,2.0,3.0,3.0,6.0,3.0,1.0,3.0,16.0,11.0,6.0,3.0,8.0,5.0,15.0,14.0,8.0,3.0,3.0,9.0,6.0,8.0,3.0,8.0,9.0,7.0,6.0,9.0,14.0,10.0,8.0,3.0,6.0,5.0,14.0,3.0,9.0,2.0
88ad361403fffff,0.0,2.0,3.0,7.0,9.0,2.0,1.0,2.0,4.0,5.0,2.0,5.0,2.0,3.0,3.0,2.0,2.0,0.0,3.0,3.0,6.0,3.0,2.0,7.0,3.0,4.0,5.0,9.0,3.0,6.0,4.0,6.0,7.0,6.0,7.0,6.0,6.0,14.0,19.0,6.0,17.0,8.0,7.0,6.0,11.0,4.0,6.0,3.0,2.0,2.0,4.0,2.0,1.0
88ad361405fffff,0.0,0.0,1.0,2.0,1.0,0.0,0.0,2.0,0.0,0.0,0.0,0.0,0.0,0.0,0.0,0.0,0.0,0.0,0.0,0.0,0.0,1.0,0.0,0.0,0.0,0.0,0.0,0.0,0.0,0.0,3.0,0.0,0.0,0.0,0.0,1.0,0.0,1.0,0.0,3.0,2.0,2.0,4.0,0.0,0.0,0.0,0.0,0.0,0.0,1.0,0.0,1.0,0.0
88ad361407fffff,0.0,0.0,0.0,0.0,1.0,0.0,0.0,0.0,0.0,0.0,0.0,0.0,0.0,0.0,0.0,0.0,0.0,0.0,0.0,0.0,0.0,0.0,0.0,0.0,0.0,0.0,0.0,0.0,0.0,0.0,0.0,1.0,0.0,0.0,0.0,0.0,0.0,0.0,0.0,1.0,0.0,0.0,0.0,0.0,1.0,1.0,0.0,0.0,0.0,0.0,0.0,0.0,0.0
88ad361409fffff,2.0,4.0,3.0,4.0,1.0,2.0,1.0,8.0,9.0,4.0,4.0,7.0,0.0,1.0,4.0,2.0,0.0,5.0,3.0,2.0,4.0,4.0,6.0,11.0,10.0,5.0,2.0,4.0,7.0,3.0,2.0,4.0,0.0,0.0,1.0,2.0,4.0,0.0,8.0,8.0,5.0,7.0,7.0,4.0,4.0,1.0,7.0,5.0,3.0,7.0,7.0,1.0,4.0
88ad36140bfffff,4.0,5.0,19.0,20.0,11.0,8.0,11.0,5.0,21.0,4.0,7.0,13.0,4.0,4.0,8.0,7.0,3.0,3.0,6.0,6.0,4.0,10.0,5.0,6.0,7.0,8.0,12.0,14.0,17.0,8.0,7.0,13.0,14.0,13.0,17.0,16.0,17.0,9.0,12.0,16.0,18.0,14.0,23.0,15.0,14.0,12.0,10.0,8.0,11.0,13.0,16.0,8.0,3.0
88ad361415fffff,0.0,1.0,0.0,0.0,0.0,0.0,2.0,2.0,2.0,2.0,9.0,0.0,0.0,0.0,0.0,1.0,0.0,0.0,0.0,0.0,0.0,0.0,1.0,1.0,0.0,0.0,1.0,2.0,0.0,4.0,0.0,0.0,2.0,0.0,0.0,0.0,2.0,0.0,1.0,1.0,3.0,2.0,2.0,3.0,2.0,0.0,0.0,0.0,0.0,0.0,5.0,2.0,1.0
88ad361421fffff,9.0,18.0,22.0,29.0,22.0,12.0,12.0,13.0,28.0,15.0,22.0,19.0,14.0,5.0,11.0,7.0,7.0,5.0,18.0,3.0,12.0,20.0,18.0,26.0,15.0,11.0,14.0,19.0,65.0,33.0,28.0,17.0,14.0,10.0,30.0,28.0,18.0,29.0,24.0,43.0,35.0,15.0,27.0,22.0,28.0,29.0,16.0,32.0,56.0,28.0,13.0,6.0,12.0
88ad361423fffff,0.0,2.0,0.0,0.0,2.0,2.0,1.0,1.0,0.0,0.0,3.0,1.0,2.0,1.0,0.0,0.0,1.0,0.0,0.0,0.0,1.0,1.0,0.0,0.0,1.0,0.0,1.0,0.0,6.0,6.0,3.0,1.0,4.0,1.0,1.0,5.0,2.0,2.0,2.0,11.0,4.0,0.0,2.0,2.0,3.0,1.0,1.0,0.0,3.0,1.0,1.0,5.0,0.0
88ad361425fffff,14.0,24.0,58.0,26.0,29.0,30.0,39.0,45.0,18.0,34.0,35.0,15.0,13.0,8.0,12.0,8.0,11.0,12.0,9.0,8.0,14.0,23.0,24.0,12.0,14.0,22.0,33.0,35.0,35.0,19.0,15.0,36.0,27.0,13.0,23.0,24.0,29.0,29.0,32.0,33.0,38.0,46.0,35.0,32.0,34.0,25.0,22.0,22.0,24.0,24.0,41.0,15.0,9.0
88ad361427fffff,3.0,7.0,10.0,6.0,7.0,10.0,6.0,10.0,7.0,15.0,9.0,7.0,4.0,5.0,7.0,3.0,3.0,1.0,4.0,1.0,3.0,4.0,2.0,2.0,2.0,7.0,6.0,8.0,17.0,4.0,5.0,2.0,11.0,8.0,11.0,5.0,8.0,8.0,4.0,10.0,9.0,5.0,7.0,6.0,4.0,15.0,6.0,2.0,10.0,6.0,16.0,3.0,2.0
88ad361429fffff,4.0,12.0,25.0,15.0,16.0,6.0,8.0,10.0,5.0,6.0,7.0,9.0,9.0,3.0,7.0,6.0,2.0,5.0,12.0,1.0,6.0,19.0,12.0,4.0,3.0,8.0,6.0,6.0,18.0,9.0,13.0,10.0,6.0,8.0,10.0,10.0,13.0,8.0,2.0,25.0,8.0,17.0,11.0,7.0,4.0,9.0,7.0,18.0,20.0,5.0,13.0,6.0,3.0
88ad36142bfffff,1.0,0.0,6.0,2.0,1.0,3.0,3.0,1.0,0.0,0.0,2.0,0.0,0.0,2.0,1.0,1.0,0.0,1.0,5.0,0.0,1.0,1.0,1.0,0.0,0.0,1.0,1.0,0.0,0.0,0.0,2.0,2.0,1.0,0.0,4.0,0.0,6.0,2.0,2.0,1.0,0.0,0.0,0.0,0.0,1.0,0.0,5.0,0.0,0.0,0.0,0.0,0.0,0.0
88ad36142dfffff,5.0,12.0,34.0,52.0,32.0,15.0,14.0,15.0,15.0,6.0,9.0,14.0,16.0,5.0,3.0,6.0,8.0,6.0,6.0,9.0,6.0,23.0,17.0,13.0,19.0,5.0,18.0,21.0,31.0,7.0,16.0,9.0,13.0,9.0,15.0,19.0,26.0,36.0,10.0,66.0,18.0,18.0,18.0,14.0,26.0,28.0,16.0,11.0,22.0,19.0,11.0,14.0,4.0
88ad361431fffff,4.0,11.0,9.0,5.0,7.0,4.0,16.0,5.0,11.0,8.0,5.0,13.0,3.0,8.0,2.0,4.0,3.0,2.0,2.0,8.0,11.0,3.0,10.0,7.0,4.0,3.0,11.0,9.0,7.0,7.0,6.0,5.0,3.0,10.0,7.0,4.0,3.0,8.0,9.0,12.0,15.0,6.0,17.0,13.0,6.0,8.0,9.0,16.0,5.0,4.0,12.0,5.0,9.0
88ad361435fffff,18.0,27.0,23.0,42.0,31.0,18.0,45.0,27.0,26.0,20.0,22.0,24.0,13.0,9.0,9.0,8.0,5.0,6.0,15.0,7.0,13.0,6.0,16.0,49.0,23.0,17.0,24.0,23.0,20.0,34.0,23.0,14.0,23.0,16.0,31.0,19.0,27.0,37.0,61.0,80.0,43.0,18.0,43.0,24.0,23.0,26.0,25.0,21.0,10.0,24.0,24.0,17.0,11.0
88ad361437fffff,4.0,6.0,10.0,3.0,5.0,3.0,6.0,6.0,0.0,0.0,3.0,4.0,0.0,2.0,0.0,3.0,2.0,0.0,0.0,4.0,2.0,4.0,5.0,7.0,3.0,3.0,3.0,3.0,3.0,4.0,2.0,6.0,0.0,9.0,3.0,7.0,2.0,6.0,3.0,5.0,2.0,6.0,9.0,1.0,7.0,7.0,4.0,4.0,1.0,6.0,5.0,3.0,3.0
88ad361439fffff,3.0,1.0,7.0,9.0,3.0,8.0,13.0,11.0,15.0,2.0,2.0,8.0,4.0,2.0,2.0,0.0,4.0,1.0,5.0,5.0,8.0,4.0,5.0,7.0,4.0,3.0,3.0,8.0,8.0,4.0,4.0,4.0,5.0,8.0,3.0,7.0,7.0,2.0,10.0,11.0,9.0,2.0,6.0,7.0,14.0,6.0,7.0,5.0,9.0,15.0,9.0,5.0,4.0
88ad36143dfffff,0.0,2.0,0.0,0.0,0.0,2.0,2.0,0.0,1.0,0.0,2.0,4.0,0.0,1.0,0.0,0.0,0.0,0.0,0.0,1.0,8.0,1.0,1.0,0.0,0.0,0.0,0.0,1.0,0.0,1.0,3.0,1.0,0.0,0.0,1.0,1.0,0.0,3.0,5.0,0.0,2.0,3.0,1.0,1.0,0.0,1.0,0.0,1.0,0.0,0.0,0.0,1.0,0.0
88ad361441fffff,0.0,0.0,0.0,0.0,0.0,0.0,0.0,0.0,0.0,0.0,0.0,0.0,0.0,0.0,0.0,0.0,0.0,0.0,0.0,0.0,0.0,0.0,0.0,0.0,0.0,0.0,0.0,0.0,0.0,0.0,0.0,0.0,0.0,0.0,0.0,0.0,0.0,0.0,0.0,0.0,0.0,1.0,0.0,0.0,0.0,0.0,0.0,0.0,0.0,0.0,0.0,0.0,0.0
88ad361443fffff,0.0,0.0,0.0,0.0,0.0,0.0,0.0,0.0,0.0,0.0,0.0,0.0,0.0,0.0,0.0,0.0,0.0,0.0,0.0,0.0,0.0,0.0,0.0,1.0,0.0,0.0,0.0,0.0,0.0,1.0,0.0,0.0,0.0,0.0,0.0,0.0,0.0,0.0,0.0,0.0,0.0,0.0,0.0,0.0,0.0,0.0,0.0,0.0,0.0,0.0,0.0,0.0,0.0
88ad361445fffff,0.0,0.0,0.0,0.0,0.0,0.0,0.0,0.0,0.0,0.0,0.0,0.0,0.0,0.0,0.0,0.0,0.0,0.0,0.0,0.0,0.0,0.0,0.0,0.0,0.0,0.0,0.0,0.0,0.0,0.0,0.0,0.0,0.0,1.0,0.0,0.0,0.0,0.0,0.0,0.0,0.0,0.0,0.0,0.0,0.0,0.0,0.0,0.0,0.0,0.0,0.0,0.0,0.0
88ad361447fffff,0.0,0.0,0.0,0.0,2.0,0.0,0.0,0.0,0.0,0.0,1.0,0.0,0.0,0.0,1.0,0.0,0.0,0.0,0.0,0.0,0.0,0.0,0.0,0.0,0.0,0.0,0.0,0.0,0.0,0.0,0.0,0.0,0.0,0.0,0.0,0.0,0.0,0.0,0.0,0.0,0.0,0.0,0.0,0.0,0.0,0.0,0.0,0.0,0.0,0.0,0.0,0.0,0.0
88ad361449fffff,0.0,0.0,0.0,0.0,0.0,0.0,0.0,0.0,0.0,0.0,0.0,0.0,0.0,0.0,0.0,0.0,0.0,0.0,0.0,0.0,0.0,0.0,0.0,0.0,0.0,0.0,0.0,0.0,0.0,0.0,0.0,0.0,0.0,0.0,0.0,0.0,1.0,0.0,0.0,0.0,0.0,0.0,0.0,0.0,0.0,0.0,0.0,0.0,0.0,0.0,0.0,0.0,0.0
88ad361451fffff,4.0,5.0,2.0,4.0,2.0,1.0,1.0,1.0,7.0,2.0,2.0,2.0,2.0,2.0,0.0,1.0,0.0,1.0,0.0,0.0,1.0,2.0,1.0,6.0,0.0,0.0,4.0,10.0,5.0,3.0,1.0,6.0,3.0,1.0,0.0,1.0,3.0,1.0,3.0,8.0,7.0,5.0,0.0,3.0,2.0,1.0,1.0,6.0,4.0,5.0,7.0,3.0,1.0
88ad361455fffff,4.0,8.0,23.0,17.0,7.0,9.0,11.0,4.0,7.0,11.0,12.0,10.0,7.0,3.0,6.0,2.0,4.0,2.0,5.0,4.0,6.0,8.0,8.0,17.0,16.0,7.0,4.0,2.0,13.0,10.0,11.0,6.0,4.0,7.0,12.0,4.0,10.0,13.0,8.0,31.0,17.0,16.0,14.0,7.0,8.0,8.0,12.0,10.0,15.0,11.0,30.0,11.0,3.0
88ad361457fffff,1.0,1.0,0.0,2.0,0.0,0.0,0.0,1.0,2.0,0.0,4.0,1.0,1.0,0.0,2.0,1.0,0.0,0.0,0.0,1.0,0.0,2.0,3.0,0.0,0.0,0.0,1.0,3.0,2.0,0.0,1.0,0.0,3.0,2.0,2.0,0.0,1.0,2.0,4.0,8.0,4.0,3.0,3.0,2.0,2.0,0.0,0.0,1.0,0.0,0.0,0.0,0.0,1.0
88ad361459fffff,0.0,0.0,0.0,0.0,0.0,0.0,0.0,0.0,0.0,0.0,0.0,0.0,0.0,0.0,0.0,0.0,0.0,0.0,0.0,0.0,0.0,0.0,0.0,0.0,0.0,0.0,0.0,0.0,1.0,0.0,0.0,0.0,0.0,0.0,0.0,0.0,0.0,0.0,0.0,0.0,0.0,0.0,0.0,0.0,0.0,1.0,0.0,0.0,0.0,0.0,0.0,0.0,0.0
88ad36145dfffff,0.0,1.0,2.0,1.0,0.0,4.0,0.0,0.0,4.0,2.0,0.0,3.0,0.0,0.0,0.0,0.0,1.0,0.0,1.0,1.0,0.0,1.0,0.0,2.0,0.0,0.0,0.0,1.0,1.0,1.0,2.0,0.0,2.0,2.0,1.0,3.0,6.0,3.0,1.0,8.0,3.0,3.0,4.0,0.0,2.0,1.0,3.0,3.0,2.0,6.0,0.0,2.0,0.0
88ad361461fffff,0.0,0.0,0.0,0.0,0.0,0.0,0.0,0.0,1.0,0.0,0.0,0.0,0.0,0.0,0.0,0.0,0.0,0.0,0.0,0.0,0.0,0.0,0.0,0.0,0.0,0.0,0.0,0.0,1.0,0.0,0.0,0.0,0.0,0.0,0.0,0.0,0.0,0.0,0.0,0.0,0.0,0.0,0.0,1.0,0.0,0.0,0.0,0.0,0.0,1.0,0.0,0.0,0.0
88ad361463fffff,0.0,0.0,0.0,0.0,0.0,0.0,0.0,0.0,0.0,0.0,0.0,0.0,0.0,0.0,0.0,0.0,0.0,0.0,0.0,0.0,0.0,0.0,0.0,0.0,1.0,0.0,0.0,0.0,0.0,0.0,0.0,0.0,0.0,0.0,0.0,0.0,0.0,0.0,0.0,0.0,0.0,0.0,0.0,0.0,0.0,0.0,0.0,0.0,0.0,0.0,0.0,0.0,0.0
88ad361465fffff,1.0,0.0,3.0,0.0,3.0,1.0,2.0,2.0,4.0,0.0,2.0,1.0,1.0,4.0,0.0,0.0,0.0,0.0,5.0,1.0,1.0,3.0,0.0,1.0,0.0,1.0,4.0,1.0,4.0,5.0,1.0,1.0,0.0,3.0,0.0,2.0,0.0,1.0,1.0,5.0,3.0,0.0,1.0,4.0,0.0,2.0,1.0,3.0,4.0,0.0,0.0,0.0,1.0
88ad361467fffff,6.0,3.0,18.0,12.0,10.0,7.0,11.0,5.0,10.0,9.0,15.0,16.0,6.0,0.0,2.0,3.0,0.0,2.0,15.0,4.0,5.0,9.0,10.0,15.0,9.0,15.0,10.0,6.0,30.0,8.0,9.0,2.0,4.0,18.0,16.0,12.0,6.0,10.0,14.0,30.0,16.0,16.0,12.0,4.0,16.0,12.0,9.0,14.0,18.0,4.0,9.0,7.0,2.0
88ad361469fffff,0.0,0.0,0.0,0.0,0.0,0.0,0.0,0.0,0.0,0.0,0.0,0.0,0.0,0.0,0.0,0.0,0.0,0.0,0.0,0.0,0.0,0.0,0.0,0.0,0.0,0.0,0.0,0.0,0.0,0.0,0.0,0.0,0.0,0.0,0.0,0.0,0.0,0.0,0.0,0.0,0.0,0.0,0.0,0.0,0.0,0.0,0.0,0.0,0.0,0.0,0.0,1.0,0.0
88ad36146bfffff,0.0,0.0,0.0,1.0,0.0,0.0,0.0,0.0,0.0,0.0,0.0,0.0,0.0,0.0,0.0,0.0,0.0,0.0,0.0,0.0,0.0,0.0,0.0,0.0,0.0,0.0,0.0,0.0,0.0,0.0,1.0,0.0,0.0,0.0,0.0,0.0,0.0,0.0,0.0,0.0,0.0,0.0,0.0,0.0,0.0,0.0,0.0,0.0,0.0,0.0,0.0,0.0,0.0
88ad36146dfffff,0.0,0.0,0.0,0.0,0.0,0.0,0.0,0.0,0.0,0.0,0.0,0.0,0.0,0.0,0.0,0.0,0.0,0.0,0.0,0.0,0.0,0.0,0.0,0.0,0.0,0.0,0.0,0.0,0.0,1.0,0.0,0.0,0.0,0.0,0.0,0.0,0.0,0.0,0.0,0.0,0.0,0.0,0.0,0.0,0.0,0.0,0.0,0.0,1.0,0.0,0.0,0.0,0.0
88ad361501fffff,0.0,0.0,0.0,0.0,0.0,0.0,0.0,0.0,0.0,1.0,1.0,0.0,0.0,0.0,0.0,0.0,0.0,0.0,0.0,0.0,0.0,1.0,0.0,0.0,0.0,0.0,1.0,1.0,0.0,1.0,0.0,0.0,0.0,0.0,0.0,0.0,2.0,0.0,0.0,1.0,1.0,0.0,2.0,3.0,0.0,1.0,0.0,0.0,0.0,0.0,2.0,0.0,0.0
88ad361503fffff,0.0,0.0,2.0,1.0,0.0,1.0,0.0,3.0,0.0,0.0,0.0,2.0,0.0,0.0,0.0,1.0,0.0,0.0,1.0,1.0,2.0,0.0,0.0,0.0,1.0,3.0,2.0,1.0,1.0,0.0,0.0,0.0,0.0,0.0,0.0,1.0,0.0,0.0,0.0,1.0,1.0,2.0,2.0,0.0,1.0,4.0,2.0,0.0,0.0,1.0,2.0,1.0,0.0
88ad361505fffff,0.0,1.0,0.0,0.0,0.0,1.0,0.0,1.0,1.0,0.0,0.0,0.0,0.0,0.0,0.0,1.0,0.0,0.0,0.0,0.0,0.0,0.0,1.0,0.0,0.0,0.0,0.0,0.0,0.0,0.0,0.0,0.0,0.0,0.0,0.0,1.0,1.0,0.0,0.0,1.0,0.0,0.0,1.0,2.0,1.0,2.0,0.0,0.0,0.0,0.0,0.0,0.0,0.0
88ad361507fffff,0.0,0.0,0.0,0.0,0.0,0.0,0.0,0.0,0.0,0.0,0.0,0.0,0.0,0.0,0.0,0.0,0.0,0.0,0.0,0.0,1.0,0.0,0.0,0.0,0.0,0.0,0.0,0.0,0.0,0.0,0.0,0.0,0.0,0.0,0.0,0.0,0.0,0.0,0.0,0.0,0.0,0.0,0.0,0.0,0.0,0.0,0.0,1.0,0.0,1.0,0.0,0.0,0.0
88ad361509fffff,3.0,17.0,36.0,32.0,29.0,22.0,31.0,42.0,20.0,22.0,25.0,37.0,10.0,8.0,14.0,7.0,8.0,4.0,25.0,26.0,7.0,21.0,6.0,35.0,30.0,38.0,40.0,27.0,26.0,27.0,42.0,33.0,31.0,28.0,33.0,44.0,36.0,32.0,24.0,46.0,24.0,56.0,32.0,46.0,39.0,53.0,39.0,22.0,25.0,40.0,35.0,19.0,11.0
88ad36150bfffff,1.0,5.0,5.0,5.0,11.0,7.0,9.0,8.0,6.0,3.0,3.0,3.0,8.0,1.0,1.0,1.0,0.0,1.0,0.0,2.0,1.0,6.0,4.0,6.0,2.0,4.0,3.0,3.0,7.0,3.0,9.0,1.0,1.0,6.0,8.0,9.0,3.0,11.0,3.0,8.0,2.0,2.0,7.0,5.0,7.0,8.0,5.0,10.0,4.0,9.0,2.0,4.0,1.0
88ad36150dfffff,5.0,6.0,11.0,9.0,15.0,4.0,9.0,8.0,7.0,4.0,2.0,8.0,6.0,3.0,3.0,5.0,6.0,1.0,6.0,3.0,4.0,1.0,6.0,9.0,5.0,12.0,12.0,13.0,12.0,15.0,10.0,10.0,3.0,14.0,13.0,2.0,8.0,8.0,14.0,8.0,15.0,16.0,27.0,7.0,11.0,12.0,13.0,11.0,8.0,4.0,12.0,2.0,5.0
88ad361511fffff,6.0,18.0,20.0,25.0,27.0,16.0,25.0,22.0,19.0,15.0,25.0,17.0,6.0,6.0,3.0,5.0,5.0,6.0,7.0,10.0,9.0,19.0,14.0,7.0,5.0,14.0,15.0,13.0,24.0,21.0,9.0,16.0,20.0,11.0,15.0,18.0,23.0,15.0,15.0,9.0,16.0,20.0,32.0,15.0,23.0,40.0,13.0,13.0,35.0,20.0,27.0,16.0,13.0
88ad361513fffff,0.0,13.0,16.0,19.0,11.0,13.0,14.0,18.0,11.0,20.0,15.0,10.0,5.0,5.0,4.0,3.0,2.0,4.0,7.0,3.0,6.0,11.0,9.0,12.0,10.0,8.0,20.0,18.0,13.0,22.0,10.0,15.0,15.0,6.0,8.0,9.0,14.0,25.0,13.0,27.0,16.0,18.0,10.0,11.0,17.0,12.0,15.0,18.0,24.0,10.0,5.0,4.0,1.0
88ad361515fffff,1.0,3.0,2.0,2.0,1.0,2.0,3.0,3.0,1.0,2.0,4.0,2.0,3.0,0.0,0.0,0.0,0.0,1.0,1.0,1.0,2.0,0.0,2.0,0.0,0.0,3.0,0.0,1.0,1.0,0.0,2.0,4.0,1.0,2.0,0.0,0.0,0.0,1.0,0.0,3.0,2.0,11.0,1.0,3.0,2.0,2.0,3.0,1.0,0.0,2.0,1.0,0.0,2.0
88ad361517fffff,1.0,9.0,16.0,7.0,10.0,18.0,13.0,9.0,12.0,4.0,5.0,6.0,5.0,4.0,0.0,1.0,1.0,1.0,4.0,5.0,3.0,6.0,8.0,8.0,5.0,1.0,5.0,8.0,7.0,10.0,6.0,9.0,4.0,10.0,6.0,3.0,5.0,9.0,8.0,7.0,9.0,13.0,12.0,11.0,7.0,7.0,6.0,9.0,3.0,9.0,9.0,3.0,1.0
88ad361519fffff,8.0,57.0,73.0,52.0,71.0,62.0,37.0,67.0,43.0,47.0,54.0,62.0,19.0,26.0,23.0,11.0,15.0,19.0,34.0,28.0,38.0,70.0,38.0,46.0,40.0,59.0,44.0,56.0,76.0,55.0,60.0,82.0,88.0,58.0,65.0,75.0,83.0,96.0,66.0,99.0,69.0,82.0,81.0,79.0,79.0,85.0,66.0,27.0,43.0,28.0,36.0,11.0,9.0
88ad36151bfffff,8.0,18.0,24.0,24.0,24.0,17.0,26.0,16.0,17.0,27.0,13.0,13.0,9.0,1.0,4.0,7.0,9.0,5.0,6.0,6.0,9.0,9.0,6.0,6.0,6.0,14.0,7.0,19.0,14.0,13.0,11.0,6.0,10.0,10.0,19.0,12.0,11.0,13.0,9.0,31.0,18.0,19.0,18.0,19.0,16.0,10.0,10.0,23.0,16.0,16.0,21.0,14.0,6.0
88ad36151dfffff,3.0,20.0,15.0,21.0,10.0,15.0,16.0,13.0,9.0,21.0,29.0,15.0,8.0,4.0,2.0,6.0,9.0,2.0,4.0,2.0,6.0,6.0,5.0,8.0,12.0,12.0,9.0,10.0,18.0,17.0,15.0,15.0,11.0,10.0,9.0,8.0,14.0,13.0,11.0,8.0,12.0,16.0,11.0,16.0,16.0,11.0,10.0,11.0,10.0,10.0,9.0,2.0,3.0
88ad361529fffff,0.0,3.0,0.0,0.0,0.0,1.0,2.0,1.0,0.0,0.0,1.0,1.0,0.0,0.0,0.0,0.0,0.0,0.0,0.0,0.0,0.0,0.0,0.0,0.0,0.0,0.0,0.0,0.0,1.0,0.0,0.0,0.0,0.0,1.0,0.0,1.0,1.0,0.0,0.0,1.0,4.0,1.0,0.0,0.0,1.0,2.0,1.0,1.0,0.0,0.0,1.0,2.0,0.0
88ad36152bfffff,0.0,0.0,0.0,0.0,0.0,0.0,0.0,0.0,0.0,0.0,0.0,0.0,0.0,0.0,0.0,0.0,0.0,0.0,0.0,0.0,0.0,0.0,0.0,0.0,0.0,0.0,0.0,0.0,0.0,0.0,0.0,0.0,0.0,0.0,0.0,1.0,0.0,1.0,0.0,0.0,0.0,1.0,0.0,0.0,1.0,1.0,0.0,0.0,0.0,0.0,0.0,0.0,0.0
88ad36152dfffff,0.0,3.0,1.0,0.0,0.0,1.0,3.0,0.0,1.0,1.0,0.0,0.0,0.0,1.0,0.0,0.0,1.0,1.0,0.0,0.0,0.0,0.0,0.0,4.0,0.0,0.0,0.0,1.0,0.0,0.0,0.0,0.0,1.0,3.0,2.0,5.0,2.0,3.0,0.0,1.0,1.0,3.0,1.0,1.0,2.0,2.0,2.0,1.0,0.0,0.0,0.0,0.0,0.0
88ad361533fffff,0.0,0.0,1.0,0.0,0.0,1.0,0.0,0.0,0.0,0.0,0.0,0.0,0.0,0.0,0.0,1.0,0.0,0.0,0.0,0.0,0.0,0.0,0.0,0.0,0.0,1.0,1.0,1.0,0.0,0.0,0.0,0.0,0.0,0.0,0.0,0.0,0.0,0.0,0.0,0.0,0.0,0.0,0.0,0.0,0.0,0.0,0.0,0.0,0.0,0.0,0.0,0.0,0.0
88ad361539fffff,0.0,0.0,0.0,0.0,0.0,0.0,0.0,0.0,0.0,0.0,0.0,0.0,0.0,0.0,0.0,0.0,0.0,0.0,0.0,0.0,0.0,0.0,0.0,0.0,0.0,0.0,1.0,0.0,0.0,0.0,0.0,0.0,0.0,0.0,0.0,0.0,0.0,0.0,0.0,0.0,0.0,0.0,0.0,0.0,0.0,0.0,0.0,0.0,0.0,0.0,0.0,0.0,0.0
88ad36153bfffff,0.0,0.0,0.0,1.0,3.0,1.0,1.0,1.0,2.0,3.0,1.0,2.0,0.0,0.0,1.0,1.0,0.0,1.0,0.0,0.0,0.0,0.0,2.0,0.0,3.0,1.0,0.0,2.0,1.0,0.0,2.0,1.0,1.0,2.0,1.0,0.0,0.0,0.0,2.0,2.0,0.0,3.0,1.0,0.0,1.0,2.0,0.0,0.0,0.0,0.0,0.0,0.0,0.0
88ad36153dfffff,0.0,0.0,0.0,0.0,0.0,0.0,0.0,0.0,0.0,0.0,0.0,0.0,0.0,0.0,0.0,0.0,0.0,0.0,0.0,0.0,0.0,0.0,0.0,0.0,0.0,0.0,0.0,0.0,0.0,0.0,0.0,0.0,0.0,0.0,0.0,0.0,0.0,0.0,0.0,0.0,0.0,1.0,0.0,0.0,0.0,0.0,0.0,0.0,0.0,0.0,0.0,0.0,0.0
88ad361541fffff,3.0,4.0,10.0,7.0,17.0,2.0,4.0,5.0,8.0,3.0,11.0,3.0,6.0,1.0,4.0,0.0,1.0,7.0,4.0,6.0,5.0,4.0,4.0,8.0,9.0,5.0,4.0,6.0,7.0,6.0,5.0,12.0,7.0,11.0,8.0,3.0,6.0,5.0,8.0,5.0,1.0,7.0,6.0,16.0,14.0,15.0,9.0,6.0,9.0,6.0,6.0,5.0,5.0
88ad361543fffff,5.0,20.0,35.0,24.0,18.0,16.0,14.0,12.0,19.0,24.0,14.0,14.0,5.0,10.0,7.0,9.0,6.0,3.0,5.0,15.0,12.0,7.0,12.0,16.0,15.0,14.0,15.0,20.0,8.0,23.0,25.0,12.0,16.0,11.0,24.0,16.0,27.0,18.0,21.0,25.0,12.0,25.0,16.0,18.0,23.0,33.0,22.0,15.0,24.0,17.0,16.0,12.0,6.0
88ad361545fffff,22.0,28.0,28.0,42.0,31.0,33.0,25.0,40.0,23.0,28.0,25.0,23.0,17.0,14.0,15.0,6.0,11.0,17.0,23.0,15.0,11.0,21.0,30.0,20.0,17.0,32.0,33.0,28.0,48.0,49.0,27.0,20.0,35.0,35.0,35.0,36.0,15.0,28.0,15.0,23.0,45.0,37.0,36.0,27.0,32.0,31.0,26.0,29.0,27.0,29.0,21.0,23.0,5.0
88ad361547fffff,13.0,46.0,64.0,53.0,60.0,44.0,38.0,53.0,50.0,41.0,42.0,30.0,40.0,18.0,12.0,55.0,17.0,27.0,34.0,25.0,31.0,26.0,39.0,34.0,32.0,40.0,41.0,47.0,84.0,62.0,40.0,42.0,62.0,64.0,42.0,41.0,73.0,45.0,40.0,62.0,66.0,69.0,47.0,37.0,73.0,61.0,61.0,56.0,61.0,63.0,55.0,31.0,15.0
88ad361549fffff,0.0,0.0,0.0,0.0,1.0,0.0,0.0,0.0,1.0,0.0,0.0,0.0,0.0,0.0,0.0,0.0,0.0,0.0,0.0,0.0,0.0,0.0,0.0,0.0,0.0,0.0,0.0,0.0,0.0,0.0,0.0,0.0,0.0,0.0,0.0,0.0,0.0,0.0,0.0,0.0,0.0,0.0,0.0,0.0,0.0,1.0,0.0,0.0,0.0,0.0,0.0,0.0,0.0
88ad36154bfffff,0.0,0.0,0.0,0.0,1.0,0.0,0.0,0.0,0.0,0.0,0.0,0.0,0.0,0.0,1.0,0.0,0.0,0.0,0.0,0.0,0.0,0.0,0.0,0.0,0.0,0.0,0.0,0.0,1.0,0.0,0.0,0.0,1.0,0.0,0.0,1.0,0.0,0.0,0.0,1.0,0.0,1.0,4.0,0.0,0.0,0.0,0.0,0.0,1.0,0.0,0.0,1.0,0.0
88ad36154dfffff,2.0,0.0,7.0,3.0,1.0,2.0,7.0,1.0,4.0,10.0,5.0,1.0,3.0,0.0,0.0,1.0,0.0,3.0,1.0,3.0,6.0,4.0,1.0,1.0,3.0,1.0,2.0,5.0,2.0,0.0,1.0,2.0,2.0,2.0,2.0,8.0,3.0,3.0,12.0,3.0,5.0,2.0,5.0,9.0,5.0,9.0,2.0,4.0,5.0,2.0,4.0,2.0,4.0
88ad361551fffff,12.0,14.0,36.0,36.0,11.0,14.0,25.0,20.0,19.0,14.0,40.0,19.0,9.0,8.0,8.0,7.0,3.0,5.0,21.0,10.0,12.0,10.0,17.0,18.0,22.0,29.0,13.0,19.0,36.0,9.0,16.0,20.0,10.0,18.0,8.0,26.0,18.0,15.0,21.0,18.0,48.0,28.0,37.0,22.0,34.0,22.0,28.0,20.0,20.0,9.0,45.0,18.0,8.0
88ad361553fffff,8.0,17.0,26.0,32.0,26.0,28.0,16.0,45.0,34.0,29.0,21.0,24.0,18.0,3.0,9.0,9.0,11.0,6.0,11.0,16.0,6.0,9.0,18.0,26.0,23.0,11.0,23.0,18.0,33.0,13.0,10.0,17.0,28.0,26.0,21.0,47.0,46.0,19.0,17.0,32.0,24.0,28.0,24.0,32.0,26.0,33.0,28.0,27.0,30.0,14.0,51.0,7.0,10.0
88ad361555fffff,4.0,13.0,20.0,19.0,18.0,26.0,13.0,22.0,6.0,7.0,18.0,30.0,15.0,5.0,4.0,4.0,3.0,2.0,7.0,3.0,12.0,3.0,6.0,5.0,8.0,4.0,19.0,11.0,10.0,6.0,7.0,14.0,15.0,5.0,8.0,19.0,8.0,14.0,19.0,15.0,11.0,12.0,18.0,13.0,25.0,13.0,12.0,5.0,11.0,17.0,9.0,6.0,4.0
88ad361557fffff,5.0,7.0,21.0,23.0,6.0,10.0,14.0,6.0,6.0,9.0,6.0,7.0,7.0,7.0,4.0,3.0,1.0,8.0,7.0,2.0,6.0,5.0,3.0,7.0,6.0,8.0,5.0,11.0,13.0,13.0,9.0,8.0,7.0,8.0,12.0,12.0,6.0,13.0,12.0,9.0,16.0,28.0,16.0,11.0,9.0,7.0,15.0,3.0,15.0,6.0,2.0,4.0,4.0
88ad361559fffff,0.0,2.0,4.0,2.0,2.0,2.0,0.0,2.0,1.0,0.0,3.0,1.0,0.0,0.0,0.0,0.0,0.0,0.0,1.0,0.0,3.0,1.0,0.0,2.0,1.0,4.0,2.0,5.0,3.0,0.0,2.0,2.0,1.0,1.0,2.0,2.0,4.0,1.0,2.0,1.0,2.0,0.0,2.0,3.0,6.0,5.0,8.0,4.0,0.0,5.0,1.0,2.0,0.0
88ad36155bfffff,4.0,24.0,50.0,38.0,32.0,23.0,30.0,22.0,29.0,40.0,23.0,28.0,9.0,10.0,16.0,6.0,7.0,4.0,10.0,9.0,4.0,28.0,18.0,15.0,25.0,22.0,22.0,24.0,18.0,19.0,11.0,14.0,18.0,22.0,10.0,20.0,10.0,16.0,18.0,32.0,21.0,17.0,17.0,23.0,22.0,17.0,19.0,24.0,27.0,17.0,12.0,8.0,5.0
88ad36155dfffff,0.0,0.0,0.0,0.0,0.0,0.0,0.0,1.0,0.0,0.0,0.0,0.0,0.0,0.0,0.0,0.0,0.0,0.0,1.0,0.0,0.0,0.0,0.0,0.0,0.0,0.0,0.0,0.0,0.0,0.0,0.0,0.0,0.0,0.0,0.0,0.0,0.0,0.0,0.0,0.0,1.0,0.0,0.0,0.0,0.0,1.0,0.0,0.0,0.0,0.0,0.0,0.0,0.0
88ad361561fffff,0.0,0.0,0.0,1.0,1.0,1.0,1.0,0.0,1.0,0.0,1.0,2.0,0.0,0.0,0.0,0.0,0.0,0.0,0.0,2.0,0.0,0.0,0.0,0.0,1.0,2.0,2.0,0.0,0.0,1.0,8.0,0.0,0.0,0.0,1.0,2.0,2.0,1.0,0.0,0.0,5.0,1.0,2.0,2.0,3.0,1.0,3.0,3.0,0.0,5.0,2.0,1.0,0.0
88ad361563fffff,0.0,1.0,0.0,1.0,1.0,0.0,0.0,0.0,1.0,2.0,1.0,0.0,0.0,0.0,1.0,0.0,0.0,0.0,1.0,0.0,0.0,0.0,0.0,0.0,0.0,0.0,0.0,0.0,6.0,1.0,0.0,1.0,1.0,0.0,1.0,1.0,2.0,1.0,1.0,2.0,0.0,1.0,1.0,0.0,2.0,1.0,1.0,4.0,1.0,3.0,2.0,2.0,2.0
88ad361565fffff,1.0,2.0,4.0,11.0,5.0,3.0,5.0,5.0,3.0,6.0,2.0,8.0,6.0,3.0,1.0,0.0,2.0,1.0,4.0,2.0,1.0,1.0,4.0,4.0,2.0,1.0,3.0,6.0,3.0,6.0,2.0,11.0,2.0,7.0,5.0,2.0,2.0,6.0,4.0,3.0,8.0,14.0,5.0,4.0,8.0,12.0,13.0,2.0,4.0,4.0,2.0,1.0,0.0
88ad361567fffff,0.0,13.0,7.0,3.0,3.0,6.0,2.0,2.0,2.0,18.0,6.0,4.0,4.0,1.0,0.0,0.0,3.0,0.0,3.0,0.0,5.0,3.0,4.0,8.0,3.0,2.0,2.0,5.0,5.0,5.0,4.0,3.0,6.0,6.0,9.0,7.0,10.0,9.0,1.0,2.0,5.0,10.0,7.0,9.0,6.0,28.0,14.0,8.0,7.0,5.0,4.0,1.0,5.0
88ad361569fffff,3.0,6.0,14.0,8.0,7.0,13.0,9.0,12.0,1.0,15.0,5.0,9.0,12.0,2.0,2.0,2.0,5.0,3.0,4.0,11.0,11.0,7.0,6.0,4.0,4.0,14.0,12.0,16.0,5.0,6.0,9.0,14.0,7.0,6.0,15.0,11.0,10.0,13.0,6.0,17.0,17.0,18.0,6.0,8.0,14.0,16.0,10.0,14.0,8.0,12.0,8.0,3.0,6.0
88ad36156bfffff,17.0,20.0,29.0,27.0,30.0,31.0,19.0,56.0,29.0,21.0,30.0,27.0,11.0,14.0,17.0,5.0,5.0,16.0,13.0,10.0,23.0,36.0,18.0,29.0,15.0,24.0,15.0,26.0,29.0,30.0,27.0,36.0,22.0,33.0,31.0,18.0,17.0,22.0,26.0,19.0,29.0,33.0,44.0,40.0,30.0,41.0,35.0,31.0,41.0,23.0,38.0,20.0,7.0
88ad36156dfffff,5.0,7.0,19.0,10.0,15.0,18.0,10.0,8.0,11.0,14.0,11.0,9.0,6.0,2.0,6.0,4.0,2.0,1.0,2.0,4.0,4.0,7.0,4.0,7.0,8.0,11.0,7.0,9.0,8.0,5.0,4.0,8.0,7.0,13.0,10.0,10.0,11.0,18.0,4.0,25.0,7.0,13.0,8.0,14.0,13.0,31.0,17.0,25.0,19.0,17.0,16.0,9.0,8.0
88ad3615c1fffff,12.0,42.0,86.0,45.0,53.0,34.0,42.0,51.0,38.0,31.0,35.0,19.0,15.0,7.0,14.0,23.0,12.0,11.0,25.0,14.0,17.0,13.0,27.0,25.0,33.0,27.0,21.0,23.0,34.0,27.0,44.0,28.0,21.0,43.0,46.0,38.0,38.0,48.0,42.0,79.0,37.0,48.0,61.0,40.0,70.0,32.0,23.0,40.0,61.0,39.0,34.0,25.0,16.0
88ad3615c5fffff,19.0,20.0,41.0,31.0,33.0,29.0,31.0,42.0,33.0,19.0,11.0,20.0,21.0,7.0,9.0,7.0,13.0,11.0,19.0,5.0,12.0,30.0,22.0,24.0,36.0,21.0,15.0,23.0,17.0,23.0,23.0,18.0,33.0,23.0,31.0,30.0,21.0,33.0,24.0,46.0,31.0,44.0,33.0,26.0,29.0,34.0,35.0,40.0,29.0,37.0,22.0,12.0,10.0
88ad3615c7fffff,0.0,1.0,0.0,1.0,1.0,17.0,0.0,0.0,0.0,1.0,1.0,1.0,0.0,0.0,1.0,1.0,2.0,0.0,1.0,1.0,3.0,1.0,3.0,0.0,3.0,0.0,0.0,2.0,0.0,3.0,5.0,2.0,0.0,2.0,0.0,0.0,0.0,1.0,1.0,0.0,2.0,2.0,1.0,1.0,4.0,4.0,0.0,1.0,0.0,1.0,0.0,1.0,0.0
88ad3615c9fffff,2.0,13.0,24.0,30.0,25.0,10.0,8.0,11.0,16.0,10.0,24.0,10.0,13.0,4.0,6.0,7.0,3.0,6.0,16.0,12.0,6.0,9.0,11.0,18.0,15.0,17.0,15.0,23.0,20.0,21.0,34.0,12.0,14.0,17.0,19.0,17.0,20.0,22.0,25.0,65.0,31.0,20.0,22.0,27.0,29.0,20.0,13.0,16.0,21.0,14.0,13.0,9.0,5.0
88ad3615cbfffff,14.0,21.0,26.0,22.0,20.0,21.0,20.0,16.0,21.0,20.0,22.0,15.0,12.0,9.0,2.0,6.0,10.0,9.0,9.0,7.0,10.0,11.0,10.0,14.0,6.0,18.0,14.0,13.0,17.0,11.0,19.0,6.0,12.0,25.0,15.0,18.0,12.0,14.0,21.0,19.0,26.0,13.0,22.0,20.0,32.0,8.0,14.0,24.0,14.0,17.0,14.0,14.0,5.0
88ad3615cdfffff,0.0,0.0,0.0,1.0,0.0,1.0,0.0,0.0,0.0,0.0,2.0,1.0,0.0,0.0,0.0,0.0,0.0,0.0,0.0,0.0,0.0,0.0,0.0,0.0,0.0,0.0,0.0,0.0,0.0,0.0,0.0,0.0,1.0,3.0,0.0,3.0,0.0,3.0,2.0,0.0,0.0,1.0,1.0,0.0,1.0,0.0,0.0,1.0,0.0,0.0,0.0,0.0,0.0
88ad3615e1fffff,1.0,6.0,5.0,8.0,2.0,1.0,5.0,4.0,6.0,6.0,5.0,4.0,1.0,1.0,2.0,1.0,0.0,1.0,1.0,1.0,1.0,1.0,4.0,3.0,1.0,3.0,3.0,1.0,1.0,0.0,6.0,8.0,0.0,5.0,2.0,3.0,1.0,0.0,2.0,6.0,2.0,8.0,3.0,3.0,7.0,4.0,8.0,4.0,5.0,3.0,8.0,3.0,2.0
88ad3615e9fffff,4.0,11.0,7.0,10.0,9.0,13.0,11.0,11.0,9.0,6.0,7.0,7.0,1.0,0.0,1.0,5.0,0.0,0.0,3.0,5.0,3.0,6.0,0.0,3.0,10.0,15.0,5.0,5.0,16.0,3.0,10.0,7.0,19.0,5.0,6.0,8.0,10.0,5.0,4.0,9.0,12.0,13.0,9.0,8.0,9.0,6.0,9.0,11.0,8.0,7.0,8.0,7.0,4.0
88ad3615ebfffff,0.0,4.0,2.0,3.0,3.0,3.0,3.0,8.0,5.0,7.0,4.0,3.0,3.0,0.0,0.0,1.0,1.0,0.0,0.0,1.0,3.0,6.0,2.0,5.0,0.0,4.0,2.0,0.0,2.0,2.0,6.0,0.0,3.0,6.0,1.0,3.0,4.0,2.0,2.0,8.0,2.0,5.0,3.0,2.0,4.0,2.0,6.0,4.0,7.0,4.0,2.0,1.0,4.0
88ad3615edfffff,0.0,0.0,1.0,0.0,0.0,1.0,2.0,0.0,0.0,0.0,1.0,0.0,1.0,0.0,0.0,1.0,0.0,2.0,1.0,0.0,0.0,0.0,1.0,0.0,0.0,2.0,0.0,0.0,0.0,0.0,1.0,0.0,1.0,0.0,1.0,1.0,1.0,0.0,1.0,0.0,2.0,1.0,0.0,1.0,0.0,0.0,8.0,2.0,0.0,0.0,1.0,1.0,1.0
88ad361601fffff,0.0,0.0,0.0,0.0,0.0,0.0,0.0,0.0,0.0,0.0,0.0,0.0,0.0,0.0,0.0,0.0,0.0,0.0,0.0,0.0,0.0,0.0,0.0,0.0,0.0,0.0,1.0,0.0,0.0,0.0,0.0,0.0,0.0,0.0,0.0,0.0,0.0,0.0,0.0,0.0,0.0,0.0,0.0,0.0,0.0,0.0,0.0,0.0,0.0,0.0,0.0,0.0,0.0
88ad361609fffff,0.0,1.0,5.0,1.0,1.0,8.0,4.0,2.0,0.0,0.0,2.0,4.0,2.0,0.0,2.0,1.0,7.0,0.0,0.0,1.0,0.0,0.0,0.0,3.0,0.0,0.0,1.0,0.0,0.0,0.0,1.0,2.0,1.0,0.0,4.0,3.0,1.0,2.0,0.0,0.0,2.0,2.0,0.0,1.0,3.0,2.0,0.0,2.0,4.0,1.0,0.0,0.0,0.0
88ad36160bfffff,1.0,3.0,1.0,4.0,5.0,2.0,1.0,3.0,3.0,2.0,1.0,3.0,1.0,2.0,1.0,1.0,5.0,1.0,0.0,0.0,0.0,1.0,0.0,1.0,1.0,1.0,0.0,1.0,0.0,1.0,1.0,3.0,0.0,1.0,1.0,4.0,0.0,3.0,0.0,0.0,4.0,3.0,5.0,17.0,1.0,4.0,3.0,1.0,4.0,0.0,0.0,3.0,2.0
88ad36160dfffff,1.0,2.0,3.0,1.0,3.0,2.0,0.0,0.0,2.0,2.0,3.0,3.0,2.0,0.0,0.0,0.0,0.0,1.0,0.0,0.0,1.0,0.0,0.0,1.0,0.0,1.0,0.0,1.0,2.0,0.0,1.0,1.0,0.0,0.0,0.0,0.0,1.0,0.0,0.0,0.0,1.0,0.0,2.0,0.0,1.0,4.0,0.0,1.0,1.0,3.0,1.0,1.0,0.0
88ad361611fffff,0.0,0.0,0.0,0.0,0.0,0.0,0.0,0.0,0.0,0.0,0.0,1.0,2.0,0.0,1.0,0.0,0.0,0.0,0.0,0.0,0.0,0.0,0.0,1.0,0.0,0.0,0.0,0.0,0.0,0.0,0.0,0.0,0.0,0.0,0.0,0.0,0.0,0.0,0.0,0.0,0.0,0.0,0.0,0.0,0.0,0.0,0.0,0.0,0.0,0.0,0.0,0.0,0.0
88ad361615fffff,0.0,0.0,0.0,0.0,0.0,0.0,0.0,0.0,0.0,0.0,0.0,0.0,0.0,0.0,0.0,0.0,0.0,0.0,0.0,0.0,0.0,1.0,0.0,0.0,0.0,0.0,0.0,0.0,0.0,0.0,0.0,0.0,0.0,0.0,0.0,0.0,0.0,0.0,0.0,0.0,0.0,0.0,0.0,2.0,0.0,0.0,0.0,0.0,0.0,0.0,0.0,0.0,0.0
88ad361619fffff,1.0,0.0,2.0,0.0,0.0,0.0,1.0,1.0,0.0,0.0,0.0,1.0,0.0,0.0,0.0,0.0,1.0,0.0,0.0,0.0,0.0,0.0,1.0,1.0,1.0,0.0,0.0,0.0,0.0,0.0,0.0,0.0,0.0,0.0,2.0,0.0,0.0,0.0,0.0,0.0,1.0,2.0,2.0,0.0,0.0,0.0,1.0,0.0,0.0,0.0,0.0,0.0,0.0
88ad36161bfffff,0.0,0.0,0.0,0.0,0.0,0.0,0.0,0.0,0.0,0.0,0.0,0.0,0.0,0.0,0.0,0.0,0.0,0.0,0.0,0.0,0.0,0.0,0.0,0.0,0.0,0.0,0.0,0.0,0.0,0.0,0.0,0.0,0.0,0.0,0.0,0.0,0.0,0.0,0.0,0.0,0.0,0.0,0.0,0.0,0.0,0.0,0.0,0.0,0.0,1.0,0.0,0.0,0.0
88ad36161dfffff,0.0,0.0,0.0,0.0,0.0,0.0,0.0,0.0,0.0,0.0,0.0,0.0,0.0,0.0,0.0,0.0,1.0,0.0,0.0,0.0,0.0,0.0,0.0,0.0,0.0,0.0,0.0,0.0,0.0,0.0,0.0,0.0,0.0,0.0,0.0,0.0,0.0,0.0,0.0,0.0,0.0,0.0,0.0,0.0,0.0,0.0,0.0,0.0,0.0,0.0,0.0,0.0,0.0
88ad361623fffff,0.0,0.0,0.0,0.0,0.0,0.0,0.0,0.0,0.0,0.0,0.0,0.0,0.0,0.0,0.0,1.0,0.0,0.0,0.0,0.0,0.0,0.0,0.0,0.0,0.0,0.0,0.0,0.0,0.0,0.0,0.0,0.0,0.0,0.0,0.0,0.0,0.0,0.0,0.0,0.0,0.0,0.0,0.0,0.0,0.0,0.0,0.0,0.0,0.0,0.0,0.0,0.0,0.0
88ad361625fffff,0.0,0.0,0.0,0.0,0.0,0.0,0.0,0.0,0.0,0.0,0.0,0.0,0.0,0.0,0.0,0.0,0.0,0.0,0.0,0.0,0.0,0.0,0.0,0.0,0.0,0.0,0.0,0.0,0.0,0.0,0.0,0.0,0.0,0.0,0.0,0.0,0.0,0.0,0.0,0.0,0.0,0.0,0.0,0.0,0.0,0.0,0.0,0.0,0.0,0.0,1.0,0.0,0.0
88ad361627fffff,0.0,0.0,0.0,0.0,0.0,0.0,0.0,0.0,0.0,0.0,0.0,0.0,0.0,0.0,0.0,0.0,0.0,0.0,0.0,0.0,0.0,0.0,0.0,0.0,0.0,0.0,0.0,0.0,0.0,0.0,0.0,0.0,0.0,0.0,0.0,0.0,0.0,0.0,0.0,0.0,0.0,0.0,0.0,0.0,0.0,0.0,0.0,0.0,0.0,0.0,0.0,0.0,1.0
88ad361629fffff,0.0,0.0,0.0,0.0,0.0,0.0,0.0,0.0,0.0,1.0,0.0,0.0,0.0,0.0,0.0,0.0,0.0,0.0,0.0,0.0,0.0,0.0,0.0,0.0,0.0,0.0,0.0,0.0,0.0,0.0,0.0,0.0,0.0,0.0,0.0,0.0,0.0,0.0,0.0,0.0,0.0,0.0,0.0,0.0,0.0,0.0,0.0,0.0,0.0,0.0,0.0,0.0,0.0
88ad361643fffff,0.0,0.0,0.0,0.0,0.0,0.0,0.0,1.0,0.0,0.0,0.0,0.0,0.0,0.0,0.0,0.0,0.0,0.0,0.0,0.0,0.0,0.0,0.0,0.0,0.0,0.0,0.0,0.0,0.0,0.0,0.0,0.0,0.0,0.0,0.0,0.0,0.0,0.0,0.0,0.0,0.0,0.0,0.0,0.0,0.0,1.0,0.0,0.0,0.0,0.0,0.0,0.0,0.0
88ad361645fffff,1.0,0.0,1.0,0.0,0.0,1.0,0.0,0.0,1.0,0.0,1.0,1.0,0.0,1.0,0.0,0.0,0.0,0.0,1.0,0.0,0.0,0.0,2.0,0.0,0.0,0.0,0.0,0.0,1.0,0.0,1.0,0.0,2.0,0.0,0.0,2.0,0.0,0.0,0.0,2.0,4.0,0.0,7.0,1.0,0.0,0.0,2.0,0.0,0.0,0.0,4.0,1.0,1.0
88ad361647fffff,0.0,0.0,1.0,0.0,0.0,0.0,0.0,0.0,1.0,0.0,0.0,0.0,2.0,4.0,0.0,0.0,0.0,0.0,0.0,0.0,0.0,0.0,0.0,1.0,1.0,0.0,0.0,0.0,0.0,0.0,0.0,0.0,0.0,0.0,0.0,0.0,0.0,0.0,0.0,1.0,0.0,0.0,0.0,0.0,0.0,0.0,0.0,0.0,1.0,0.0,0.0,0.0,0.0
88ad361649fffff,0.0,0.0,0.0,0.0,0.0,0.0,0.0,0.0,0.0,0.0,0.0,0.0,0.0,0.0,0.0,0.0,0.0,0.0,0.0,0.0,0.0,0.0,0.0,0.0,0.0,0.0,0.0,0.0,0.0,0.0,0.0,1.0,0.0,0.0,0.0,0.0,0.0,0.0,0.0,0.0,0.0,0.0,0.0,0.0,0.0,0.0,0.0,0.0,0.0,0.0,0.0,0.0,0.0
88ad36164bfffff,0.0,0.0,0.0,0.0,0.0,0.0,1.0,2.0,0.0,0.0,0.0,0.0,0.0,0.0,0.0,0.0,0.0,0.0,0.0,0.0,0.0,0.0,0.0,0.0,0.0,0.0,0.0,0.0,0.0,0.0,0.0,0.0,0.0,0.0,0.0,0.0,0.0,0.0,0.0,0.0,0.0,0.0,0.0,0.0,1.0,0.0,0.0,0.0,0.0,0.0,0.0,0.0,0.0
88ad36164dfffff,0.0,0.0,0.0,0.0,1.0,0.0,0.0,1.0,0.0,0.0,0.0,1.0,0.0,0.0,0.0,0.0,4.0,0.0,0.0,1.0,1.0,0.0,0.0,1.0,0.0,1.0,0.0,0.0,2.0,0.0,0.0,0.0,0.0,0.0,0.0,1.0,1.0,0.0,0.0,0.0,1.0,1.0,0.0,0.0,0.0,0.0,2.0,1.0,0.0,0.0,0.0,0.0,1.0
88ad361651fffff,2.0,4.0,29.0,1.0,3.0,6.0,4.0,5.0,6.0,3.0,2.0,3.0,2.0,1.0,0.0,0.0,1.0,2.0,1.0,6.0,0.0,2.0,2.0,1.0,4.0,1.0,1.0,7.0,1.0,5.0,5.0,1.0,1.0,3.0,5.0,3.0,4.0,6.0,0.0,5.0,4.0,4.0,15.0,6.0,4.0,5.0,4.0,1.0,3.0,2.0,3.0,2.0,4.0
88ad361653fffff,0.0,6.0,3.0,5.0,3.0,5.0,4.0,3.0,1.0,1.0,2.0,7.0,2.0,1.0,1.0,2.0,2.0,0.0,1.0,0.0,0.0,0.0,1.0,1.0,1.0,2.0,1.0,0.0,1.0,2.0,3.0,4.0,2.0,1.0,1.0,3.0,3.0,4.0,1.0,1.0,5.0,1.0,7.0,4.0,2.0,3.0,1.0,0.0,8.0,2.0,5.0,3.0,0.0
88ad361655fffff,0.0,2.0,2.0,5.0,2.0,0.0,2.0,14.0,7.0,6.0,2.0,4.0,3.0,0.0,0.0,2.0,10.0,1.0,1.0,2.0,0.0,2.0,4.0,0.0,0.0,2.0,1.0,4.0,0.0,5.0,2.0,4.0,2.0,3.0,6.0,1.0,7.0,2.0,3.0,2.0,1.0,3.0,11.0,6.0,5.0,1.0,6.0,6.0,2.0,4.0,3.0,4.0,1.0
88ad361657fffff,3.0,13.0,3.0,9.0,6.0,8.0,5.0,7.0,8.0,5.0,6.0,1.0,8.0,1.0,2.0,0.0,7.0,6.0,3.0,0.0,1.0,2.0,4.0,0.0,2.0,3.0,1.0,0.0,4.0,1.0,2.0,0.0,4.0,3.0,1.0,0.0,3.0,3.0,5.0,10.0,2.0,2.0,4.0,10.0,2.0,3.0,1.0,2.0,8.0,1.0,2.0,1.0,4.0
88ad361659fffff,0.0,0.0,0.0,1.0,0.0,0.0,1.0,2.0,1.0,1.0,0.0,0.0,0.0,0.0,0.0,0.0,0.0,0.0,0.0,0.0,0.0,0.0,0.0,0.0,0.0,0.0,0.0,1.0,0.0,0.0,0.0,0.0,0.0,0.0,0.0,0.0,0.0,0.0,0.0,0.0,0.0,0.0,1.0,1.0,1.0,0.0,0.0,0.0,0.0,0.0,0.0,0.0,0.0
88ad36165bfffff,2.0,3.0,4.0,8.0,7.0,4.0,3.0,8.0,4.0,1.0,3.0,1.0,5.0,4.0,1.0,1.0,1.0,0.0,0.0,5.0,9.0,6.0,4.0,5.0,3.0,5.0,5.0,3.0,4.0,6.0,6.0,14.0,7.0,9.0,3.0,7.0,11.0,3.0,7.0,5.0,11.0,7.0,5.0,5.0,4.0,9.0,9.0,15.0,15.0,6.0,7.0,8.0,4.0
88ad36165dfffff,0.0,0.0,1.0,3.0,0.0,1.0,1.0,1.0,0.0,0.0,0.0,0.0,1.0,0.0,0.0,0.0,0.0,0.0,0.0,0.0,0.0,0.0,0.0,0.0,0.0,0.0,0.0,0.0,1.0,1.0,0.0,0.0,0.0,0.0,0.0,0.0,0.0,0.0,0.0,0.0,0.0,0.0,1.0,1.0,0.0,0.0,1.0,0.0,0.0,0.0,0.0,0.0,0.0
88ad361661fffff,0.0,1.0,1.0,2.0,4.0,5.0,6.0,4.0,2.0,0.0,0.0,2.0,3.0,1.0,0.0,0.0,0.0,0.0,0.0,0.0,0.0,2.0,7.0,5.0,0.0,1.0,0.0,2.0,6.0,1.0,1.0,2.0,3.0,0.0,1.0,0.0,0.0,1.0,2.0,2.0,0.0,1.0,1.0,7.0,0.0,2.0,0.0,1.0,1.0,1.0,1.0,2.0,1.0
88ad361663fffff,0.0,0.0,0.0,0.0,0.0,0.0,1.0,0.0,0.0,0.0,0.0,0.0,0.0,0.0,0.0,0.0,0.0,0.0,0.0,0.0,0.0,0.0,0.0,0.0,0.0,0.0,0.0,0.0,3.0,0.0,0.0,0.0,0.0,0.0,0.0,0.0,0.0,1.0,0.0,0.0,0.0,0.0,0.0,0.0,1.0,0.0,0.0,0.0,0.0,0.0,0.0,0.0,0.0
88ad361665fffff,1.0,1.0,2.0,4.0,3.0,4.0,4.0,1.0,2.0,5.0,11.0,3.0,0.0,1.0,1.0,0.0,6.0,2.0,1.0,1.0,0.0,2.0,2.0,5.0,0.0,1.0,1.0,1.0,1.0,7.0,1.0,2.0,1.0,4.0,4.0,3.0,10.0,4.0,2.0,7.0,6.0,3.0,4.0,1.0,1.0,6.0,2.0,1.0,0.0,2.0,2.0,1.0,1.0
88ad361667fffff,0.0,0.0,0.0,0.0,0.0,0.0,0.0,0.0,0.0,0.0,0.0,0.0,0.0,0.0,0.0,0.0,0.0,0.0,0.0,0.0,0.0,0.0,0.0,0.0,0.0,0.0,1.0,0.0,1.0,0.0,0.0,0.0,0.0,0.0,0.0,0.0,0.0,0.0,0.0,0.0,0.0,0.0,0.0,0.0,0.0,0.0,0.0,0.0,0.0,0.0,0.0,0.0,0.0
88ad361669fffff,3.0,2.0,2.0,3.0,4.0,5.0,6.0,3.0,1.0,4.0,3.0,6.0,2.0,0.0,1.0,1.0,5.0,1.0,1.0,3.0,3.0,4.0,5.0,5.0,1.0,1.0,1.0,2.0,3.0,5.0,8.0,3.0,4.0,5.0,0.0,3.0,10.0,1.0,2.0,4.0,1.0,9.0,4.0,9.0,3.0,5.0,3.0,3.0,3.0,5.0,4.0,1.0,2.0
88ad36166bfffff,0.0,2.0,2.0,1.0,0.0,1.0,1.0,1.0,6.0,2.0,1.0,0.0,3.0,0.0,0.0,0.0,0.0,0.0,0.0,2.0,0.0,0.0,0.0,1.0,0.0,4.0,2.0,0.0,9.0,0.0,0.0,1.0,0.0,0.0,0.0,0.0,0.0,1.0,2.0,2.0,0.0,0.0,0.0,0.0,0.0,0.0,0.0,0.0,0.0,3.0,1.0,0.0,0.0
88ad36166dfffff,1.0,19.0,3.0,2.0,3.0,9.0,11.0,3.0,1.0,5.0,4.0,9.0,3.0,3.0,0.0,2.0,12.0,1.0,2.0,1.0,1.0,7.0,6.0,10.0,0.0,9.0,1.0,7.0,4.0,5.0,3.0,6.0,4.0,2.0,1.0,5.0,10.0,6.0,1.0,6.0,4.0,7.0,2.0,6.0,3.0,2.0,3.0,4.0,6.0,1.0,5.0,4.0,3.0
88ad3616c1fffff,0.0,0.0,1.0,0.0,0.0,0.0,0.0,0.0,0.0,0.0,0.0,0.0,0.0,0.0,0.0,0.0,0.0,0.0,0.0,0.0,0.0,0.0,0.0,0.0,0.0,0.0,0.0,0.0,0.0,0.0,0.0,0.0,0.0,2.0,0.0,0.0,0.0,0.0,0.0,0.0,0.0,0.0,0.0,0.0,0.0,0.0,0.0,0.0,0.0,0.0,0.0,0.0,0.0
88ad3616c9fffff,2.0,9.0,9.0,8.0,3.0,7.0,7.0,5.0,9.0,6.0,6.0,5.0,4.0,1.0,2.0,6.0,1.0,0.0,0.0,0.0,0.0,1.0,2.0,3.0,1.0,2.0,1.0,2.0,2.0,5.0,3.0,9.0,2.0,4.0,3.0,2.0,6.0,1.0,7.0,8.0,1.0,6.0,4.0,9.0,6.0,3.0,8.0,6.0,13.0,5.0,7.0,9.0,1.0
88ad3616cdfffff,0.0,0.0,0.0,0.0,0.0,0.0,1.0,0.0,0.0,0.0,0.0,0.0,0.0,0.0,0.0,0.0,0.0,0.0,0.0,0.0,0.0,0.0,0.0,0.0,0.0,1.0,0.0,0.0,0.0,0.0,1.0,0.0,0.0,0.0,1.0,0.0,0.0,1.0,0.0,0.0,0.0,0.0,1.0,0.0,0.0,0.0,1.0,0.0,0.0,0.0,0.0,0.0,0.0
88ad3616e1fffff,0.0,4.0,0.0,0.0,0.0,0.0,0.0,0.0,0.0,0.0,0.0,0.0,0.0,0.0,0.0,0.0,0.0,0.0,0.0,0.0,0.0,0.0,0.0,0.0,0.0,0.0,0.0,1.0,1.0,0.0,0.0,0.0,0.0,0.0,0.0,0.0,0.0,0.0,0.0,0.0,0.0,0.0,1.0,0.0,0.0,0.0,0.0,1.0,1.0,0.0,0.0,0.0,0.0
88ad3616ebfffff,0.0,0.0,0.0,0.0,0.0,0.0,0.0,0.0,0.0,0.0,0.0,0.0,0.0,0.0,0.0,0.0,0.0,0.0,0.0,0.0,0.0,0.0,0.0,0.0,0.0,0.0,0.0,0.0,0.0,0.0,2.0,0.0,0.0,0.0,0.0,0.0,0.0,0.0,0.0,0.0,0.0,0.0,0.0,0.0,0.0,0.0,0.0,0.0,0.0,0.0,0.0,0.0,0.0
88ad3616edfffff,1.0,0.0,0.0,0.0,0.0,0.0,0.0,0.0,0.0,0.0,0.0,0.0,0.0,0.0,0.0,0.0,0.0,0.0,0.0,0.0,0.0,0.0,0.0,0.0,0.0,0.0,0.0,0.0,0.0,0.0,0.0,0.0,0.0,0.0,0.0,0.0,0.0,0.0,0.0,0.0,0.0,0.0,0.0,0.0,0.0,0.0,0.0,0.0,0.0,0.0,0.0,0.0,0.0
88ad361701fffff,12.0,17.0,13.0,13.0,21.0,9.0,22.0,28.0,15.0,4.0,12.0,18.0,8.0,10.0,15.0,5.0,4.0,3.0,5.0,9.0,9.0,18.0,11.0,17.0,9.0,19.0,12.0,29.0,41.0,15.0,16.0,14.0,15.0,20.0,23.0,10.0,14.0,15.0,22.0,9.0,5.0,7.0,7.0,7.0,11.0,11.0,12.0,12.0,13.0,10.0,8.0,5.0,3.0
88ad361705fffff,2.0,11.0,16.0,18.0,16.0,4.0,12.0,4.0,16.0,12.0,10.0,13.0,6.0,4.0,7.0,6.0,6.0,5.0,1.0,10.0,10.0,9.0,8.0,4.0,7.0,14.0,10.0,9.0,15.0,10.0,14.0,6.0,11.0,9.0,3.0,8.0,10.0,7.0,5.0,9.0,11.0,12.0,4.0,7.0,15.0,12.0,11.0,4.0,9.0,9.0,12.0,4.0,4.0
88ad361707fffff,1.0,1.0,0.0,1.0,1.0,0.0,1.0,4.0,3.0,0.0,2.0,1.0,1.0,0.0,0.0,0.0,1.0,0.0,0.0,0.0,0.0,0.0,1.0,0.0,3.0,2.0,1.0,1.0,2.0,3.0,1.0,2.0,1.0,0.0,1.0,0.0,1.0,0.0,1.0,0.0,0.0,0.0,0.0,2.0,1.0,0.0,0.0,0.0,0.0,0.0,0.0,1.0,0.0
88ad361709fffff,5.0,12.0,18.0,12.0,35.0,17.0,22.0,16.0,15.0,16.0,20.0,12.0,9.0,7.0,4.0,15.0,7.0,5.0,18.0,11.0,7.0,13.0,15.0,12.0,12.0,27.0,21.0,23.0,55.0,12.0,11.0,10.0,19.0,15.0,17.0,41.0,18.0,16.0,21.0,18.0,11.0,15.0,22.0,6.0,17.0,9.0,20.0,13.0,22.0,20.0,15.0,12.0,7.0
88ad36170bfffff,11.0,10.0,4.0,16.0,3.0,8.0,9.0,17.0,7.0,11.0,12.0,7.0,6.0,6.0,1.0,8.0,12.0,3.0,4.0,2.0,12.0,10.0,10.0,22.0,15.0,7.0,7.0,27.0,17.0,2.0,5.0,1.0,19.0,5.0,6.0,8.0,7.0,8.0,8.0,4.0,4.0,9.0,7.0,8.0,3.0,4.0,6.0,3.0,3.0,12.0,3.0,1.0,0.0
88ad36170dfffff,4.0,26.0,16.0,35.0,13.0,18.0,17.0,19.0,21.0,15.0,32.0,16.0,11.0,8.0,7.0,6.0,27.0,3.0,11.0,2.0,12.0,14.0,7.0,22.0,13.0,18.0,13.0,33.0,52.0,18.0,14.0,22.0,22.0,60.0,21.0,32.0,19.0,14.0,29.0,18.0,15.0,27.0,16.0,13.0,18.0,13.0,15.0,15.0,18.0,16.0,12.0,4.0,7.0
88ad361713fffff,0.0,0.0,0.0,0.0,0.0,0.0,0.0,0.0,0.0,0.0,0.0,0.0,0.0,0.0,0.0,0.0,0.0,0.0,0.0,0.0,0.0,0.0,0.0,0.0,0.0,0.0,0.0,0.0,0.0,0.0,0.0,1.0,0.0,0.0,0.0,0.0,0.0,0.0,1.0,0.0,0.0,0.0,0.0,0.0,0.0,0.0,0.0,0.0,0.0,0.0,0.0,0.0,0.0
88ad361721fffff,0.0,1.0,5.0,4.0,5.0,2.0,7.0,3.0,6.0,5.0,6.0,6.0,0.0,0.0,0.0,1.0,6.0,0.0,3.0,3.0,1.0,1.0,0.0,1.0,5.0,3.0,1.0,3.0,16.0,5.0,4.0,5.0,2.0,11.0,3.0,3.0,7.0,4.0,5.0,7.0,8.0,6.0,12.0,3.0,14.0,3.0,7.0,9.0,5.0,3.0,1.0,2.0,2.0
88ad361723fffff,0.0,0.0,0.0,1.0,0.0,0.0,0.0,0.0,1.0,0.0,0.0,0.0,0.0,0.0,0.0,0.0,0.0,0.0,0.0,0.0,0.0,0.0,0.0,1.0,0.0,0.0,0.0,0.0,0.0,0.0,0.0,0.0,0.0,0.0,0.0,0.0,0.0,0.0,0.0,0.0,0.0,0.0,0.0,0.0,1.0,0.0,0.0,1.0,0.0,0.0,0.0,0.0,0.0
88ad361725fffff,7.0,12.0,11.0,27.0,12.0,17.0,28.0,11.0,25.0,9.0,13.0,9.0,8.0,7.0,2.0,2.0,1.0,3.0,11.0,6.0,5.0,14.0,14.0,21.0,17.0,18.0,11.0,24.0,44.0,13.0,14.0,18.0,16.0,9.0,11.0,16.0,14.0,8.0,17.0,24.0,19.0,29.0,18.0,21.0,26.0,7.0,12.0,19.0,22.0,12.0,16.0,3.0,16.0
88ad361727fffff,0.0,3.0,4.0,3.0,2.0,1.0,2.0,2.0,0.0,1.0,3.0,3.0,1.0,2.0,0.0,2.0,0.0,1.0,0.0,0.0,0.0,0.0,0.0,2.0,1.0,1.0,4.0,2.0,7.0,0.0,0.0,2.0,1.0,0.0,1.0,3.0,2.0,0.0,0.0,0.0,1.0,1.0,3.0,2.0,3.0,2.0,2.0,1.0,2.0,0.0,1.0,0.0,1.0
88ad361729fffff,6.0,5.0,13.0,15.0,21.0,13.0,8.0,13.0,13.0,15.0,10.0,9.0,5.0,2.0,11.0,2.0,1.0,2.0,7.0,4.0,2.0,22.0,20.0,10.0,9.0,9.0,2.0,22.0,52.0,27.0,20.0,19.0,14.0,19.0,7.0,15.0,15.0,12.0,9.0,10.0,12.0,30.0,17.0,15.0,11.0,6.0,11.0,12.0,20.0,11.0,8.0,3.0,3.0
88ad36172bfffff,1.0,0.0,1.0,0.0,2.0,0.0,0.0,1.0,0.0,0.0,3.0,0.0,0.0,0.0,0.0,0.0,0.0,1.0,0.0,0.0,0.0,2.0,3.0,1.0,0.0,3.0,1.0,1.0,0.0,1.0,0.0,1.0,2.0,1.0,0.0,0.0,2.0,0.0,0.0,0.0,0.0,1.0,0.0,1.0,0.0,1.0,0.0,1.0,0.0,0.0,0.0,0.0,0.0
88ad36172dfffff,2.0,17.0,8.0,17.0,11.0,22.0,18.0,23.0,13.0,14.0,11.0,21.0,9.0,14.0,10.0,11.0,7.0,8.0,11.0,6.0,6.0,4.0,11.0,14.0,22.0,22.0,13.0,12.0,66.0,24.0,26.0,19.0,25.0,34.0,25.0,23.0,22.0,23.0,28.0,24.0,24.0,29.0,25.0,30.0,20.0,18.0,14.0,16.0,15.0,10.0,13.0,5.0,4.0
88ad361731fffff,0.0,0.0,0.0,0.0,0.0,0.0,0.0,0.0,0.0,1.0,0.0,0.0,0.0,0.0,0.0,0.0,0.0,0.0,0.0,0.0,0.0,0.0,0.0,0.0,0.0,0.0,0.0,0.0,0.0,0.0,0.0,0.0,0.0,0.0,0.0,0.0,0.0,0.0,0.0,0.0,0.0,0.0,0.0,0.0,0.0,0.0,0.0,0.0,0.0,0.0,0.0,0.0,0.0
88ad361735fffff,0.0,0.0,0.0,0.0,0.0,0.0,0.0,0.0,0.0,0.0,0.0,0.0,0.0,0.0,0.0,0.0,0.0,0.0,0.0,0.0,0.0,0.0,0.0,0.0,1.0,0.0,0.0,0.0,0.0,0.0,0.0,0.0,0.0,0.0,0.0,0.0,0.0,0.0,0.0,0.0,0.0,0.0,0.0,1.0,0.0,0.0,0.0,0.0,0.0,0.0,0.0,0.0,0.0
88ad361737fffff,0.0,0.0,0.0,0.0,0.0,0.0,0.0,0.0,1.0,0.0,0.0,0.0,0.0,0.0,0.0,0.0,0.0,0.0,0.0,0.0,0.0,0.0,0.0,0.0,0.0,0.0,0.0,0.0,0.0,0.0,0.0,0.0,0.0,0.0,0.0,0.0,0.0,0.0,0.0,0.0,0.0,0.0,0.0,0.0,0.0,0.0,0.0,0.0,0.0,0.0,0.0,0.0,0.0
88ad361739fffff,0.0,0.0,1.0,0.0,0.0,0.0,0.0,0.0,0.0,0.0,0.0,0.0,0.0,0.0,0.0,0.0,0.0,0.0,0.0,0.0,0.0,0.0,0.0,0.0,0.0,0.0,0.0,0.0,0.0,0.0,0.0,0.0,0.0,0.0,0.0,0.0,0.0,0.0,0.0,0.0,0.0,0.0,0.0,0.0,0.0,1.0,0.0,0.0,0.0,0.0,0.0,0.0,0.0
88ad36173bfffff,0.0,0.0,0.0,0.0,0.0,0.0,0.0,0.0,0.0,0.0,0.0,0.0,0.0,0.0,0.0,0.0,0.0,0.0,0.0,0.0,0.0,0.0,0.0,0.0,0.0,0.0,0.0,0.0,0.0,0.0,0.0,0.0,0.0,0.0,0.0,0.0,0.0,0.0,0.0,0.0,0.0,0.0,0.0,0.0,0.0,0.0,0.0,0.0,0.0,0.0,1.0,0.0,0.0
88ad36173dfffff,0.0,0.0,0.0,0.0,0.0,0.0,0.0,0.0,0.0,0.0,0.0,0.0,0.0,0.0,0.0,0.0,0.0,0.0,0.0,0.0,0.0,0.0,0.0,0.0,0.0,0.0,0.0,0.0,0.0,0.0,0.0,0.0,0.0,0.0,0.0,0.0,0.0,0.0,0.0,0.0,0.0,1.0,0.0,0.0,0.0,0.0,0.0,0.0,0.0,0.0,0.0,0.0,0.0
88ad361741fffff,2.0,2.0,15.0,12.0,17.0,13.0,12.0,7.0,7.0,5.0,6.0,5.0,3.0,3.0,4.0,1.0,2.0,7.0,1.0,1.0,5.0,22.0,8.0,4.0,14.0,24.0,14.0,8.0,14.0,13.0,9.0,8.0,14.0,6.0,5.0,4.0,13.0,12.0,9.0,10.0,4.0,16.0,8.0,8.0,8.0,6.0,14.0,11.0,9.0,11.0,5.0,7.0,1.0
88ad361743fffff,3.0,1.0,6.0,10.0,13.0,6.0,7.0,7.0,3.0,2.0,3.0,6.0,13.0,4.0,4.0,0.0,0.0,1.0,3.0,4.0,3.0,8.0,4.0,15.0,8.0,28.0,12.0,21.0,5.0,1.0,15.0,3.0,4.0,8.0,3.0,8.0,4.0,2.0,4.0,5.0,4.0,2.0,3.0,2.0,4.0,2.0,1.0,5.0,2.0,7.0,1.0,3.0,1.0
88ad361745fffff,10.0,22.0,20.0,16.0,21.0,14.0,18.0,11.0,17.0,14.0,7.0,24.0,6.0,10.0,5.0,6.0,4.0,5.0,18.0,9.0,14.0,16.0,17.0,8.0,15.0,30.0,23.0,15.0,22.0,14.0,31.0,17.0,13.0,36.0,27.0,12.0,26.0,10.0,13.0,24.0,18.0,19.0,19.0,15.0,6.0,13.0,18.0,15.0,19.0,21.0,12.0,10.0,5.0
88ad361747fffff,6.0,7.0,16.0,16.0,28.0,20.0,16.0,6.0,9.0,16.0,15.0,8.0,4.0,8.0,2.0,3.0,7.0,3.0,11.0,6.0,10.0,9.0,12.0,8.0,10.0,10.0,10.0,29.0,16.0,11.0,27.0,15.0,8.0,19.0,14.0,26.0,22.0,6.0,12.0,14.0,14.0,9.0,14.0,15.0,29.0,25.0,14.0,13.0,12.0,26.0,18.0,10.0,4.0
88ad361749fffff,4.0,6.0,9.0,13.0,10.0,11.0,17.0,8.0,6.0,9.0,5.0,13.0,3.0,1.0,5.0,6.0,7.0,1.0,3.0,4.0,7.0,14.0,16.0,8.0,4.0,14.0,10.0,18.0,46.0,11.0,12.0,14.0,5.0,8.0,7.0,4.0,5.0,7.0,6.0,6.0,7.0,17.0,3.0,7.0,13.0,7.0,11.0,5.0,11.0,4.0,3.0,7.0,1.0
88ad36174bfffff,0.0,4.0,4.0,4.0,2.0,5.0,3.0,6.0,5.0,2.0,5.0,3.0,4.0,3.0,0.0,0.0,0.0,1.0,1.0,4.0,2.0,4.0,3.0,5.0,5.0,8.0,8.0,8.0,5.0,5.0,5.0,0.0,3.0,4.0,3.0,1.0,2.0,4.0,5.0,5.0,4.0,4.0,10.0,4.0,1.0,3.0,2.0,1.0,2.0,2.0,1.0,0.0,2.0
88ad36174dfffff,19.0,14.0,25.0,12.0,35.0,22.0,14.0,23.0,20.0,14.0,10.0,15.0,9.0,11.0,3.0,9.0,8.0,11.0,17.0,23.0,10.0,9.0,5.0,7.0,8.0,36.0,17.0,15.0,73.0,20.0,17.0,17.0,14.0,10.0,16.0,24.0,23.0,15.0,15.0,17.0,13.0,17.0,17.0,18.0,26.0,19.0,8.0,13.0,22.0,15.0,14.0,14.0,11.0
88ad361751fffff,0.0,1.0,1.0,3.0,0.0,0.0,1.0,6.0,1.0,2.0,4.0,3.0,1.0,0.0,1.0,7.0,3.0,1.0,2.0,2.0,1.0,10.0,1.0,3.0,2.0,6.0,0.0,2.0,4.0,1.0,3.0,3.0,5.0,2.0,2.0,1.0,3.0,3.0,3.0,6.0,6.0,2.0,1.0,3.0,1.0,4.0,1.0,6.0,0.0,0.0,1.0,0.0,1.0
88ad361753fffff,0.0,0.0,0.0,0.0,1.0,0.0,0.0,0.0,0.0,0.0,0.0,0.0,0.0,0.0,0.0,0.0,0.0,0.0,0.0,0.0,0.0,0.0,0.0,0.0,0.0,0.0,0.0,0.0,0.0,0.0,0.0,0.0,0.0,0.0,0.0,0.0,0.0,0.0,0.0,0.0,0.0,0.0,0.0,0.0,0.0,0.0,0.0,0.0,0.0,0.0,0.0,0.0,0.0
88ad361755fffff,1.0,19.0,9.0,24.0,14.0,8.0,14.0,5.0,6.0,6.0,6.0,7.0,4.0,0.0,3.0,1.0,3.0,2.0,3.0,5.0,2.0,12.0,4.0,7.0,8.0,7.0,7.0,12.0,6.0,11.0,8.0,13.0,14.0,8.0,13.0,11.0,6.0,22.0,1.0,15.0,5.0,15.0,27.0,7.0,6.0,5.0,4.0,6.0,4.0,8.0,8.0,2.0,2.0
88ad361757fffff,3.0,2.0,2.0,5.0,1.0,1.0,11.0,3.0,2.0,3.0,1.0,3.0,0.0,2.0,0.0,1.0,0.0,0.0,0.0,0.0,1.0,1.0,2.0,3.0,2.0,15.0,1.0,5.0,8.0,2.0,0.0,3.0,1.0,1.0,3.0,0.0,2.0,2.0,4.0,5.0,4.0,1.0,2.0,3.0,1.0,1.0,2.0,4.0,0.0,5.0,2.0,3.0,2.0
88ad361759fffff,0.0,4.0,3.0,4.0,1.0,2.0,2.0,2.0,3.0,2.0,2.0,3.0,0.0,2.0,0.0,0.0,1.0,0.0,0.0,0.0,1.0,2.0,0.0,2.0,0.0,1.0,0.0,1.0,10.0,1.0,0.0,1.0,2.0,1.0,0.0,3.0,1.0,2.0,4.0,7.0,1.0,4.0,1.0,1.0,4.0,1.0,0.0,3.0,0.0,3.0,3.0,2.0,1.0
88ad36175bfffff,0.0,1.0,0.0,1.0,1.0,0.0,3.0,0.0,2.0,3.0,8.0,1.0,0.0,0.0,1.0,0.0,4.0,0.0,1.0,0.0,0.0,0.0,2.0,2.0,0.0,1.0,0.0,2.0,3.0,3.0,1.0,0.0,2.0,0.0,5.0,0.0,1.0,2.0,1.0,2.0,3.0,2.0,1.0,1.0,3.0,0.0,0.0,0.0,1.0,4.0,1.0,0.0,0.0
88ad36175dfffff,3.0,5.0,2.0,8.0,1.0,3.0,2.0,3.0,5.0,3.0,3.0,3.0,0.0,1.0,2.0,3.0,1.0,1.0,1.0,1.0,2.0,2.0,2.0,2.0,1.0,6.0,2.0,7.0,6.0,0.0,4.0,3.0,2.0,5.0,1.0,1.0,0.0,5.0,3.0,5.0,2.0,2.0,5.0,3.0,8.0,3.0,3.0,1.0,4.0,2.0,2.0,0.0,0.0
88ad361761fffff,6.0,13.0,17.0,35.0,24.0,18.0,19.0,27.0,14.0,24.0,31.0,18.0,10.0,16.0,8.0,15.0,11.0,8.0,23.0,15.0,8.0,22.0,15.0,19.0,16.0,25.0,26.0,15.0,78.0,33.0,29.0,21.0,21.0,32.0,29.0,27.0,16.0,23.0,42.0,24.0,24.0,22.0,30.0,24.0,28.0,13.0,11.0,16.0,15.0,27.0,16.0,13.0,8.0
88ad361763fffff,2.0,10.0,14.0,5.0,4.0,10.0,8.0,8.0,8.0,13.0,27.0,6.0,1.0,1.0,0.0,9.0,2.0,1.0,7.0,7.0,4.0,7.0,4.0,4.0,5.0,14.0,6.0,5.0,12.0,13.0,6.0,5.0,10.0,13.0,15.0,12.0,16.0,8.0,4.0,7.0,9.0,12.0,9.0,7.0,4.0,6.0,10.0,12.0,3.0,3.0,5.0,8.0,9.0
88ad361765fffff,7.0,19.0,10.0,10.0,8.0,6.0,17.0,14.0,9.0,12.0,9.0,6.0,4.0,2.0,5.0,8.0,4.0,6.0,9.0,5.0,3.0,8.0,3.0,5.0,9.0,36.0,8.0,12.0,64.0,19.0,6.0,13.0,19.0,12.0,10.0,20.0,22.0,12.0,10.0,11.0,14.0,16.0,15.0,14.0,11.0,23.0,19.0,15.0,14.0,11.0,7.0,9.0,1.0
88ad361767fffff,6.0,8.0,5.0,8.0,8.0,6.0,7.0,15.0,14.0,14.0,12.0,11.0,2.0,7.0,2.0,9.0,5.0,6.0,1.0,6.0,1.0,9.0,4.0,8.0,7.0,7.0,8.0,12.0,74.0,13.0,8.0,9.0,10.0,61.0,14.0,7.0,12.0,14.0,29.0,11.0,6.0,6.0,6.0,2.0,8.0,10.0,10.0,13.0,5.0,6.0,6.0,4.0,0.0
88ad361769fffff,6.0,36.0,38.0,15.0,41.0,33.0,42.0,30.0,28.0,30.0,22.0,19.0,14.0,23.0,7.0,14.0,15.0,9.0,22.0,21.0,14.0,14.0,27.0,16.0,31.0,23.0,16.0,49.0,138.0,87.0,60.0,39.0,26.0,84.0,16.0,23.0,35.0,43.0,42.0,43.0,41.0,46.0,44.0,50.0,27.0,54.0,45.0,35.0,21.0,28.0,20.0,18.0,11.0
88ad36176bfffff,15.0,15.0,22.0,11.0,23.0,9.0,23.0,32.0,18.0,23.0,14.0,21.0,14.0,11.0,7.0,8.0,11.0,5.0,17.0,11.0,12.0,14.0,16.0,15.0,27.0,33.0,23.0,33.0,38.0,48.0,19.0,14.0,32.0,30.0,31.0,22.0,25.0,17.0,13.0,16.0,25.0,26.0,21.0,23.0,27.0,29.0,20.0,18.0,16.0,16.0,18.0,5.0,3.0
88ad36176dfffff,1.0,15.0,21.0,22.0,20.0,14.0,8.0,26.0,20.0,17.0,24.0,27.0,14.0,7.0,7.0,13.0,9.0,12.0,9.0,9.0,5.0,7.0,11.0,17.0,14.0,42.0,24.0,24.0,48.0,29.0,15.0,26.0,7.0,34.0,16.0,24.0,15.0,29.0,16.0,17.0,27.0,29.0,20.0,15.0,14.0,18.0,13.0,21.0,14.0,24.0,12.0,7.0,6.0
88ad361801fffff,5.0,16.0,4.0,10.0,6.0,7.0,11.0,11.0,7.0,11.0,12.0,2.0,2.0,1.0,6.0,3.0,2.0,2.0,1.0,2.0,2.0,9.0,6.0,9.0,0.0,5.0,11.0,4.0,4.0,3.0,9.0,15.0,7.0,8.0,2.0,11.0,10.0,8.0,4.0,6.0,14.0,7.0,5.0,7.0,15.0,7.0,6.0,5.0,13.0,4.0,12.0,4.0,0.0
88ad361803fffff,3.0,2.0,4.0,1.0,2.0,6.0,12.0,7.0,4.0,5.0,4.0,7.0,4.0,1.0,2.0,1.0,1.0,1.0,3.0,3.0,1.0,5.0,4.0,2.0,2.0,1.0,2.0,1.0,1.0,1.0,3.0,6.0,2.0,1.0,0.0,8.0,0.0,4.0,3.0,2.0,4.0,3.0,6.0,2.0,1.0,3.0,7.0,0.0,3.0,1.0,0.0,4.0,3.0
88ad361805fffff,11.0,13.0,12.0,7.0,12.0,15.0,16.0,11.0,3.0,18.0,13.0,8.0,9.0,6.0,2.0,5.0,3.0,3.0,4.0,5.0,4.0,5.0,4.0,16.0,12.0,9.0,8.0,6.0,7.0,4.0,3.0,6.0,3.0,9.0,14.0,6.0,15.0,16.0,8.0,8.0,8.0,9.0,8.0,12.0,8.0,23.0,3.0,5.0,3.0,7.0,9.0,6.0,3.0
88ad361807fffff,0.0,4.0,0.0,4.0,2.0,6.0,2.0,2.0,2.0,5.0,2.0,4.0,1.0,0.0,1.0,2.0,1.0,0.0,1.0,0.0,2.0,3.0,8.0,6.0,0.0,5.0,3.0,3.0,5.0,1.0,2.0,1.0,2.0,4.0,3.0,6.0,2.0,2.0,2.0,4.0,3.0,2.0,11.0,7.0,3.0,4.0,3.0,6.0,2.0,3.0,2.0,1.0,2.0
88ad361809fffff,1.0,5.0,8.0,7.0,7.0,10.0,5.0,16.0,7.0,6.0,9.0,7.0,4.0,9.0,17.0,5.0,1.0,4.0,4.0,5.0,6.0,5.0,7.0,10.0,4.0,4.0,12.0,5.0,15.0,9.0,11.0,9.0,4.0,14.0,10.0,9.0,7.0,4.0,7.0,6.0,16.0,9.0,15.0,12.0,5.0,8.0,10.0,8.0,5.0,6.0,13.0,4.0,1.0
88ad36180bfffff,5.0,1.0,4.0,8.0,6.0,4.0,5.0,10.0,4.0,11.0,4.0,6.0,4.0,1.0,1.0,3.0,1.0,4.0,5.0,3.0,3.0,0.0,3.0,2.0,3.0,5.0,5.0,8.0,4.0,4.0,11.0,10.0,4.0,8.0,7.0,7.0,7.0,10.0,9.0,6.0,7.0,12.0,19.0,4.0,7.0,3.0,3.0,6.0,6.0,12.0,7.0,3.0,4.0
88ad36180dfffff,4.0,5.0,6.0,11.0,8.0,7.0,5.0,10.0,9.0,11.0,15.0,9.0,4.0,2.0,14.0,3.0,4.0,3.0,1.0,4.0,5.0,2.0,11.0,2.0,7.0,13.0,9.0,5.0,11.0,4.0,5.0,8.0,10.0,6.0,11.0,17.0,11.0,4.0,7.0,19.0,12.0,15.0,8.0,13.0,22.0,10.0,10.0,7.0,11.0,8.0,2.0,3.0,8.0
88ad361811fffff,9.0,11.0,6.0,3.0,10.0,9.0,11.0,21.0,23.0,5.0,8.0,10.0,15.0,5.0,4.0,5.0,4.0,4.0,10.0,7.0,6.0,1.0,8.0,5.0,3.0,5.0,10.0,14.0,6.0,18.0,10.0,10.0,21.0,14.0,7.0,11.0,4.0,7.0,5.0,7.0,6.0,19.0,11.0,17.0,31.0,9.0,6.0,10.0,22.0,9.0,7.0,4.0,1.0
88ad361813fffff,4.0,8.0,2.0,5.0,7.0,7.0,2.0,23.0,11.0,7.0,5.0,4.0,5.0,2.0,5.0,4.0,2.0,2.0,1.0,0.0,9.0,4.0,3.0,4.0,5.0,4.0,22.0,8.0,8.0,3.0,5.0,3.0,7.0,13.0,4.0,20.0,8.0,3.0,4.0,12.0,2.0,15.0,5.0,8.0,16.0,5.0,3.0,4.0,4.0,2.0,5.0,0.0,1.0
88ad361815fffff,4.0,8.0,11.0,7.0,8.0,20.0,10.0,19.0,9.0,11.0,10.0,9.0,17.0,21.0,6.0,2.0,7.0,5.0,2.0,9.0,4.0,2.0,4.0,11.0,7.0,9.0,7.0,10.0,7.0,25.0,16.0,10.0,9.0,7.0,3.0,17.0,9.0,6.0,8.0,16.0,7.0,3.0,9.0,10.0,24.0,8.0,10.0,12.0,22.0,8.0,10.0,3.0,10.0
88ad361817fffff,6.0,3.0,12.0,8.0,12.0,6.0,4.0,7.0,3.0,6.0,6.0,2.0,3.0,4.0,1.0,4.0,2.0,4.0,4.0,5.0,0.0,8.0,10.0,6.0,6.0,1.0,5.0,10.0,2.0,7.0,3.0,6.0,10.0,17.0,8.0,6.0,6.0,3.0,3.0,6.0,12.0,10.0,21.0,2.0,14.0,4.0,1.0,6.0,8.0,4.0,15.0,3.0,4.0
88ad361819fffff,3.0,10.0,4.0,3.0,5.0,10.0,2.0,14.0,5.0,4.0,5.0,3.0,10.0,4.0,3.0,4.0,4.0,1.0,15.0,1.0,4.0,6.0,7.0,5.0,10.0,6.0,12.0,15.0,10.0,6.0,9.0,9.0,10.0,7.0,3.0,13.0,8.0,8.0,9.0,13.0,5.0,16.0,7.0,9.0,13.0,6.0,6.0,12.0,4.0,11.0,6.0,3.0,2.0
88ad36181bfffff,5.0,6.0,9.0,8.0,4.0,6.0,12.0,12.0,12.0,8.0,9.0,5.0,12.0,2.0,3.0,0.0,6.0,0.0,3.0,1.0,3.0,5.0,9.0,10.0,2.0,9.0,9.0,5.0,10.0,4.0,6.0,3.0,10.0,8.0,16.0,12.0,8.0,4.0,7.0,7.0,4.0,11.0,5.0,6.0,14.0,9.0,14.0,4.0,9.0,14.0,9.0,13.0,3.0
88ad36181dfffff,6.0,15.0,37.0,31.0,1.0,16.0,10.0,15.0,16.0,6.0,2.0,9.0,17.0,4.0,3.0,4.0,6.0,5.0,5.0,11.0,4.0,26.0,11.0,13.0,6.0,3.0,21.0,8.0,6.0,19.0,14.0,16.0,4.0,11.0,11.0,21.0,12.0,6.0,14.0,16.0,14.0,10.0,10.0,16.0,28.0,8.0,7.0,21.0,12.0,12.0,12.0,1.0,2.0
88ad361821fffff,7.0,11.0,16.0,3.0,22.0,14.0,7.0,20.0,15.0,10.0,16.0,2.0,7.0,4.0,18.0,1.0,6.0,6.0,16.0,4.0,3.0,5.0,7.0,4.0,11.0,8.0,4.0,8.0,15.0,11.0,18.0,38.0,5.0,10.0,5.0,12.0,19.0,6.0,6.0,8.0,20.0,23.0,40.0,41.0,13.0,16.0,9.0,5.0,26.0,19.0,7.0,13.0,11.0
88ad361823fffff,5.0,5.0,10.0,4.0,7.0,8.0,3.0,8.0,3.0,11.0,5.0,2.0,2.0,5.0,11.0,0.0,2.0,0.0,1.0,1.0,2.0,3.0,4.0,1.0,4.0,0.0,3.0,6.0,4.0,2.0,7.0,5.0,4.0,4.0,5.0,4.0,4.0,5.0,5.0,3.0,13.0,7.0,4.0,7.0,8.0,4.0,6.0,6.0,3.0,4.0,4.0,9.0,3.0
88ad361825fffff,6.0,7.0,16.0,22.0,17.0,10.0,7.0,43.0,49.0,24.0,23.0,11.0,12.0,7.0,1.0,9.0,5.0,7.0,4.0,9.0,8.0,5.0,12.0,11.0,14.0,13.0,6.0,9.0,10.0,10.0,15.0,27.0,7.0,8.0,19.0,7.0,27.0,17.0,8.0,14.0,14.0,15.0,19.0,22.0,13.0,8.0,7.0,16.0,13.0,6.0,10.0,16.0,8.0
88ad361827fffff,2.0,2.0,20.0,8.0,7.0,8.0,8.0,13.0,5.0,6.0,11.0,11.0,10.0,6.0,6.0,2.0,1.0,5.0,3.0,7.0,6.0,1.0,5.0,2.0,7.0,7.0,9.0,23.0,11.0,7.0,13.0,15.0,11.0,12.0,11.0,12.0,18.0,14.0,5.0,6.0,24.0,4.0,6.0,15.0,15.0,11.0,12.0,11.0,16.0,3.0,9.0,10.0,3.0
88ad361829fffff,3.0,7.0,4.0,4.0,7.0,6.0,8.0,3.0,3.0,5.0,1.0,4.0,4.0,2.0,0.0,1.0,1.0,2.0,2.0,2.0,6.0,1.0,6.0,2.0,1.0,4.0,4.0,4.0,3.0,10.0,0.0,2.0,2.0,1.0,5.0,3.0,5.0,8.0,1.0,2.0,1.0,0.0,9.0,9.0,3.0,3.0,3.0,2.0,5.0,2.0,3.0,3.0,1.0
88ad36182bfffff,4.0,10.0,6.0,7.0,5.0,8.0,5.0,10.0,6.0,4.0,4.0,6.0,3.0,6.0,1.0,1.0,3.0,1.0,2.0,4.0,9.0,2.0,5.0,9.0,2.0,7.0,8.0,5.0,7.0,5.0,9.0,4.0,4.0,8.0,3.0,6.0,6.0,4.0,6.0,11.0,14.0,7.0,11.0,5.0,10.0,5.0,5.0,2.0,4.0,2.0,7.0,5.0,5.0
88ad36182dfffff,7.0,12.0,8.0,15.0,9.0,14.0,8.0,21.0,11.0,19.0,12.0,14.0,5.0,5.0,6.0,2.0,12.0,9.0,5.0,11.0,12.0,15.0,9.0,8.0,7.0,11.0,15.0,33.0,12.0,17.0,14.0,15.0,8.0,5.0,9.0,5.0,14.0,13.0,14.0,18.0,13.0,22.0,11.0,35.0,14.0,17.0,19.0,18.0,14.0,13.0,7.0,9.0,5.0
88ad361831fffff,0.0,4.0,6.0,7.0,5.0,5.0,5.0,11.0,6.0,4.0,2.0,1.0,3.0,2.0,5.0,1.0,3.0,10.0,4.0,2.0,7.0,9.0,9.0,9.0,1.0,11.0,5.0,7.0,9.0,3.0,8.0,2.0,7.0,9.0,8.0,9.0,10.0,7.0,4.0,5.0,9.0,6.0,7.0,3.0,12.0,6.0,9.0,7.0,8.0,3.0,5.0,4.0,9.0
88ad361833fffff,0.0,3.0,1.0,2.0,7.0,3.0,2.0,13.0,0.0,1.0,2.0,1.0,3.0,4.0,0.0,0.0,2.0,0.0,1.0,0.0,2.0,1.0,0.0,6.0,2.0,1.0,5.0,2.0,2.0,1.0,5.0,0.0,5.0,0.0,1.0,2.0,2.0,4.0,4.0,13.0,3.0,2.0,4.0,3.0,12.0,5.0,2.0,4.0,0.0,0.0,3.0,0.0,2.0
88ad361835fffff,7.0,9.0,13.0,10.0,5.0,8.0,6.0,36.0,11.0,10.0,8.0,8.0,9.0,8.0,3.0,1.0,8.0,2.0,6.0,2.0,10.0,5.0,25.0,6.0,11.0,16.0,9.0,15.0,12.0,6.0,10.0,8.0,7.0,11.0,8.0,10.0,5.0,10.0,5.0,11.0,13.0,17.0,5.0,8.0,7.0,13.0,5.0,8.0,7.0,7.0,10.0,5.0,2.0
88ad361837fffff,4.0,5.0,6.0,7.0,5.0,9.0,3.0,22.0,5.0,14.0,6.0,8.0,9.0,5.0,0.0,1.0,1.0,2.0,7.0,3.0,14.0,2.0,16.0,10.0,7.0,7.0,2.0,14.0,8.0,13.0,15.0,6.0,8.0,15.0,14.0,10.0,9.0,13.0,4.0,7.0,9.0,10.0,13.0,8.0,15.0,3.0,6.0,10.0,6.0,5.0,11.0,1.0,4.0
88ad361839fffff,2.0,11.0,5.0,8.0,8.0,3.0,2.0,22.0,7.0,4.0,8.0,16.0,5.0,1.0,1.0,1.0,1.0,5.0,0.0,1.0,8.0,2.0,7.0,4.0,2.0,9.0,12.0,9.0,14.0,8.0,21.0,5.0,4.0,2.0,4.0,7.0,5.0,6.0,5.0,9.0,7.0,3.0,6.0,10.0,9.0,7.0,8.0,11.0,10.0,8.0,2.0,10.0,9.0
88ad36183bfffff,3.0,10.0,9.0,5.0,18.0,3.0,1.0,9.0,4.0,9.0,2.0,8.0,2.0,6.0,2.0,1.0,6.0,4.0,3.0,2.0,3.0,4.0,5.0,4.0,2.0,2.0,5.0,5.0,5.0,11.0,3.0,4.0,7.0,5.0,4.0,10.0,12.0,6.0,7.0,6.0,4.0,3.0,5.0,9.0,7.0,3.0,2.0,10.0,14.0,7.0,11.0,6.0,13.0
88ad36183dfffff,3.0,6.0,4.0,4.0,5.0,2.0,5.0,15.0,10.0,5.0,6.0,2.0,9.0,0.0,2.0,0.0,3.0,3.0,3.0,2.0,5.0,3.0,4.0,1.0,2.0,6.0,3.0,4.0,11.0,4.0,7.0,5.0,5.0,2.0,3.0,14.0,5.0,9.0,1.0,7.0,5.0,4.0,8.0,10.0,7.0,3.0,4.0,3.0,10.0,7.0,7.0,4.0,1.0
88ad361841fffff,9.0,5.0,16.0,11.0,15.0,9.0,1.0,5.0,5.0,10.0,11.0,9.0,6.0,3.0,3.0,3.0,5.0,9.0,6.0,5.0,5.0,7.0,2.0,18.0,15.0,16.0,13.0,14.0,16.0,4.0,10.0,8.0,7.0,13.0,13.0,8.0,11.0,11.0,7.0,9.0,7.0,16.0,18.0,9.0,17.0,10.0,16.0,12.0,7.0,7.0,10.0,4.0,1.0
88ad361843fffff,2.0,8.0,6.0,9.0,14.0,4.0,4.0,10.0,9.0,5.0,15.0,8.0,3.0,3.0,6.0,5.0,2.0,3.0,5.0,4.0,5.0,7.0,10.0,12.0,11.0,12.0,6.0,10.0,7.0,4.0,8.0,7.0,17.0,13.0,18.0,15.0,14.0,4.0,6.0,16.0,8.0,18.0,17.0,8.0,12.0,12.0,14.0,5.0,7.0,9.0,4.0,4.0,3.0
88ad361845fffff,0.0,7.0,2.0,4.0,4.0,2.0,6.0,6.0,9.0,9.0,15.0,11.0,7.0,5.0,3.0,3.0,0.0,0.0,3.0,11.0,4.0,8.0,8.0,3.0,5.0,5.0,7.0,9.0,4.0,4.0,7.0,3.0,5.0,1.0,2.0,4.0,10.0,21.0,3.0,6.0,6.0,7.0,10.0,6.0,7.0,6.0,6.0,1.0,1.0,5.0,3.0,6.0,2.0
88ad361847fffff,1.0,6.0,5.0,11.0,6.0,3.0,12.0,15.0,21.0,14.0,14.0,17.0,5.0,4.0,2.0,3.0,5.0,2.0,5.0,11.0,13.0,12.0,14.0,11.0,5.0,15.0,18.0,12.0,8.0,9.0,6.0,7.0,10.0,7.0,15.0,13.0,9.0,5.0,8.0,6.0,10.0,15.0,8.0,16.0,17.0,19.0,6.0,3.0,10.0,6.0,6.0,14.0,3.0
88ad361849fffff,2.0,6.0,9.0,9.0,8.0,7.0,14.0,6.0,3.0,4.0,9.0,4.0,5.0,7.0,2.0,4.0,9.0,4.0,8.0,2.0,9.0,6.0,9.0,8.0,5.0,2.0,9.0,5.0,2.0,5.0,4.0,9.0,2.0,5.0,2.0,6.0,8.0,6.0,5.0,9.0,7.0,7.0,4.0,5.0,10.0,6.0,7.0,2.0,7.0,6.0,7.0,2.0,4.0
88ad36184bfffff,1.0,6.0,9.0,15.0,10.0,19.0,6.0,8.0,5.0,11.0,7.0,4.0,5.0,1.0,5.0,6.0,8.0,2.0,2.0,4.0,2.0,9.0,15.0,12.0,9.0,14.0,14.0,9.0,8.0,10.0,7.0,9.0,7.0,12.0,23.0,10.0,14.0,6.0,7.0,7.0,9.0,14.0,11.0,10.0,19.0,15.0,11.0,5.0,6.0,9.0,5.0,4.0,5.0
88ad36184dfffff,4.0,10.0,22.0,18.0,7.0,23.0,11.0,18.0,12.0,16.0,22.0,10.0,11.0,6.0,2.0,0.0,2.0,6.0,7.0,5.0,11.0,6.0,7.0,8.0,8.0,3.0,8.0,7.0,7.0,6.0,21.0,19.0,7.0,6.0,21.0,8.0,26.0,8.0,11.0,6.0,12.0,15.0,7.0,13.0,18.0,9.0,2.0,11.0,13.0,4.0,8.0,13.0,6.0
88ad361851fffff,1.0,11.0,7.0,5.0,13.0,7.0,8.0,6.0,7.0,10.0,6.0,8.0,6.0,4.0,3.0,2.0,4.0,4.0,4.0,4.0,2.0,2.0,8.0,7.0,3.0,10.0,11.0,6.0,5.0,6.0,8.0,7.0,7.0,7.0,6.0,12.0,12.0,7.0,7.0,7.0,6.0,15.0,14.0,9.0,4.0,10.0,7.0,6.0,6.0,9.0,7.0,10.0,8.0
88ad361853fffff,5.0,31.0,11.0,7.0,11.0,10.0,13.0,24.0,14.0,11.0,8.0,7.0,12.0,4.0,6.0,4.0,0.0,1.0,11.0,3.0,6.0,7.0,5.0,3.0,6.0,10.0,8.0,13.0,11.0,12.0,23.0,22.0,12.0,9.0,12.0,16.0,16.0,12.0,19.0,23.0,8.0,9.0,13.0,13.0,10.0,18.0,8.0,17.0,15.0,12.0,12.0,23.0,2.0
88ad361855fffff,2.0,9.0,1.0,2.0,2.0,1.0,8.0,1.0,6.0,1.0,5.0,6.0,4.0,4.0,3.0,4.0,2.0,1.0,0.0,1.0,3.0,2.0,2.0,0.0,3.0,0.0,5.0,5.0,3.0,5.0,1.0,6.0,7.0,5.0,1.0,4.0,1.0,2.0,4.0,2.0,8.0,5.0,7.0,8.0,3.0,3.0,2.0,5.0,1.0,3.0,5.0,1.0,0.0
88ad361857fffff,2.0,3.0,5.0,5.0,12.0,11.0,7.0,22.0,11.0,16.0,8.0,6.0,13.0,1.0,6.0,3.0,0.0,6.0,0.0,5.0,4.0,3.0,5.0,11.0,6.0,5.0,6.0,9.0,12.0,6.0,15.0,5.0,5.0,5.0,5.0,8.0,9.0,12.0,14.0,6.0,12.0,13.0,11.0,11.0,5.0,9.0,8.0,13.0,11.0,15.0,6.0,4.0,5.0
88ad361859fffff,2.0,6.0,17.0,7.0,10.0,14.0,7.0,13.0,9.0,7.0,12.0,8.0,4.0,2.0,2.0,6.0,3.0,4.0,8.0,4.0,3.0,7.0,4.0,6.0,2.0,9.0,12.0,18.0,16.0,8.0,9.0,5.0,15.0,11.0,7.0,7.0,7.0,8.0,8.0,10.0,6.0,16.0,7.0,13.0,9.0,15.0,13.0,13.0,25.0,8.0,6.0,7.0,10.0
88ad36185bfffff,6.0,5.0,11.0,12.0,6.0,14.0,9.0,9.0,16.0,10.0,12.0,6.0,8.0,11.0,3.0,2.0,1.0,2.0,5.0,4.0,3.0,6.0,2.0,7.0,4.0,7.0,16.0,12.0,20.0,6.0,12.0,8.0,6.0,16.0,4.0,21.0,15.0,16.0,16.0,7.0,8.0,8.0,6.0,14.0,13.0,22.0,13.0,22.0,14.0,11.0,14.0,12.0,3.0
88ad36185dfffff,2.0,5.0,14.0,6.0,4.0,3.0,2.0,7.0,3.0,8.0,13.0,3.0,4.0,4.0,2.0,1.0,2.0,1.0,7.0,3.0,3.0,5.0,10.0,5.0,3.0,8.0,5.0,2.0,7.0,2.0,3.0,3.0,2.0,11.0,14.0,4.0,7.0,8.0,5.0,3.0,5.0,6.0,7.0,5.0,7.0,5.0,7.0,12.0,5.0,8.0,4.0,4.0,3.0
88ad361861fffff,2.0,7.0,10.0,10.0,9.0,7.0,7.0,7.0,12.0,8.0,9.0,4.0,5.0,1.0,1.0,2.0,2.0,0.0,6.0,1.0,2.0,2.0,12.0,8.0,4.0,11.0,6.0,9.0,11.0,8.0,9.0,9.0,9.0,5.0,20.0,17.0,14.0,7.0,10.0,15.0,10.0,12.0,12.0,10.0,11.0,6.0,12.0,9.0,5.0,6.0,10.0,3.0,5.0
88ad361863fffff,14.0,15.0,8.0,4.0,8.0,1.0,6.0,9.0,7.0,5.0,5.0,7.0,3.0,0.0,2.0,4.0,4.0,1.0,3.0,2.0,5.0,4.0,10.0,6.0,5.0,2.0,2.0,7.0,10.0,7.0,4.0,2.0,11.0,4.0,12.0,10.0,23.0,2.0,2.0,4.0,5.0,11.0,7.0,9.0,6.0,2.0,6.0,1.0,2.0,7.0,2.0,3.0,3.0
88ad361865fffff,3.0,37.0,20.0,22.0,7.0,21.0,21.0,15.0,28.0,32.0,20.0,11.0,11.0,11.0,10.0,7.0,9.0,8.0,8.0,6.0,11.0,8.0,7.0,12.0,16.0,11.0,12.0,21.0,15.0,15.0,28.0,27.0,13.0,10.0,18.0,27.0,24.0,22.0,17.0,15.0,22.0,12.0,18.0,14.0,27.0,24.0,15.0,13.0,20.0,20.0,20.0,19.0,12.0
88ad361867fffff,4.0,16.0,15.0,17.0,10.0,18.0,15.0,21.0,33.0,29.0,16.0,30.0,19.0,16.0,5.0,5.0,2.0,6.0,19.0,6.0,4.0,1.0,6.0,27.0,11.0,23.0,17.0,56.0,20.0,19.0,23.0,20.0,9.0,6.0,28.0,28.0,13.0,15.0,11.0,25.0,12.0,15.0,25.0,28.0,23.0,13.0,13.0,14.0,19.0,16.0,18.0,28.0,10.0
88ad361869fffff,1.0,0.0,3.0,3.0,7.0,4.0,5.0,9.0,8.0,10.0,2.0,4.0,1.0,2.0,2.0,4.0,0.0,2.0,0.0,5.0,6.0,1.0,4.0,8.0,2.0,7.0,6.0,10.0,4.0,5.0,5.0,4.0,0.0,3.0,3.0,9.0,7.0,5.0,4.0,4.0,4.0,2.0,3.0,2.0,1.0,1.0,5.0,1.0,10.0,5.0,7.0,6.0,1.0
88ad36186bfffff,4.0,17.0,4.0,12.0,11.0,4.0,13.0,6.0,12.0,12.0,19.0,10.0,4.0,1.0,1.0,2.0,13.0,5.0,6.0,10.0,11.0,17.0,15.0,7.0,12.0,6.0,9.0,10.0,4.0,3.0,12.0,6.0,15.0,6.0,13.0,22.0,18.0,7.0,10.0,8.0,18.0,8.0,6.0,12.0,4.0,4.0,8.0,6.0,6.0,5.0,7.0,7.0,2.0
88ad36186dfffff,6.0,19.0,15.0,44.0,18.0,8.0,19.0,19.0,14.0,21.0,19.0,10.0,8.0,4.0,6.0,4.0,6.0,5.0,13.0,4.0,5.0,4.0,18.0,16.0,10.0,33.0,11.0,16.0,16.0,16.0,20.0,30.0,3.0,11.0,13.0,10.0,11.0,17.0,7.0,17.0,22.0,12.0,18.0,28.0,23.0,20.0,9.0,12.0,9.0,23.0,22.0,5.0,7.0
88ad361883fffff,0.0,0.0,0.0,0.0,0.0,0.0,0.0,0.0,0.0,0.0,0.0,0.0,0.0,0.0,0.0,0.0,0.0,0.0,0.0,0.0,0.0,0.0,0.0,0.0,0.0,0.0,0.0,0.0,0.0,0.0,0.0,0.0,1.0,0.0,0.0,0.0,0.0,0.0,0.0,0.0,0.0,0.0,0.0,0.0,0.0,0.0,0.0,0.0,0.0,0.0,0.0,0.0,0.0
88ad361885fffff,1.0,0.0,0.0,0.0,1.0,0.0,0.0,1.0,0.0,1.0,0.0,0.0,0.0,1.0,0.0,0.0,0.0,0.0,0.0,0.0,0.0,1.0,0.0,1.0,0.0,0.0,0.0,0.0,0.0,0.0,1.0,2.0,1.0,1.0,0.0,0.0,1.0,0.0,1.0,1.0,1.0,0.0,0.0,1.0,0.0,0.0,0.0,0.0,0.0,0.0,1.0,0.0,0.0
88ad361887fffff,0.0,0.0,0.0,0.0,1.0,0.0,0.0,0.0,0.0,0.0,0.0,0.0,0.0,0.0,0.0,0.0,0.0,0.0,0.0,0.0,0.0,0.0,0.0,0.0,0.0,0.0,0.0,0.0,0.0,0.0,0.0,0.0,0.0,0.0,0.0,0.0,0.0,0.0,1.0,1.0,0.0,0.0,0.0,3.0,2.0,0.0,0.0,0.0,0.0,0.0,0.0,0.0,0.0
88ad361889fffff,0.0,0.0,0.0,0.0,0.0,0.0,0.0,0.0,0.0,0.0,0.0,0.0,0.0,0.0,0.0,0.0,0.0,0.0,0.0,0.0,0.0,0.0,1.0,0.0,0.0,0.0,0.0,0.0,0.0,0.0,0.0,0.0,0.0,0.0,0.0,0.0,0.0,0.0,0.0,0.0,0.0,0.0,0.0,1.0,0.0,0.0,0.0,1.0,0.0,0.0,0.0,0.0,0.0
88ad36188dfffff,0.0,0.0,1.0,1.0,0.0,2.0,0.0,1.0,0.0,1.0,1.0,0.0,0.0,0.0,0.0,0.0,0.0,0.0,0.0,0.0,0.0,1.0,0.0,0.0,0.0,0.0,0.0,0.0,0.0,0.0,0.0,0.0,0.0,0.0,0.0,1.0,0.0,0.0,0.0,0.0,0.0,0.0,0.0,0.0,0.0,0.0,0.0,0.0,1.0,1.0,0.0,0.0,0.0
88ad361891fffff,0.0,0.0,0.0,0.0,0.0,0.0,0.0,0.0,0.0,0.0,1.0,0.0,0.0,0.0,0.0,0.0,0.0,0.0,0.0,0.0,0.0,0.0,0.0,0.0,0.0,0.0,0.0,0.0,0.0,0.0,0.0,0.0,0.0,0.0,0.0,0.0,0.0,0.0,0.0,0.0,0.0,0.0,0.0,0.0,0.0,0.0,0.0,0.0,0.0,0.0,0.0,0.0,0.0
88ad361893fffff,0.0,0.0,0.0,0.0,0.0,0.0,0.0,0.0,0.0,0.0,0.0,0.0,0.0,0.0,0.0,0.0,0.0,0.0,0.0,0.0,0.0,0.0,0.0,0.0,0.0,0.0,0.0,1.0,0.0,0.0,0.0,0.0,0.0,0.0,0.0,0.0,0.0,0.0,0.0,0.0,0.0,0.0,0.0,0.0,0.0,0.0,0.0,0.0,0.0,0.0,0.0,0.0,0.0
88ad361895fffff,0.0,0.0,0.0,0.0,0.0,0.0,0.0,0.0,0.0,0.0,0.0,0.0,0.0,0.0,0.0,0.0,0.0,0.0,0.0,0.0,0.0,0.0,0.0,0.0,0.0,0.0,0.0,0.0,0.0,0.0,0.0,0.0,0.0,0.0,0.0,0.0,0.0,0.0,0.0,0.0,0.0,0.0,0.0,0.0,0.0,0.0,0.0,0.0,0.0,0.0,0.0,0.0,1.0
88ad36189bfffff,0.0,0.0,0.0,0.0,0.0,0.0,0.0,0.0,0.0,0.0,0.0,0.0,0.0,0.0,0.0,0.0,0.0,0.0,0.0,0.0,0.0,0.0,0.0,0.0,0.0,0.0,0.0,0.0,0.0,0.0,0.0,0.0,0.0,0.0,0.0,0.0,0.0,0.0,0.0,0.0,0.0,0.0,0.0,0.0,0.0,0.0,0.0,0.0,1.0,0.0,0.0,0.0,0.0
88ad36189dfffff,0.0,0.0,1.0,0.0,0.0,0.0,0.0,0.0,0.0,0.0,0.0,0.0,0.0,0.0,0.0,0.0,0.0,0.0,0.0,1.0,0.0,0.0,0.0,0.0,0.0,1.0,0.0,0.0,0.0,0.0,0.0,0.0,2.0,0.0,1.0,0.0,1.0,0.0,0.0,0.0,0.0,0.0,0.0,0.0,0.0,0.0,0.0,2.0,0.0,2.0,0.0,0.0,0.0
88ad3618a1fffff,0.0,3.0,0.0,4.0,2.0,4.0,0.0,4.0,2.0,2.0,0.0,5.0,2.0,0.0,0.0,0.0,0.0,0.0,0.0,0.0,1.0,2.0,1.0,3.0,2.0,0.0,0.0,3.0,2.0,0.0,10.0,2.0,2.0,1.0,1.0,2.0,0.0,0.0,0.0,0.0,1.0,2.0,1.0,3.0,1.0,0.0,0.0,3.0,0.0,1.0,2.0,1.0,0.0
88ad3618a3fffff,0.0,0.0,5.0,0.0,0.0,1.0,1.0,0.0,0.0,2.0,0.0,0.0,0.0,1.0,0.0,0.0,0.0,0.0,0.0,1.0,1.0,0.0,2.0,2.0,0.0,0.0,1.0,1.0,1.0,3.0,0.0,2.0,1.0,2.0,0.0,2.0,1.0,0.0,1.0,0.0,0.0,0.0,1.0,3.0,5.0,2.0,1.0,0.0,1.0,0.0,0.0,3.0,0.0
88ad3618a5fffff,0.0,3.0,3.0,0.0,0.0,5.0,1.0,6.0,1.0,0.0,1.0,3.0,3.0,1.0,4.0,4.0,1.0,2.0,0.0,3.0,3.0,3.0,4.0,3.0,0.0,0.0,0.0,2.0,16.0,4.0,0.0,3.0,2.0,5.0,0.0,1.0,3.0,1.0,0.0,1.0,1.0,8.0,0.0,0.0,3.0,1.0,2.0,3.0,3.0,2.0,1.0,1.0,1.0
88ad3618a7fffff,1.0,0.0,1.0,0.0,0.0,0.0,0.0,1.0,0.0,0.0,0.0,1.0,0.0,0.0,0.0,0.0,0.0,0.0,0.0,0.0,0.0,0.0,0.0,0.0,3.0,2.0,1.0,0.0,0.0,0.0,0.0,0.0,0.0,0.0,0.0,0.0,0.0,0.0,0.0,2.0,0.0,2.0,0.0,0.0,0.0,0.0,2.0,0.0,0.0,1.0,0.0,0.0,0.0
88ad3618a9fffff,4.0,4.0,3.0,7.0,2.0,3.0,0.0,10.0,1.0,1.0,2.0,4.0,2.0,2.0,1.0,0.0,0.0,0.0,2.0,3.0,1.0,0.0,1.0,4.0,2.0,5.0,2.0,3.0,4.0,4.0,3.0,4.0,1.0,3.0,2.0,0.0,0.0,4.0,0.0,3.0,3.0,5.0,8.0,9.0,10.0,4.0,1.0,2.0,3.0,3.0,3.0,2.0,0.0
88ad3618abfffff,0.0,0.0,0.0,0.0,0.0,1.0,0.0,0.0,0.0,0.0,0.0,0.0,0.0,0.0,0.0,0.0,0.0,0.0,0.0,0.0,0.0,0.0,0.0,0.0,0.0,0.0,0.0,0.0,0.0,0.0,0.0,0.0,0.0,0.0,0.0,0.0,0.0,0.0,0.0,0.0,1.0,0.0,0.0,0.0,0.0,1.0,0.0,0.0,0.0,1.0,0.0,0.0,0.0
88ad3618adfffff,1.0,4.0,10.0,3.0,7.0,5.0,3.0,15.0,2.0,2.0,6.0,7.0,1.0,3.0,0.0,1.0,0.0,0.0,6.0,1.0,1.0,7.0,5.0,3.0,4.0,2.0,6.0,4.0,8.0,4.0,5.0,4.0,3.0,2.0,5.0,12.0,12.0,5.0,1.0,5.0,5.0,14.0,5.0,6.0,4.0,6.0,5.0,8.0,3.0,4.0,3.0,10.0,2.0
88ad3618b3fffff,0.0,0.0,0.0,0.0,0.0,0.0,0.0,0.0,0.0,0.0,0.0,0.0,1.0,0.0,0.0,0.0,0.0,0.0,0.0,0.0,0.0,0.0,0.0,0.0,0.0,0.0,0.0,0.0,0.0,0.0,0.0,0.0,0.0,0.0,0.0,0.0,0.0,0.0,0.0,0.0,0.0,0.0,0.0,0.0,0.0,0.0,0.0,0.0,0.0,0.0,0.0,0.0,0.0
88ad3618b5fffff,0.0,2.0,1.0,2.0,1.0,1.0,2.0,0.0,1.0,0.0,1.0,1.0,0.0,0.0,0.0,1.0,2.0,0.0,0.0,0.0,0.0,0.0,0.0,0.0,0.0,1.0,0.0,0.0,6.0,1.0,1.0,2.0,2.0,3.0,0.0,0.0,0.0,1.0,1.0,3.0,0.0,2.0,0.0,0.0,1.0,0.0,1.0,2.0,1.0,0.0,0.0,3.0,0.0
88ad3618b7fffff,0.0,0.0,0.0,0.0,0.0,0.0,0.0,0.0,0.0,0.0,0.0,0.0,0.0,0.0,0.0,0.0,0.0,0.0,0.0,0.0,0.0,0.0,0.0,0.0,0.0,0.0,0.0,0.0,0.0,0.0,0.0,0.0,0.0,0.0,0.0,0.0,0.0,0.0,0.0,0.0,0.0,0.0,0.0,0.0,1.0,0.0,0.0,0.0,0.0,0.0,0.0,0.0,0.0
88ad3618bdfffff,0.0,0.0,0.0,0.0,0.0,2.0,0.0,0.0,0.0,0.0,0.0,0.0,0.0,0.0,0.0,0.0,0.0,0.0,0.0,0.0,1.0,0.0,0.0,0.0,0.0,0.0,0.0,0.0,0.0,0.0,0.0,0.0,1.0,1.0,1.0,0.0,0.0,0.0,1.0,0.0,0.0,0.0,0.0,0.0,0.0,0.0,0.0,0.0,0.0,0.0,0.0,0.0,0.0
88ad3618c1fffff,1.0,2.0,3.0,1.0,1.0,1.0,2.0,0.0,2.0,0.0,2.0,1.0,1.0,2.0,0.0,1.0,1.0,0.0,2.0,1.0,1.0,4.0,2.0,3.0,4.0,2.0,5.0,4.0,2.0,3.0,0.0,2.0,0.0,3.0,3.0,2.0,1.0,1.0,0.0,1.0,3.0,2.0,3.0,4.0,5.0,5.0,2.0,3.0,3.0,2.0,0.0,2.0,1.0
88ad3618c3fffff,0.0,0.0,0.0,0.0,0.0,0.0,0.0,0.0,0.0,0.0,0.0,0.0,0.0,0.0,0.0,0.0,0.0,0.0,0.0,0.0,0.0,0.0,0.0,0.0,0.0,0.0,0.0,0.0,0.0,0.0,0.0,0.0,0.0,0.0,0.0,0.0,0.0,0.0,0.0,0.0,0.0,0.0,0.0,0.0,0.0,1.0,0.0,0.0,0.0,0.0,0.0,0.0,0.0
88ad3618c5fffff,4.0,2.0,2.0,10.0,6.0,4.0,5.0,16.0,6.0,10.0,5.0,7.0,2.0,3.0,1.0,1.0,12.0,2.0,4.0,0.0,9.0,4.0,3.0,9.0,1.0,4.0,16.0,14.0,1.0,2.0,6.0,6.0,2.0,18.0,5.0,6.0,3.0,5.0,4.0,5.0,8.0,6.0,9.0,5.0,8.0,6.0,12.0,5.0,1.0,2.0,3.0,1.0,1.0
88ad3618c7fffff,0.0,0.0,0.0,0.0,0.0,2.0,0.0,0.0,0.0,0.0,0.0,0.0,0.0,0.0,0.0,0.0,0.0,0.0,0.0,0.0,0.0,0.0,0.0,0.0,0.0,0.0,2.0,0.0,1.0,0.0,0.0,0.0,0.0,0.0,0.0,0.0,0.0,0.0,0.0,0.0,0.0,0.0,0.0,0.0,0.0,0.0,0.0,0.0,0.0,0.0,0.0,2.0,0.0
88ad3618c9fffff,0.0,4.0,6.0,8.0,3.0,3.0,12.0,7.0,7.0,9.0,1.0,3.0,8.0,5.0,1.0,3.0,2.0,1.0,0.0,3.0,1.0,3.0,3.0,2.0,1.0,10.0,3.0,10.0,10.0,0.0,2.0,8.0,1.0,5.0,6.0,9.0,11.0,3.0,15.0,3.0,7.0,19.0,5.0,5.0,5.0,5.0,2.0,6.0,4.0,3.0,7.0,3.0,2.0
88ad3618cbfffff,1.0,5.0,11.0,3.0,1.0,4.0,1.0,3.0,0.0,2.0,1.0,3.0,2.0,0.0,1.0,2.0,1.0,0.0,0.0,1.0,0.0,0.0,0.0,2.0,3.0,0.0,1.0,3.0,1.0,0.0,2.0,1.0,0.0,1.0,0.0,0.0,4.0,4.0,1.0,0.0,3.0,2.0,1.0,2.0,1.0,2.0,2.0,7.0,1.0,4.0,3.0,2.0,0.0
88ad3618cdfffff,9.0,7.0,9.0,12.0,6.0,7.0,5.0,13.0,21.0,9.0,5.0,7.0,4.0,2.0,3.0,2.0,1.0,4.0,3.0,6.0,3.0,13.0,4.0,10.0,3.0,10.0,26.0,17.0,14.0,8.0,7.0,7.0,1.0,11.0,10.0,13.0,5.0,4.0,5.0,4.0,7.0,17.0,5.0,4.0,8.0,3.0,11.0,12.0,5.0,4.0,1.0,3.0,2.0
88ad3618d1fffff,0.0,0.0,0.0,6.0,8.0,2.0,1.0,3.0,2.0,0.0,0.0,0.0,0.0,0.0,0.0,2.0,4.0,0.0,0.0,0.0,0.0,1.0,0.0,0.0,0.0,0.0,0.0,0.0,1.0,1.0,0.0,1.0,0.0,0.0,0.0,2.0,0.0,0.0,2.0,0.0,0.0,1.0,2.0,3.0,1.0,1.0,2.0,0.0,0.0,0.0,1.0,3.0,1.0
88ad3618d3fffff,0.0,0.0,0.0,0.0,0.0,0.0,0.0,0.0,0.0,0.0,0.0,0.0,0.0,0.0,0.0,0.0,0.0,0.0,0.0,0.0,0.0,2.0,0.0,0.0,0.0,0.0,0.0,0.0,0.0,0.0,0.0,0.0,0.0,0.0,0.0,0.0,0.0,0.0,0.0,0.0,0.0,0.0,0.0,0.0,1.0,0.0,0.0,0.0,0.0,0.0,0.0,0.0,0.0
88ad3618d5fffff,0.0,0.0,0.0,0.0,1.0,0.0,0.0,0.0,0.0,0.0,0.0,0.0,0.0,0.0,0.0,0.0,0.0,0.0,0.0,0.0,0.0,0.0,0.0,0.0,0.0,0.0,0.0,0.0,0.0,0.0,0.0,0.0,0.0,1.0,0.0,0.0,0.0,0.0,0.0,0.0,0.0,0.0,0.0,0.0,0.0,0.0,0.0,0.0,0.0,0.0,0.0,0.0,0.0
88ad3618d9fffff,1.0,4.0,2.0,8.0,11.0,3.0,6.0,11.0,21.0,11.0,10.0,7.0,5.0,3.0,6.0,1.0,2.0,2.0,2.0,8.0,1.0,2.0,5.0,9.0,9.0,1.0,6.0,7.0,7.0,5.0,4.0,8.0,1.0,8.0,3.0,8.0,10.0,2.0,12.0,6.0,12.0,11.0,10.0,7.0,8.0,8.0,5.0,10.0,11.0,6.0,6.0,7.0,5.0
88ad3618dbfffff,0.0,0.0,0.0,0.0,0.0,0.0,0.0,1.0,0.0,1.0,0.0,0.0,0.0,0.0,0.0,0.0,0.0,0.0,0.0,0.0,0.0,0.0,0.0,0.0,0.0,0.0,0.0,0.0,0.0,0.0,0.0,0.0,0.0,0.0,0.0,0.0,0.0,1.0,0.0,1.0,0.0,1.0,0.0,0.0,0.0,0.0,0.0,0.0,0.0,0.0,0.0,0.0,0.0
88ad3618ddfffff,2.0,4.0,3.0,3.0,15.0,7.0,4.0,9.0,4.0,5.0,3.0,3.0,4.0,0.0,4.0,5.0,4.0,0.0,0.0,2.0,4.0,3.0,3.0,4.0,8.0,1.0,6.0,4.0,4.0,7.0,6.0,5.0,2.0,5.0,4.0,6.0,11.0,6.0,5.0,3.0,4.0,4.0,7.0,2.0,5.0,7.0,7.0,3.0,1.0,6.0,8.0,10.0,4.0
88ad3618e1fffff,1.0,6.0,3.0,3.0,3.0,2.0,2.0,3.0,5.0,3.0,3.0,2.0,4.0,1.0,3.0,2.0,3.0,0.0,3.0,3.0,2.0,4.0,1.0,2.0,0.0,1.0,2.0,4.0,1.0,2.0,0.0,5.0,1.0,2.0,3.0,1.0,4.0,1.0,0.0,2.0,4.0,2.0,0.0,6.0,2.0,0.0,3.0,2.0,0.0,1.0,0.0,0.0,2.0
88ad3618e3fffff,3.0,11.0,5.0,5.0,11.0,5.0,3.0,9.0,8.0,3.0,3.0,2.0,3.0,1.0,1.0,3.0,2.0,3.0,4.0,4.0,4.0,1.0,3.0,7.0,5.0,7.0,4.0,2.0,5.0,4.0,14.0,10.0,2.0,8.0,9.0,11.0,12.0,7.0,10.0,6.0,2.0,3.0,6.0,10.0,6.0,8.0,7.0,10.0,12.0,5.0,3.0,5.0,3.0
88ad3618e5fffff,4.0,10.0,22.0,28.0,15.0,22.0,28.0,19.0,12.0,19.0,16.0,10.0,14.0,4.0,6.0,10.0,9.0,5.0,3.0,7.0,5.0,9.0,3.0,18.0,12.0,22.0,24.0,16.0,20.0,10.0,19.0,34.0,18.0,18.0,19.0,16.0,18.0,22.0,14.0,28.0,21.0,28.0,15.0,21.0,13.0,13.0,17.0,6.0,17.0,15.0,15.0,18.0,9.0
88ad3618e7fffff,1.0,2.0,3.0,1.0,7.0,4.0,0.0,14.0,6.0,5.0,4.0,2.0,5.0,0.0,1.0,2.0,6.0,4.0,7.0,2.0,2.0,3.0,5.0,7.0,1.0,9.0,1.0,9.0,27.0,1.0,8.0,5.0,5.0,0.0,7.0,6.0,2.0,9.0,4.0,17.0,9.0,6.0,2.0,3.0,2.0,3.0,7.0,1.0,12.0,8.0,1.0,4.0,2.0
88ad3618e9fffff,1.0,5.0,2.0,2.0,2.0,5.0,6.0,18.0,5.0,3.0,6.0,6.0,4.0,6.0,4.0,1.0,6.0,5.0,4.0,3.0,5.0,2.0,0.0,4.0,9.0,7.0,8.0,6.0,3.0,7.0,8.0,13.0,5.0,9.0,12.0,8.0,5.0,8.0,9.0,9.0,11.0,6.0,4.0,3.0,7.0,1.0,6.0,0.0,5.0,10.0,5.0,5.0,3.0
88ad3618ebfffff,2.0,5.0,12.0,2.0,2.0,2.0,3.0,9.0,3.0,3.0,4.0,4.0,1.0,3.0,7.0,1.0,5.0,2.0,5.0,3.0,2.0,5.0,4.0,5.0,1.0,10.0,2.0,6.0,11.0,3.0,3.0,6.0,2.0,4.0,4.0,6.0,5.0,2.0,1.0,5.0,5.0,9.0,9.0,5.0,7.0,6.0,3.0,6.0,6.0,4.0,4.0,1.0,0.0
88ad3618edfffff,3.0,8.0,8.0,8.0,4.0,7.0,6.0,25.0,10.0,7.0,2.0,3.0,7.0,5.0,6.0,3.0,0.0,2.0,4.0,3.0,2.0,3.0,5.0,6.0,1.0,4.0,8.0,8.0,17.0,4.0,3.0,8.0,5.0,8.0,10.0,7.0,6.0,4.0,5.0,21.0,3.0,3.0,14.0,2.0,5.0,4.0,7.0,2.0,7.0,5.0,8.0,1.0,2.0
88ad361901fffff,2.0,2.0,4.0,1.0,2.0,1.0,2.0,4.0,1.0,1.0,1.0,5.0,3.0,1.0,1.0,2.0,4.0,1.0,0.0,1.0,1.0,3.0,1.0,0.0,2.0,1.0,3.0,1.0,1.0,1.0,3.0,3.0,2.0,6.0,7.0,3.0,2.0,2.0,1.0,4.0,2.0,1.0,4.0,3.0,3.0,1.0,9.0,6.0,6.0,0.0,2.0,0.0,2.0
88ad361903fffff,1.0,1.0,4.0,3.0,4.0,1.0,1.0,2.0,2.0,0.0,3.0,1.0,2.0,0.0,2.0,0.0,1.0,3.0,3.0,1.0,0.0,3.0,3.0,4.0,7.0,1.0,6.0,0.0,5.0,4.0,5.0,5.0,2.0,2.0,9.0,8.0,2.0,2.0,2.0,6.0,1.0,5.0,4.0,3.0,7.0,4.0,3.0,1.0,6.0,5.0,4.0,0.0,0.0
88ad361905fffff,0.0,0.0,1.0,0.0,1.0,1.0,0.0,1.0,3.0,1.0,3.0,4.0,3.0,0.0,1.0,0.0,2.0,1.0,1.0,0.0,0.0,0.0,0.0,1.0,1.0,1.0,2.0,3.0,2.0,2.0,2.0,1.0,0.0,2.0,2.0,2.0,0.0,2.0,1.0,2.0,4.0,0.0,2.0,1.0,1.0,3.0,3.0,0.0,3.0,2.0,0.0,1.0,0.0
88ad361907fffff,1.0,1.0,1.0,0.0,0.0,2.0,0.0,0.0,0.0,0.0,1.0,0.0,0.0,2.0,0.0,0.0,0.0,0.0,0.0,0.0,0.0,0.0,1.0,0.0,1.0,0.0,1.0,0.0,0.0,0.0,0.0,1.0,1.0,1.0,3.0,1.0,2.0,1.0,0.0,2.0,1.0,1.0,0.0,0.0,0.0,2.0,0.0,0.0,7.0,2.0,1.0,0.0,0.0
88ad361909fffff,0.0,0.0,2.0,2.0,2.0,1.0,5.0,1.0,0.0,0.0,4.0,0.0,1.0,0.0,2.0,1.0,0.0,0.0,0.0,0.0,2.0,0.0,0.0,3.0,3.0,2.0,3.0,5.0,1.0,7.0,5.0,0.0,1.0,1.0,0.0,2.0,0.0,5.0,0.0,3.0,2.0,0.0,2.0,3.0,3.0,2.0,0.0,0.0,0.0,0.0,2.0,0.0,0.0
88ad36190bfffff,1.0,16.0,13.0,4.0,6.0,4.0,2.0,9.0,6.0,4.0,4.0,3.0,8.0,4.0,3.0,4.0,1.0,2.0,7.0,5.0,6.0,6.0,3.0,6.0,2.0,4.0,6.0,5.0,7.0,6.0,9.0,12.0,7.0,7.0,8.0,5.0,7.0,7.0,4.0,8.0,6.0,8.0,11.0,6.0,9.0,7.0,8.0,12.0,14.0,3.0,6.0,5.0,3.0
88ad36190dfffff,0.0,0.0,0.0,0.0,0.0,0.0,0.0,0.0,0.0,0.0,1.0,0.0,0.0,0.0,0.0,0.0,0.0,0.0,0.0,0.0,0.0,1.0,0.0,0.0,0.0,0.0,0.0,0.0,1.0,0.0,0.0,0.0,0.0,0.0,0.0,0.0,0.0,0.0,0.0,0.0,0.0,0.0,0.0,0.0,0.0,0.0,0.0,0.0,0.0,0.0,0.0,0.0,0.0
88ad361911fffff,3.0,0.0,1.0,1.0,2.0,4.0,0.0,1.0,3.0,0.0,1.0,0.0,1.0,0.0,0.0,0.0,0.0,1.0,1.0,0.0,1.0,2.0,0.0,3.0,1.0,0.0,1.0,0.0,1.0,1.0,3.0,4.0,3.0,3.0,2.0,9.0,1.0,2.0,0.0,1.0,0.0,1.0,1.0,2.0,3.0,1.0,0.0,0.0,2.0,1.0,2.0,0.0,1.0
88ad361913fffff,0.0,4.0,0.0,2.0,2.0,2.0,2.0,1.0,0.0,0.0,0.0,1.0,0.0,0.0,0.0,1.0,0.0,2.0,0.0,1.0,0.0,0.0,0.0,1.0,0.0,5.0,1.0,0.0,1.0,2.0,3.0,2.0,2.0,0.0,1.0,1.0,1.0,0.0,0.0,0.0,0.0,1.0,4.0,2.0,1.0,0.0,2.0,2.0,2.0,4.0,0.0,0.0,0.0
88ad361915fffff,1.0,1.0,1.0,4.0,5.0,5.0,3.0,2.0,1.0,5.0,2.0,2.0,1.0,3.0,2.0,0.0,0.0,0.0,1.0,1.0,1.0,1.0,3.0,2.0,3.0,2.0,0.0,3.0,1.0,4.0,4.0,10.0,0.0,8.0,6.0,6.0,5.0,5.0,3.0,1.0,6.0,3.0,4.0,4.0,2.0,2.0,8.0,2.0,8.0,5.0,3.0,1.0,3.0
88ad361917fffff,5.0,9.0,8.0,5.0,5.0,9.0,11.0,4.0,4.0,3.0,2.0,11.0,2.0,4.0,4.0,0.0,1.0,0.0,2.0,1.0,0.0,2.0,3.0,0.0,1.0,2.0,4.0,3.0,6.0,5.0,7.0,4.0,1.0,8.0,7.0,7.0,5.0,3.0,2.0,3.0,4.0,5.0,3.0,4.0,7.0,1.0,2.0,3.0,12.0,4.0,6.0,0.0,4.0
88ad361919fffff,4.0,27.0,24.0,16.0,13.0,10.0,10.0,17.0,15.0,16.0,9.0,28.0,11.0,12.0,8.0,7.0,7.0,14.0,4.0,2.0,13.0,10.0,19.0,13.0,21.0,18.0,15.0,11.0,23.0,21.0,14.0,17.0,11.0,9.0,14.0,15.0,13.0,6.0,9.0,12.0,25.0,15.0,23.0,26.0,19.0,12.0,14.0,5.0,13.0,12.0,2.0,14.0,5.0
88ad36191bfffff,8.0,13.0,14.0,11.0,30.0,8.0,8.0,19.0,12.0,13.0,5.0,13.0,3.0,9.0,3.0,3.0,5.0,6.0,5.0,5.0,2.0,7.0,13.0,21.0,11.0,18.0,7.0,8.0,6.0,7.0,6.0,12.0,8.0,8.0,5.0,11.0,16.0,7.0,6.0,14.0,16.0,16.0,24.0,12.0,19.0,21.0,11.0,16.0,6.0,11.0,12.0,5.0,3.0
88ad36191dfffff,6.0,6.0,10.0,10.0,9.0,10.0,8.0,14.0,11.0,14.0,4.0,5.0,5.0,8.0,3.0,4.0,2.0,8.0,5.0,4.0,11.0,17.0,4.0,5.0,9.0,4.0,5.0,5.0,16.0,20.0,4.0,9.0,7.0,6.0,15.0,18.0,8.0,8.0,11.0,9.0,15.0,13.0,19.0,16.0,18.0,11.0,5.0,11.0,15.0,6.0,8.0,10.0,4.0
88ad361921fffff,0.0,0.0,0.0,0.0,0.0,0.0,0.0,0.0,0.0,0.0,0.0,0.0,0.0,0.0,0.0,0.0,0.0,0.0,0.0,0.0,0.0,0.0,0.0,0.0,0.0,0.0,0.0,0.0,0.0,0.0,0.0,0.0,0.0,0.0,0.0,0.0,0.0,0.0,0.0,0.0,0.0,0.0,0.0,0.0,0.0,0.0,1.0,0.0,0.0,0.0,0.0,0.0,0.0
88ad361923fffff,0.0,0.0,0.0,1.0,0.0,0.0,0.0,0.0,2.0,0.0,0.0,0.0,0.0,0.0,0.0,0.0,0.0,0.0,0.0,0.0,0.0,0.0,1.0,0.0,0.0,0.0,0.0,0.0,0.0,0.0,0.0,0.0,0.0,0.0,0.0,0.0,0.0,0.0,0.0,0.0,0.0,0.0,0.0,0.0,0.0,0.0,0.0,0.0,0.0,0.0,0.0,0.0,0.0
88ad36192bfffff,0.0,0.0,0.0,0.0,0.0,0.0,0.0,0.0,0.0,0.0,0.0,0.0,0.0,0.0,0.0,0.0,0.0,0.0,0.0,0.0,0.0,0.0,0.0,0.0,0.0,0.0,0.0,0.0,0.0,0.0,0.0,0.0,0.0,0.0,0.0,0.0,0.0,0.0,0.0,0.0,0.0,1.0,1.0,0.0,0.0,0.0,0.0,0.0,0.0,0.0,0.0,0.0,0.0
88ad361931fffff,0.0,0.0,1.0,0.0,0.0,0.0,0.0,0.0,0.0,0.0,0.0,0.0,0.0,0.0,0.0,0.0,0.0,0.0,0.0,0.0,0.0,0.0,0.0,0.0,0.0,0.0,0.0,0.0,0.0,0.0,0.0,0.0,0.0,0.0,0.0,0.0,0.0,0.0,0.0,0.0,0.0,0.0,0.0,0.0,0.0,0.0,0.0,0.0,0.0,0.0,0.0,0.0,0.0
88ad361935fffff,0.0,0.0,1.0,0.0,0.0,0.0,0.0,0.0,0.0,0.0,0.0,0.0,0.0,0.0,0.0,0.0,0.0,0.0,0.0,0.0,0.0,0.0,0.0,0.0,0.0,0.0,1.0,0.0,1.0,0.0,0.0,0.0,0.0,0.0,0.0,0.0,0.0,0.0,0.0,0.0,0.0,0.0,0.0,1.0,1.0,1.0,0.0,0.0,0.0,0.0,0.0,0.0,0.0
88ad361939fffff,0.0,0.0,0.0,0.0,0.0,0.0,0.0,0.0,0.0,0.0,0.0,0.0,0.0,0.0,0.0,0.0,0.0,0.0,0.0,0.0,0.0,0.0,0.0,0.0,0.0,0.0,0.0,0.0,0.0,0.0,0.0,0.0,1.0,0.0,0.0,0.0,0.0,0.0,0.0,1.0,0.0,0.0,0.0,0.0,0.0,0.0,0.0,0.0,0.0,0.0,0.0,0.0,0.0
88ad36193bfffff,1.0,0.0,0.0,1.0,1.0,1.0,3.0,1.0,1.0,3.0,0.0,1.0,0.0,0.0,0.0,0.0,0.0,0.0,0.0,0.0,0.0,0.0,1.0,2.0,0.0,0.0,0.0,0.0,1.0,0.0,1.0,0.0,2.0,1.0,3.0,0.0,0.0,0.0,1.0,0.0,0.0,1.0,1.0,0.0,0.0,1.0,1.0,1.0,1.0,1.0,0.0,1.0,0.0
88ad36193dfffff,0.0,0.0,0.0,1.0,0.0,1.0,0.0,0.0,1.0,1.0,0.0,1.0,0.0,0.0,0.0,0.0,0.0,0.0,0.0,0.0,0.0,0.0,0.0,0.0,0.0,0.0,0.0,0.0,0.0,0.0,0.0,0.0,1.0,0.0,0.0,0.0,1.0,1.0,0.0,0.0,1.0,1.0,0.0,0.0,0.0,0.0,2.0,2.0,1.0,1.0,0.0,0.0,0.0
88ad361941fffff,6.0,32.0,18.0,19.0,28.0,15.0,22.0,14.0,19.0,25.0,14.0,35.0,15.0,15.0,20.0,13.0,8.0,7.0,11.0,11.0,10.0,4.0,3.0,17.0,10.0,12.0,17.0,16.0,18.0,19.0,16.0,16.0,5.0,31.0,13.0,20.0,34.0,20.0,17.0,17.0,29.0,32.0,28.0,19.0,17.0,24.0,21.0,13.0,19.0,35.0,27.0,24.0,10.0
88ad361943fffff,2.0,9.0,6.0,6.0,11.0,11.0,5.0,10.0,12.0,9.0,5.0,10.0,7.0,4.0,7.0,9.0,8.0,6.0,2.0,3.0,3.0,4.0,7.0,6.0,9.0,8.0,10.0,11.0,10.0,16.0,5.0,10.0,4.0,10.0,13.0,5.0,7.0,10.0,11.0,11.0,7.0,12.0,2.0,5.0,7.0,7.0,15.0,11.0,13.0,11.0,9.0,6.0,3.0
88ad361945fffff,3.0,11.0,3.0,9.0,4.0,0.0,5.0,2.0,11.0,8.0,14.0,7.0,1.0,3.0,0.0,2.0,0.0,2.0,3.0,2.0,4.0,4.0,1.0,5.0,4.0,6.0,4.0,2.0,5.0,9.0,4.0,6.0,1.0,10.0,8.0,5.0,3.0,10.0,3.0,2.0,2.0,4.0,3.0,4.0,5.0,9.0,4.0,4.0,2.0,4.0,5.0,9.0,4.0
88ad361947fffff,6.0,10.0,21.0,9.0,20.0,27.0,20.0,17.0,18.0,13.0,6.0,10.0,13.0,3.0,5.0,9.0,17.0,5.0,25.0,13.0,9.0,7.0,12.0,5.0,15.0,10.0,17.0,19.0,29.0,18.0,13.0,13.0,3.0,15.0,12.0,18.0,23.0,13.0,10.0,17.0,8.0,10.0,10.0,5.0,14.0,20.0,16.0,18.0,19.0,23.0,10.0,8.0,1.0
88ad361949fffff,10.0,19.0,11.0,13.0,15.0,10.0,22.0,13.0,20.0,14.0,7.0,11.0,12.0,10.0,4.0,3.0,3.0,8.0,6.0,12.0,5.0,0.0,8.0,5.0,5.0,1.0,5.0,17.0,25.0,13.0,4.0,8.0,6.0,7.0,7.0,10.0,15.0,8.0,17.0,19.0,8.0,6.0,6.0,3.0,4.0,4.0,9.0,15.0,7.0,13.0,4.0,27.0,3.0
88ad36194bfffff,5.0,16.0,8.0,13.0,9.0,18.0,17.0,12.0,13.0,14.0,15.0,15.0,6.0,8.0,10.0,16.0,6.0,6.0,9.0,15.0,10.0,16.0,14.0,9.0,4.0,12.0,14.0,17.0,24.0,11.0,23.0,10.0,8.0,11.0,15.0,11.0,15.0,22.0,17.0,40.0,10.0,22.0,10.0,8.0,19.0,15.0,18.0,15.0,22.0,14.0,15.0,23.0,9.0
88ad36194dfffff,0.0,0.0,2.0,3.0,0.0,0.0,0.0,1.0,0.0,1.0,0.0,1.0,1.0,0.0,0.0,0.0,0.0,0.0,0.0,0.0,0.0,0.0,0.0,0.0,0.0,0.0,1.0,1.0,1.0,0.0,0.0,0.0,0.0,1.0,1.0,0.0,1.0,0.0,0.0,0.0,0.0,0.0,0.0,0.0,0.0,0.0,3.0,1.0,2.0,0.0,1.0,5.0,2.0
88ad361951fffff,13.0,19.0,17.0,17.0,22.0,7.0,15.0,12.0,13.0,29.0,6.0,20.0,7.0,12.0,3.0,10.0,3.0,6.0,8.0,8.0,6.0,7.0,9.0,16.0,17.0,16.0,8.0,20.0,18.0,12.0,13.0,14.0,9.0,10.0,14.0,5.0,21.0,20.0,10.0,41.0,12.0,13.0,26.0,14.0,14.0,15.0,19.0,11.0,19.0,16.0,25.0,11.0,8.0
88ad361953fffff,2.0,10.0,10.0,28.0,16.0,10.0,12.0,37.0,7.0,11.0,18.0,10.0,8.0,6.0,4.0,9.0,2.0,10.0,4.0,5.0,4.0,6.0,19.0,17.0,3.0,6.0,24.0,21.0,10.0,9.0,13.0,12.0,23.0,13.0,12.0,15.0,7.0,7.0,9.0,10.0,19.0,16.0,24.0,18.0,13.0,17.0,7.0,9.0,7.0,12.0,8.0,8.0,4.0
88ad361955fffff,7.0,17.0,7.0,7.0,13.0,10.0,7.0,12.0,12.0,11.0,12.0,9.0,9.0,4.0,6.0,2.0,8.0,3.0,3.0,5.0,5.0,6.0,16.0,6.0,11.0,8.0,10.0,4.0,10.0,7.0,1.0,7.0,3.0,8.0,11.0,11.0,10.0,15.0,12.0,13.0,14.0,17.0,9.0,13.0,17.0,13.0,8.0,11.0,15.0,6.0,5.0,5.0,10.0
88ad361957fffff,6.0,14.0,7.0,9.0,16.0,20.0,14.0,21.0,8.0,10.0,17.0,18.0,7.0,5.0,8.0,3.0,3.0,2.0,6.0,7.0,6.0,2.0,12.0,5.0,3.0,13.0,8.0,9.0,13.0,12.0,12.0,16.0,8.0,4.0,18.0,14.0,10.0,15.0,12.0,16.0,11.0,13.0,14.0,14.0,6.0,10.0,5.0,7.0,7.0,6.0,9.0,9.0,4.0
88ad361959fffff,9.0,11.0,19.0,21.0,20.0,11.0,15.0,7.0,21.0,32.0,13.0,19.0,17.0,16.0,8.0,3.0,7.0,8.0,3.0,10.0,6.0,5.0,10.0,12.0,13.0,21.0,24.0,27.0,15.0,29.0,13.0,14.0,13.0,18.0,22.0,9.0,27.0,11.0,22.0,19.0,27.0,25.0,29.0,23.0,21.0,19.0,15.0,19.0,19.0,23.0,18.0,21.0,15.0
88ad36195bfffff,10.0,14.0,12.0,18.0,19.0,16.0,11.0,12.0,16.0,18.0,16.0,16.0,10.0,2.0,3.0,9.0,7.0,7.0,4.0,5.0,9.0,9.0,7.0,11.0,22.0,21.0,20.0,29.0,11.0,16.0,16.0,11.0,11.0,9.0,10.0,12.0,19.0,21.0,19.0,20.0,17.0,6.0,8.0,13.0,21.0,16.0,16.0,14.0,9.0,17.0,19.0,16.0,6.0
88ad36195dfffff,23.0,21.0,20.0,19.0,20.0,22.0,23.0,16.0,25.0,29.0,23.0,26.0,15.0,8.0,13.0,12.0,12.0,4.0,13.0,10.0,10.0,14.0,16.0,21.0,16.0,17.0,27.0,32.0,24.0,23.0,32.0,28.0,28.0,39.0,25.0,28.0,27.0,27.0,24.0,33.0,24.0,21.0,22.0,39.0,23.0,26.0,29.0,22.0,28.0,29.0,28.0,27.0,12.0
88ad361963fffff,0.0,0.0,0.0,0.0,0.0,0.0,0.0,0.0,0.0,0.0,0.0,0.0,0.0,1.0,0.0,0.0,0.0,0.0,0.0,0.0,1.0,0.0,0.0,0.0,0.0,0.0,1.0,0.0,0.0,0.0,1.0,0.0,1.0,0.0,0.0,0.0,1.0,0.0,0.0,0.0,0.0,0.0,0.0,0.0,0.0,0.0,0.0,0.0,0.0,0.0,0.0,0.0,0.0
88ad361965fffff,0.0,0.0,0.0,0.0,1.0,0.0,0.0,0.0,0.0,0.0,0.0,0.0,0.0,0.0,0.0,0.0,0.0,0.0,0.0,0.0,0.0,0.0,0.0,0.0,0.0,0.0,0.0,0.0,0.0,0.0,0.0,0.0,0.0,0.0,0.0,0.0,0.0,0.0,0.0,0.0,0.0,0.0,0.0,1.0,0.0,0.0,0.0,0.0,0.0,0.0,0.0,0.0,0.0
88ad361967fffff,0.0,0.0,0.0,0.0,0.0,1.0,0.0,0.0,0.0,0.0,0.0,1.0,0.0,0.0,0.0,0.0,0.0,0.0,0.0,0.0,0.0,0.0,0.0,0.0,0.0,0.0,0.0,0.0,0.0,0.0,0.0,0.0,0.0,0.0,0.0,0.0,0.0,0.0,0.0,0.0,0.0,0.0,0.0,0.0,0.0,0.0,0.0,0.0,0.0,0.0,0.0,0.0,0.0
88ad36196bfffff,3.0,11.0,14.0,19.0,8.0,17.0,9.0,4.0,8.0,8.0,6.0,10.0,9.0,3.0,2.0,9.0,7.0,4.0,4.0,2.0,6.0,6.0,6.0,7.0,15.0,8.0,14.0,13.0,10.0,21.0,9.0,4.0,6.0,12.0,11.0,15.0,19.0,6.0,4.0,8.0,6.0,5.0,5.0,7.0,11.0,7.0,5.0,7.0,9.0,12.0,8.0,11.0,7.0
88ad361981fffff,0.0,0.0,0.0,0.0,0.0,0.0,0.0,0.0,0.0,0.0,1.0,0.0,0.0,0.0,0.0,0.0,0.0,0.0,0.0,0.0,0.0,0.0,0.0,0.0,0.0,0.0,0.0,0.0,0.0,0.0,0.0,0.0,0.0,0.0,0.0,0.0,0.0,0.0,0.0,0.0,0.0,0.0,0.0,0.0,0.0,0.0,0.0,0.0,0.0,0.0,0.0,0.0,0.0
88ad361983fffff,1.0,5.0,2.0,0.0,0.0,1.0,0.0,1.0,1.0,1.0,1.0,0.0,6.0,3.0,0.0,0.0,2.0,0.0,1.0,0.0,0.0,0.0,1.0,4.0,0.0,3.0,1.0,1.0,2.0,1.0,0.0,0.0,2.0,0.0,1.0,0.0,1.0,1.0,0.0,2.0,5.0,0.0,1.0,2.0,0.0,0.0,0.0,4.0,2.0,2.0,3.0,1.0,0.0
88ad361987fffff,0.0,0.0,0.0,0.0,0.0,0.0,0.0,0.0,0.0,0.0,0.0,0.0,0.0,0.0,0.0,0.0,0.0,0.0,0.0,0.0,0.0,0.0,0.0,0.0,0.0,0.0,0.0,0.0,0.0,0.0,0.0,0.0,0.0,0.0,0.0,0.0,0.0,0.0,0.0,0.0,0.0,0.0,0.0,0.0,0.0,0.0,0.0,0.0,0.0,0.0,0.0,1.0,0.0
88ad361989fffff,5.0,3.0,6.0,6.0,6.0,2.0,7.0,18.0,7.0,10.0,10.0,6.0,4.0,5.0,3.0,2.0,3.0,4.0,1.0,2.0,1.0,2.0,2.0,8.0,5.0,2.0,4.0,4.0,2.0,0.0,1.0,2.0,4.0,1.0,5.0,6.0,5.0,7.0,2.0,8.0,6.0,6.0,2.0,7.0,5.0,6.0,10.0,7.0,4.0,6.0,5.0,1.0,1.0
88ad36198bfffff,3.0,3.0,2.0,4.0,7.0,6.0,2.0,9.0,2.0,4.0,4.0,1.0,4.0,3.0,8.0,3.0,4.0,1.0,4.0,1.0,3.0,3.0,6.0,9.0,0.0,9.0,3.0,4.0,1.0,4.0,2.0,4.0,3.0,3.0,0.0,6.0,6.0,4.0,10.0,7.0,7.0,3.0,5.0,2.0,6.0,6.0,0.0,14.0,3.0,13.0,8.0,4.0,2.0
88ad36198dfffff,0.0,6.0,3.0,2.0,5.0,6.0,3.0,5.0,0.0,1.0,3.0,1.0,2.0,0.0,0.0,0.0,0.0,0.0,0.0,0.0,0.0,0.0,1.0,3.0,3.0,1.0,1.0,3.0,1.0,2.0,1.0,1.0,1.0,0.0,2.0,1.0,2.0,0.0,2.0,0.0,0.0,2.0,1.0,3.0,2.0,3.0,2.0,3.0,0.0,0.0,1.0,1.0,0.0
88ad361993fffff,0.0,0.0,0.0,0.0,0.0,0.0,0.0,0.0,0.0,0.0,0.0,0.0,0.0,0.0,0.0,0.0,0.0,0.0,0.0,0.0,0.0,0.0,0.0,0.0,0.0,0.0,0.0,0.0,0.0,0.0,0.0,0.0,0.0,0.0,0.0,0.0,0.0,0.0,1.0,1.0,0.0,0.0,0.0,0.0,0.0,0.0,0.0,0.0,0.0,0.0,0.0,0.0,0.0
88ad361999fffff,0.0,0.0,0.0,0.0,1.0,0.0,0.0,0.0,0.0,0.0,0.0,0.0,0.0,0.0,0.0,0.0,0.0,0.0,0.0,0.0,1.0,0.0,0.0,0.0,0.0,0.0,0.0,0.0,0.0,0.0,0.0,0.0,0.0,0.0,0.0,0.0,0.0,0.0,0.0,0.0,0.0,0.0,0.0,0.0,0.0,0.0,0.0,0.0,0.0,0.0,0.0,1.0,0.0
88ad36199dfffff,1.0,2.0,1.0,0.0,0.0,5.0,1.0,4.0,1.0,5.0,2.0,0.0,1.0,1.0,1.0,0.0,1.0,3.0,2.0,1.0,0.0,4.0,6.0,0.0,0.0,1.0,1.0,7.0,4.0,2.0,3.0,2.0,1.0,4.0,0.0,1.0,6.0,1.0,2.0,1.0,1.0,5.0,4.0,4.0,2.0,1.0,1.0,1.0,2.0,2.0,5.0,0.0,0.0
88ad3619a5fffff,0.0,0.0,0.0,0.0,0.0,0.0,0.0,0.0,0.0,0.0,0.0,0.0,0.0,0.0,0.0,0.0,0.0,0.0,0.0,0.0,0.0,0.0,0.0,0.0,0.0,0.0,0.0,0.0,0.0,0.0,0.0,0.0,0.0,0.0,0.0,0.0,0.0,0.0,0.0,0.0,0.0,0.0,0.0,0.0,0.0,0.0,0.0,0.0,0.0,0.0,1.0,0.0,0.0
88ad3619a9fffff,0.0,0.0,0.0,0.0,0.0,1.0,0.0,1.0,0.0,0.0,0.0,0.0,0.0,0.0,0.0,0.0,0.0,0.0,0.0,0.0,0.0,0.0,0.0,0.0,0.0,0.0,0.0,0.0,0.0,0.0,0.0,0.0,0.0,0.0,0.0,0.0,0.0,0.0,0.0,0.0,0.0,0.0,0.0,0.0,0.0,0.0,0.0,0.0,0.0,0.0,0.0,0.0,1.0
88ad3619adfffff,0.0,0.0,0.0,0.0,0.0,0.0,0.0,0.0,0.0,0.0,0.0,0.0,0.0,0.0,0.0,0.0,0.0,0.0,0.0,0.0,0.0,0.0,0.0,1.0,0.0,0.0,1.0,0.0,1.0,0.0,0.0,0.0,0.0,0.0,0.0,0.0,0.0,0.0,0.0,0.0,0.0,1.0,1.0,0.0,0.0,0.0,0.0,0.0,0.0,0.0,0.0,0.0,0.0
88ad3619b3fffff,0.0,0.0,0.0,0.0,0.0,0.0,0.0,0.0,0.0,0.0,0.0,0.0,0.0,0.0,0.0,1.0,0.0,0.0,0.0,0.0,0.0,0.0,1.0,0.0,0.0,0.0,0.0,0.0,0.0,0.0,0.0,0.0,0.0,0.0,0.0,0.0,0.0,0.0,1.0,1.0,0.0,0.0,0.0,0.0,0.0,0.0,0.0,0.0,0.0,1.0,2.0,0.0,0.0
88ad3619c1fffff,0.0,10.0,7.0,7.0,8.0,2.0,1.0,10.0,4.0,12.0,8.0,7.0,5.0,9.0,3.0,4.0,2.0,7.0,7.0,4.0,1.0,0.0,4.0,3.0,5.0,8.0,18.0,9.0,4.0,4.0,4.0,6.0,16.0,7.0,5.0,9.0,11.0,8.0,3.0,9.0,11.0,13.0,4.0,7.0,5.0,18.0,3.0,7.0,8.0,9.0,8.0,1.0,8.0
88ad3619c3fffff,5.0,6.0,3.0,8.0,1.0,9.0,11.0,21.0,6.0,8.0,3.0,6.0,5.0,10.0,0.0,0.0,1.0,4.0,2.0,1.0,5.0,2.0,9.0,2.0,3.0,5.0,12.0,15.0,7.0,7.0,4.0,5.0,8.0,5.0,10.0,3.0,4.0,6.0,1.0,15.0,21.0,8.0,8.0,13.0,11.0,7.0,3.0,14.0,4.0,6.0,5.0,7.0,2.0
88ad3619c5fffff,7.0,11.0,7.0,9.0,15.0,9.0,7.0,16.0,12.0,12.0,9.0,5.0,7.0,9.0,9.0,8.0,7.0,7.0,4.0,2.0,8.0,3.0,8.0,8.0,5.0,22.0,10.0,14.0,12.0,11.0,7.0,0.0,7.0,5.0,11.0,12.0,9.0,3.0,1.0,3.0,8.0,5.0,7.0,11.0,8.0,8.0,41.0,12.0,10.0,11.0,10.0,4.0,3.0
88ad3619c7fffff,0.0,3.0,2.0,2.0,3.0,2.0,8.0,4.0,11.0,1.0,3.0,2.0,0.0,2.0,2.0,1.0,5.0,0.0,0.0,1.0,3.0,0.0,4.0,2.0,4.0,4.0,7.0,5.0,2.0,1.0,1.0,3.0,4.0,1.0,1.0,2.0,4.0,2.0,1.0,2.0,5.0,3.0,1.0,3.0,2.0,1.0,4.0,2.0,4.0,1.0,1.0,3.0,3.0
88ad3619c9fffff,0.0,8.0,7.0,7.0,2.0,11.0,14.0,21.0,6.0,13.0,14.0,4.0,4.0,4.0,3.0,1.0,2.0,2.0,5.0,2.0,3.0,2.0,1.0,3.0,8.0,11.0,7.0,4.0,13.0,6.0,6.0,0.0,6.0,3.0,1.0,5.0,5.0,4.0,5.0,1.0,3.0,3.0,2.0,7.0,3.0,14.0,5.0,0.0,3.0,6.0,3.0,2.0,1.0
88ad3619cbfffff,3.0,7.0,6.0,10.0,4.0,7.0,11.0,47.0,8.0,9.0,9.0,7.0,16.0,12.0,5.0,1.0,0.0,1.0,4.0,6.0,7.0,4.0,12.0,6.0,3.0,4.0,17.0,13.0,5.0,10.0,16.0,4.0,4.0,8.0,2.0,12.0,10.0,5.0,4.0,5.0,19.0,15.0,8.0,9.0,8.0,9.0,6.0,12.0,5.0,5.0,7.0,5.0,5.0
88ad3619cdfffff,3.0,16.0,2.0,5.0,8.0,11.0,12.0,26.0,11.0,11.0,8.0,8.0,10.0,9.0,1.0,7.0,0.0,1.0,6.0,1.0,4.0,5.0,8.0,5.0,5.0,3.0,8.0,9.0,14.0,4.0,7.0,11.0,8.0,12.0,4.0,8.0,12.0,9.0,4.0,3.0,8.0,5.0,9.0,7.0,5.0,11.0,5.0,13.0,9.0,11.0,6.0,3.0,5.0
88ad3619d1fffff,2.0,8.0,3.0,6.0,9.0,8.0,3.0,14.0,6.0,6.0,4.0,8.0,8.0,6.0,2.0,4.0,1.0,5.0,4.0,5.0,8.0,5.0,3.0,8.0,3.0,7.0,3.0,8.0,20.0,7.0,10.0,9.0,6.0,10.0,2.0,12.0,13.0,12.0,5.0,5.0,9.0,7.0,9.0,2.0,3.0,4.0,8.0,7.0,9.0,12.0,16.0,4.0,15.0
88ad3619d3fffff,0.0,11.0,8.0,8.0,3.0,3.0,5.0,12.0,4.0,9.0,5.0,3.0,1.0,4.0,3.0,1.0,3.0,2.0,1.0,2.0,3.0,3.0,5.0,3.0,2.0,2.0,3.0,3.0,5.0,14.0,14.0,10.0,4.0,6.0,11.0,4.0,6.0,10.0,1.0,3.0,1.0,6.0,4.0,3.0,9.0,3.0,1.0,3.0,3.0,5.0,4.0,4.0,1.0
88ad3619d5fffff,1.0,1.0,3.0,0.0,3.0,5.0,6.0,11.0,7.0,4.0,8.0,9.0,7.0,6.0,8.0,2.0,6.0,2.0,1.0,1.0,3.0,1.0,10.0,9.0,3.0,7.0,6.0,14.0,4.0,6.0,5.0,16.0,6.0,2.0,10.0,5.0,14.0,14.0,6.0,7.0,9.0,8.0,8.0,7.0,10.0,4.0,2.0,18.0,13.0,3.0,5.0,0.0,2.0
88ad3619d7fffff,2.0,0.0,10.0,6.0,9.0,11.0,1.0,10.0,11.0,10.0,7.0,3.0,3.0,5.0,1.0,5.0,1.0,5.0,3.0,2.0,3.0,2.0,6.0,4.0,3.0,6.0,4.0,8.0,3.0,12.0,4.0,15.0,1.0,3.0,5.0,5.0,7.0,5.0,2.0,4.0,14.0,5.0,1.0,13.0,3.0,3.0,3.0,9.0,8.0,5.0,7.0,4.0,2.0
88ad3619d9fffff,2.0,17.0,17.0,13.0,8.0,12.0,10.0,78.0,19.0,12.0,13.0,13.0,3.0,5.0,7.0,5.0,7.0,4.0,12.0,4.0,6.0,5.0,6.0,13.0,9.0,10.0,4.0,11.0,2.0,18.0,17.0,16.0,10.0,12.0,13.0,11.0,8.0,9.0,10.0,14.0,22.0,23.0,11.0,12.0,11.0,10.0,8.0,21.0,11.0,8.0,16.0,9.0,10.0
88ad3619dbfffff,2.0,14.0,12.0,15.0,13.0,7.0,3.0,6.0,9.0,9.0,21.0,9.0,7.0,3.0,4.0,2.0,0.0,4.0,1.0,2.0,5.0,3.0,7.0,2.0,3.0,6.0,10.0,11.0,13.0,8.0,8.0,23.0,13.0,11.0,9.0,7.0,10.0,7.0,7.0,7.0,13.0,17.0,14.0,10.0,7.0,5.0,7.0,11.0,8.0,10.0,11.0,2.0,4.0
88ad3619ddfffff,0.0,7.0,13.0,9.0,7.0,19.0,6.0,16.0,6.0,6.0,10.0,9.0,3.0,5.0,2.0,2.0,0.0,1.0,9.0,1.0,5.0,4.0,8.0,3.0,8.0,6.0,5.0,12.0,4.0,3.0,7.0,17.0,7.0,4.0,7.0,4.0,14.0,3.0,11.0,15.0,16.0,19.0,7.0,8.0,18.0,6.0,9.0,17.0,15.0,15.0,9.0,11.0,8.0
88ad3619e1fffff,0.0,0.0,0.0,0.0,0.0,0.0,0.0,0.0,0.0,0.0,0.0,0.0,0.0,0.0,0.0,0.0,0.0,0.0,0.0,0.0,0.0,0.0,0.0,0.0,0.0,0.0,0.0,0.0,0.0,0.0,0.0,0.0,0.0,0.0,0.0,1.0,0.0,0.0,0.0,0.0,0.0,0.0,0.0,0.0,0.0,0.0,0.0,0.0,0.0,0.0,0.0,0.0,0.0
88ad3619e3fffff,0.0,0.0,0.0,0.0,0.0,0.0,0.0,0.0,0.0,0.0,0.0,0.0,0.0,0.0,0.0,0.0,0.0,0.0,0.0,0.0,1.0,0.0,0.0,0.0,0.0,0.0,0.0,0.0,1.0,0.0,0.0,0.0,0.0,0.0,0.0,0.0,1.0,0.0,0.0,0.0,0.0,0.0,0.0,0.0,1.0,1.0,0.0,0.0,0.0,0.0,0.0,0.0,0.0
88ad3619e5fffff,0.0,1.0,0.0,0.0,0.0,0.0,0.0,0.0,0.0,0.0,0.0,0.0,0.0,0.0,0.0,0.0,0.0,0.0,0.0,0.0,0.0,0.0,0.0,0.0,0.0,0.0,0.0,0.0,0.0,0.0,0.0,0.0,0.0,0.0,0.0,0.0,0.0,1.0,0.0,0.0,0.0,0.0,0.0,0.0,0.0,0.0,0.0,0.0,0.0,0.0,0.0,0.0,0.0
88ad3619e9fffff,1.0,2.0,1.0,3.0,2.0,1.0,3.0,5.0,0.0,0.0,0.0,1.0,0.0,0.0,2.0,3.0,0.0,1.0,0.0,0.0,0.0,0.0,1.0,2.0,2.0,3.0,0.0,5.0,2.0,0.0,2.0,0.0,2.0,3.0,1.0,2.0,3.0,1.0,1.0,1.0,0.0,2.0,3.0,3.0,1.0,1.0,1.0,2.0,0.0,1.0,1.0,1.0,2.0
88ad3619ebfffff,0.0,2.0,0.0,7.0,3.0,1.0,8.0,8.0,3.0,8.0,3.0,4.0,1.0,2.0,0.0,0.0,0.0,0.0,2.0,0.0,1.0,0.0,1.0,3.0,4.0,10.0,2.0,0.0,0.0,0.0,2.0,4.0,1.0,3.0,1.0,2.0,3.0,5.0,0.0,1.0,0.0,2.0,9.0,1.0,1.0,3.0,5.0,2.0,3.0,3.0,0.0,0.0,1.0
88ad3619edfffff,0.0,0.0,1.0,0.0,1.0,0.0,0.0,0.0,0.0,0.0,0.0,0.0,0.0,0.0,0.0,0.0,0.0,0.0,0.0,1.0,0.0,0.0,0.0,0.0,0.0,0.0,0.0,0.0,0.0,0.0,0.0,0.0,0.0,0.0,0.0,0.0,0.0,1.0,0.0,0.0,0.0,0.0,1.0,0.0,0.0,0.0,0.0,0.0,0.0,0.0,0.0,0.0,0.0
88ad361a01fffff,5.0,7.0,13.0,12.0,8.0,8.0,2.0,3.0,7.0,10.0,4.0,7.0,3.0,3.0,3.0,1.0,3.0,3.0,3.0,7.0,5.0,8.0,11.0,7.0,8.0,4.0,15.0,13.0,4.0,6.0,3.0,9.0,4.0,8.0,8.0,11.0,8.0,21.0,7.0,9.0,8.0,7.0,6.0,6.0,6.0,9.0,16.0,5.0,13.0,27.0,6.0,4.0,5.0
88ad361a03fffff,2.0,10.0,5.0,12.0,17.0,8.0,7.0,7.0,12.0,18.0,5.0,8.0,5.0,2.0,6.0,10.0,4.0,9.0,3.0,9.0,7.0,4.0,7.0,14.0,7.0,3.0,4.0,8.0,7.0,3.0,5.0,8.0,5.0,7.0,5.0,6.0,9.0,11.0,2.0,11.0,9.0,12.0,11.0,8.0,10.0,7.0,6.0,8.0,32.0,25.0,69.0,8.0,5.0
88ad361a05fffff,0.0,0.0,0.0,2.0,2.0,0.0,0.0,0.0,0.0,0.0,0.0,1.0,0.0,0.0,0.0,0.0,0.0,1.0,0.0,0.0,1.0,1.0,1.0,0.0,0.0,0.0,0.0,1.0,0.0,1.0,1.0,0.0,1.0,0.0,0.0,0.0,0.0,0.0,2.0,1.0,1.0,3.0,1.0,0.0,0.0,0.0,0.0,0.0,1.0,1.0,0.0,0.0,1.0
88ad361a07fffff,0.0,7.0,1.0,5.0,5.0,4.0,7.0,5.0,4.0,6.0,2.0,2.0,0.0,2.0,2.0,3.0,4.0,1.0,0.0,2.0,3.0,1.0,5.0,3.0,3.0,3.0,3.0,5.0,4.0,1.0,4.0,0.0,0.0,4.0,3.0,3.0,3.0,2.0,3.0,3.0,2.0,4.0,4.0,5.0,4.0,2.0,4.0,3.0,2.0,7.0,38.0,4.0,1.0
88ad361a09fffff,2.0,4.0,2.0,1.0,2.0,6.0,6.0,2.0,7.0,3.0,4.0,3.0,2.0,1.0,3.0,3.0,2.0,5.0,5.0,7.0,3.0,2.0,3.0,6.0,4.0,13.0,4.0,5.0,6.0,15.0,6.0,8.0,4.0,6.0,3.0,4.0,9.0,5.0,3.0,5.0,7.0,3.0,5.0,3.0,4.0,9.0,2.0,3.0,6.0,3.0,2.0,4.0,3.0
88ad361a0bfffff,6.0,10.0,21.0,6.0,8.0,13.0,10.0,9.0,11.0,14.0,11.0,12.0,9.0,7.0,2.0,4.0,14.0,3.0,3.0,3.0,3.0,12.0,6.0,13.0,6.0,10.0,6.0,10.0,11.0,3.0,12.0,5.0,8.0,12.0,3.0,5.0,6.0,12.0,9.0,9.0,10.0,10.0,9.0,6.0,10.0,18.0,8.0,10.0,19.0,7.0,7.0,2.0,3.0
88ad361a0dfffff,3.0,5.0,7.0,2.0,5.0,6.0,4.0,4.0,6.0,6.0,8.0,12.0,5.0,1.0,4.0,5.0,4.0,4.0,3.0,4.0,5.0,5.0,16.0,8.0,5.0,5.0,6.0,17.0,2.0,3.0,4.0,8.0,3.0,3.0,3.0,1.0,3.0,9.0,1.0,5.0,8.0,8.0,2.0,11.0,9.0,7.0,11.0,15.0,6.0,6.0,4.0,6.0,9.0
88ad361a11fffff,7.0,15.0,14.0,13.0,17.0,12.0,23.0,9.0,9.0,12.0,15.0,20.0,6.0,5.0,7.0,3.0,3.0,3.0,9.0,8.0,4.0,9.0,13.0,12.0,7.0,9.0,24.0,10.0,10.0,12.0,22.0,9.0,5.0,23.0,11.0,9.0,21.0,7.0,5.0,7.0,16.0,11.0,24.0,7.0,8.0,15.0,15.0,13.0,10.0,19.0,5.0,16.0,5.0
88ad361a13fffff,1.0,4.0,8.0,6.0,6.0,14.0,4.0,13.0,8.0,15.0,10.0,3.0,2.0,3.0,5.0,2.0,1.0,2.0,0.0,4.0,2.0,4.0,3.0,4.0,5.0,6.0,4.0,8.0,10.0,8.0,8.0,12.0,8.0,6.0,8.0,20.0,9.0,12.0,2.0,6.0,8.0,8.0,4.0,11.0,4.0,16.0,11.0,7.0,2.0,7.0,2.0,2.0,2.0
88ad361a15fffff,3.0,0.0,2.0,2.0,10.0,6.0,2.0,7.0,12.0,11.0,4.0,2.0,0.0,2.0,1.0,1.0,7.0,1.0,4.0,1.0,3.0,3.0,4.0,4.0,3.0,4.0,7.0,3.0,2.0,5.0,4.0,2.0,7.0,6.0,5.0,3.0,9.0,2.0,4.0,6.0,2.0,27.0,14.0,3.0,3.0,3.0,8.0,4.0,4.0,4.0,1.0,22.0,0.0
88ad361a17fffff,7.0,8.0,12.0,5.0,12.0,4.0,8.0,10.0,5.0,3.0,3.0,4.0,3.0,2.0,4.0,3.0,0.0,1.0,3.0,1.0,3.0,7.0,1.0,5.0,3.0,7.0,4.0,7.0,20.0,6.0,7.0,4.0,14.0,5.0,17.0,12.0,8.0,9.0,3.0,3.0,9.0,9.0,20.0,8.0,6.0,4.0,26.0,1.0,9.0,8.0,4.0,4.0,10.0
88ad361a19fffff,3.0,7.0,10.0,10.0,0.0,7.0,7.0,7.0,12.0,5.0,8.0,9.0,5.0,1.0,3.0,2.0,6.0,2.0,5.0,5.0,0.0,6.0,6.0,6.0,7.0,2.0,3.0,11.0,6.0,6.0,6.0,6.0,5.0,3.0,5.0,11.0,10.0,14.0,8.0,12.0,31.0,21.0,12.0,16.0,15.0,20.0,5.0,9.0,13.0,10.0,9.0,1.0,1.0
88ad361a1bfffff,7.0,19.0,29.0,21.0,13.0,17.0,14.0,11.0,15.0,17.0,12.0,12.0,19.0,18.0,8.0,7.0,6.0,15.0,11.0,15.0,12.0,13.0,7.0,12.0,2.0,13.0,11.0,11.0,21.0,23.0,12.0,20.0,11.0,9.0,16.0,48.0,26.0,18.0,19.0,36.0,30.0,19.0,26.0,33.0,36.0,25.0,14.0,31.0,28.0,18.0,13.0,7.0,3.0
88ad361a1dfffff,2.0,18.0,8.0,8.0,5.0,13.0,7.0,10.0,11.0,6.0,8.0,8.0,8.0,2.0,4.0,5.0,5.0,0.0,3.0,3.0,6.0,6.0,3.0,9.0,8.0,7.0,17.0,5.0,21.0,6.0,8.0,15.0,4.0,14.0,10.0,9.0,12.0,9.0,4.0,10.0,16.0,12.0,10.0,13.0,12.0,6.0,7.0,13.0,13.0,69.0,42.0,6.0,16.0
88ad361a21fffff,1.0,15.0,13.0,32.0,7.0,10.0,5.0,10.0,8.0,16.0,12.0,3.0,1.0,7.0,3.0,7.0,2.0,7.0,5.0,7.0,7.0,17.0,20.0,7.0,6.0,9.0,11.0,10.0,5.0,11.0,7.0,26.0,4.0,6.0,11.0,6.0,15.0,14.0,6.0,13.0,8.0,11.0,13.0,12.0,15.0,8.0,6.0,14.0,12.0,16.0,6.0,8.0,12.0
88ad361a23fffff,12.0,11.0,12.0,13.0,4.0,9.0,11.0,15.0,7.0,12.0,12.0,5.0,12.0,4.0,1.0,3.0,4.0,14.0,1.0,7.0,5.0,8.0,9.0,11.0,5.0,5.0,4.0,2.0,7.0,10.0,5.0,10.0,5.0,9.0,5.0,9.0,11.0,15.0,8.0,15.0,11.0,13.0,8.0,4.0,10.0,9.0,8.0,9.0,5.0,106.0,154.0,5.0,4.0
88ad361a25fffff,12.0,5.0,12.0,15.0,9.0,8.0,5.0,8.0,14.0,20.0,12.0,18.0,13.0,13.0,6.0,6.0,3.0,7.0,4.0,7.0,3.0,6.0,26.0,9.0,1.0,6.0,10.0,7.0,10.0,18.0,18.0,18.0,10.0,12.0,14.0,8.0,19.0,10.0,11.0,10.0,12.0,10.0,9.0,11.0,15.0,14.0,11.0,9.0,11.0,12.0,7.0,17.0,4.0
88ad361a27fffff,4.0,10.0,9.0,13.0,10.0,11.0,19.0,9.0,17.0,19.0,10.0,9.0,4.0,0.0,1.0,3.0,1.0,21.0,10.0,3.0,9.0,9.0,19.0,6.0,13.0,16.0,12.0,13.0,4.0,10.0,10.0,15.0,4.0,5.0,8.0,16.0,10.0,11.0,5.0,8.0,9.0,9.0,8.0,13.0,8.0,3.0,6.0,10.0,9.0,11.0,14.0,10.0,8.0
88ad361a29fffff,0.0,1.0,2.0,4.0,1.0,1.0,4.0,3.0,3.0,3.0,1.0,12.0,1.0,0.0,0.0,1.0,0.0,0.0,2.0,0.0,1.0,2.0,1.0,1.0,2.0,0.0,5.0,1.0,0.0,2.0,0.0,6.0,1.0,1.0,2.0,1.0,1.0,5.0,2.0,6.0,1.0,2.0,5.0,2.0,2.0,5.0,3.0,2.0,4.0,2.0,0.0,0.0,0.0
88ad361a2bfffff,4.0,6.0,13.0,5.0,8.0,10.0,10.0,10.0,10.0,5.0,9.0,5.0,6.0,2.0,4.0,4.0,5.0,6.0,4.0,3.0,2.0,2.0,15.0,3.0,9.0,4.0,9.0,8.0,1.0,6.0,3.0,8.0,6.0,10.0,8.0,10.0,20.0,3.0,1.0,8.0,2.0,11.0,8.0,8.0,3.0,5.0,11.0,11.0,10.0,204.0,54.0,8.0,4.0
88ad361a2dfffff,2.0,5.0,4.0,4.0,0.0,1.0,1.0,1.0,2.0,6.0,4.0,3.0,3.0,2.0,0.0,1.0,0.0,1.0,0.0,5.0,1.0,1.0,5.0,3.0,1.0,2.0,2.0,2.0,2.0,3.0,1.0,4.0,1.0,1.0,1.0,1.0,2.0,10.0,8.0,4.0,4.0,0.0,1.0,5.0,9.0,3.0,2.0,2.0,2.0,4.0,1.0,1.0,3.0
88ad361a31fffff,2.0,3.0,7.0,2.0,8.0,3.0,3.0,1.0,0.0,4.0,3.0,6.0,0.0,0.0,5.0,1.0,0.0,0.0,0.0,0.0,1.0,1.0,3.0,0.0,4.0,6.0,7.0,4.0,6.0,2.0,4.0,8.0,4.0,4.0,4.0,2.0,1.0,5.0,1.0,7.0,5.0,7.0,3.0,8.0,5.0,5.0,3.0,0.0,24.0,3.0,1.0,2.0,2.0
88ad361a33fffff,1.0,20.0,21.0,13.0,14.0,8.0,12.0,9.0,7.0,8.0,18.0,12.0,10.0,0.0,8.0,7.0,5.0,4.0,7.0,7.0,8.0,7.0,13.0,11.0,8.0,8.0,13.0,15.0,10.0,13.0,12.0,6.0,15.0,14.0,7.0,11.0,8.0,11.0,12.0,10.0,15.0,19.0,22.0,19.0,21.0,8.0,9.0,8.0,11.0,15.0,5.0,2.0,4.0
88ad361a35fffff,0.0,3.0,0.0,1.0,0.0,2.0,0.0,0.0,0.0,0.0,2.0,3.0,0.0,1.0,0.0,1.0,2.0,0.0,4.0,3.0,4.0,0.0,2.0,0.0,1.0,1.0,1.0,2.0,0.0,0.0,2.0,2.0,1.0,1.0,3.0,0.0,1.0,1.0,2.0,5.0,3.0,1.0,0.0,1.0,3.0,4.0,0.0,0.0,1.0,1.0,1.0,0.0,0.0
88ad361a37fffff,2.0,8.0,21.0,8.0,5.0,8.0,7.0,6.0,9.0,7.0,8.0,8.0,3.0,8.0,3.0,2.0,2.0,2.0,3.0,3.0,5.0,7.0,13.0,8.0,6.0,3.0,11.0,9.0,8.0,17.0,28.0,8.0,11.0,8.0,5.0,5.0,18.0,8.0,12.0,16.0,8.0,11.0,16.0,14.0,13.0,16.0,11.0,27.0,10.0,16.0,6.0,6.0,3.0
88ad361a39fffff,0.0,3.0,1.0,0.0,4.0,2.0,2.0,5.0,6.0,0.0,2.0,2.0,0.0,1.0,1.0,2.0,4.0,0.0,0.0,1.0,0.0,0.0,1.0,0.0,0.0,0.0,3.0,5.0,2.0,2.0,2.0,1.0,1.0,3.0,1.0,3.0,3.0,1.0,0.0,4.0,2.0,5.0,3.0,2.0,2.0,1.0,1.0,3.0,5.0,0.0,2.0,1.0,0.0
88ad361a3bfffff,6.0,1.0,4.0,8.0,10.0,11.0,4.0,8.0,12.0,8.0,17.0,8.0,6.0,6.0,2.0,0.0,2.0,0.0,10.0,4.0,5.0,13.0,5.0,6.0,3.0,5.0,12.0,17.0,4.0,10.0,14.0,6.0,4.0,8.0,4.0,8.0,11.0,11.0,6.0,3.0,9.0,11.0,14.0,7.0,8.0,7.0,6.0,2.0,7.0,3.0,3.0,1.0,1.0
88ad361a3dfffff,2.0,2.0,6.0,4.0,2.0,3.0,4.0,3.0,3.0,2.0,3.0,2.0,1.0,1.0,1.0,1.0,0.0,0.0,0.0,4.0,1.0,2.0,4.0,2.0,2.0,0.0,1.0,4.0,6.0,5.0,0.0,0.0,2.0,2.0,2.0,2.0,1.0,3.0,2.0,2.0,5.0,4.0,2.0,1.0,1.0,2.0,6.0,3.0,6.0,70.0,18.0,0.0,0.0
88ad361a41fffff,4.0,9.0,12.0,8.0,5.0,2.0,8.0,5.0,15.0,10.0,16.0,8.0,3.0,2.0,1.0,6.0,0.0,4.0,5.0,6.0,2.0,2.0,8.0,4.0,4.0,8.0,13.0,9.0,8.0,5.0,3.0,6.0,6.0,3.0,4.0,11.0,5.0,10.0,6.0,6.0,15.0,9.0,10.0,8.0,14.0,22.0,13.0,10.0,8.0,14.0,7.0,8.0,0.0
88ad361a43fffff,0.0,7.0,8.0,9.0,7.0,7.0,5.0,6.0,6.0,8.0,8.0,11.0,6.0,4.0,1.0,4.0,1.0,2.0,3.0,14.0,1.0,6.0,6.0,10.0,6.0,22.0,5.0,11.0,8.0,3.0,6.0,6.0,6.0,8.0,17.0,7.0,10.0,7.0,10.0,3.0,26.0,4.0,6.0,13.0,8.0,27.0,11.0,10.0,1.0,2.0,4.0,6.0,3.0
88ad361a45fffff,4.0,8.0,5.0,9.0,2.0,2.0,3.0,3.0,5.0,4.0,8.0,8.0,3.0,2.0,1.0,5.0,0.0,3.0,0.0,2.0,4.0,4.0,3.0,7.0,5.0,4.0,3.0,6.0,4.0,4.0,2.0,4.0,1.0,5.0,7.0,6.0,3.0,9.0,5.0,4.0,10.0,3.0,4.0,5.0,11.0,7.0,14.0,3.0,3.0,6.0,0.0,20.0,1.0
88ad361a47fffff,1.0,7.0,1.0,9.0,5.0,4.0,3.0,9.0,4.0,12.0,8.0,5.0,5.0,4.0,6.0,3.0,3.0,3.0,7.0,3.0,11.0,4.0,6.0,6.0,16.0,10.0,8.0,13.0,8.0,6.0,3.0,7.0,6.0,5.0,11.0,8.0,9.0,5.0,5.0,5.0,20.0,11.0,7.0,8.0,5.0,14.0,9.0,7.0,16.0,6.0,11.0,5.0,2.0
88ad361a49fffff,8.0,15.0,10.0,9.0,13.0,14.0,9.0,5.0,15.0,10.0,15.0,13.0,6.0,2.0,4.0,5.0,3.0,6.0,7.0,6.0,6.0,4.0,6.0,14.0,8.0,11.0,4.0,11.0,9.0,6.0,6.0,12.0,20.0,13.0,4.0,2.0,9.0,8.0,8.0,13.0,9.0,17.0,11.0,15.0,9.0,21.0,17.0,13.0,13.0,13.0,10.0,14.0,4.0
88ad361a4bfffff,6.0,7.0,9.0,9.0,7.0,7.0,11.0,9.0,8.0,5.0,10.0,10.0,0.0,3.0,5.0,0.0,3.0,6.0,2.0,4.0,2.0,8.0,4.0,2.0,8.0,6.0,5.0,9.0,7.0,5.0,2.0,5.0,2.0,8.0,5.0,2.0,6.0,1.0,3.0,8.0,8.0,1.0,8.0,8.0,6.0,5.0,14.0,12.0,6.0,4.0,8.0,5.0,1.0
88ad361a4dfffff,8.0,13.0,3.0,15.0,4.0,7.0,10.0,6.0,13.0,10.0,21.0,11.0,4.0,5.0,3.0,7.0,3.0,5.0,2.0,4.0,16.0,4.0,5.0,14.0,14.0,17.0,6.0,13.0,18.0,12.0,7.0,13.0,8.0,9.0,6.0,6.0,14.0,4.0,10.0,13.0,17.0,15.0,23.0,12.0,21.0,23.0,16.0,13.0,13.0,17.0,10.0,12.0,7.0
88ad361a51fffff,5.0,27.0,5.0,11.0,7.0,12.0,19.0,14.0,21.0,22.0,18.0,10.0,8.0,7.0,7.0,7.0,10.0,8.0,6.0,11.0,9.0,12.0,10.0,7.0,15.0,7.0,9.0,19.0,5.0,7.0,8.0,16.0,11.0,11.0,11.0,13.0,17.0,16.0,12.0,9.0,20.0,29.0,10.0,15.0,19.0,16.0,9.0,8.0,11.0,8.0,12.0,5.0,6.0
88ad361a53fffff,0.0,0.0,1.0,0.0,0.0,0.0,0.0,0.0,1.0,2.0,0.0,0.0,2.0,0.0,1.0,0.0,0.0,3.0,1.0,0.0,0.0,0.0,1.0,0.0,4.0,0.0,1.0,0.0,1.0,1.0,0.0,2.0,3.0,1.0,1.0,1.0,8.0,1.0,0.0,3.0,1.0,3.0,2.0,6.0,3.0,1.0,2.0,0.0,2.0,0.0,1.0,1.0,4.0
88ad361a55fffff,4.0,7.0,7.0,22.0,10.0,9.0,13.0,13.0,12.0,6.0,10.0,5.0,6.0,6.0,3.0,4.0,18.0,4.0,2.0,9.0,12.0,9.0,12.0,13.0,13.0,11.0,9.0,14.0,25.0,10.0,7.0,13.0,9.0,10.0,14.0,22.0,13.0,8.0,5.0,11.0,9.0,10.0,10.0,5.0,12.0,10.0,8.0,7.0,8.0,6.0,5.0,10.0,0.0
88ad361a57fffff,2.0,12.0,21.0,6.0,9.0,8.0,8.0,9.0,11.0,11.0,12.0,6.0,10.0,4.0,6.0,4.0,14.0,4.0,2.0,6.0,6.0,5.0,9.0,13.0,13.0,7.0,7.0,2.0,14.0,5.0,4.0,11.0,7.0,5.0,9.0,4.0,9.0,7.0,10.0,13.0,11.0,5.0,18.0,9.0,11.0,12.0,10.0,5.0,13.0,12.0,9.0,12.0,10.0
88ad361a59fffff,10.0,12.0,19.0,13.0,17.0,10.0,16.0,15.0,14.0,13.0,13.0,10.0,9.0,8.0,4.0,6.0,3.0,3.0,2.0,10.0,5.0,5.0,9.0,6.0,12.0,15.0,12.0,15.0,15.0,5.0,17.0,15.0,8.0,17.0,15.0,17.0,12.0,8.0,10.0,23.0,12.0,18.0,21.0,18.0,24.0,7.0,20.0,17.0,18.0,17.0,9.0,13.0,12.0
88ad361a5bfffff,5.0,16.0,13.0,17.0,9.0,9.0,16.0,13.0,13.0,8.0,13.0,13.0,9.0,7.0,7.0,14.0,2.0,3.0,4.0,6.0,2.0,2.0,4.0,9.0,0.0,15.0,4.0,19.0,4.0,5.0,10.0,13.0,9.0,5.0,10.0,7.0,4.0,9.0,8.0,12.0,5.0,21.0,7.0,4.0,13.0,10.0,12.0,16.0,10.0,10.0,8.0,10.0,3.0
88ad361a5dfffff,2.0,8.0,4.0,13.0,4.0,5.0,12.0,5.0,28.0,4.0,16.0,11.0,4.0,0.0,3.0,4.0,10.0,8.0,4.0,5.0,5.0,9.0,9.0,7.0,10.0,12.0,5.0,10.0,12.0,6.0,14.0,19.0,6.0,8.0,9.0,12.0,7.0,9.0,4.0,8.0,7.0,10.0,6.0,5.0,6.0,15.0,4.0,11.0,10.0,6.0,7.0,14.0,5.0
88ad361a61fffff,0.0,0.0,0.0,0.0,0.0,0.0,0.0,0.0,0.0,0.0,0.0,0.0,0.0,0.0,0.0,0.0,0.0,0.0,0.0,0.0,0.0,0.0,0.0,0.0,0.0,0.0,0.0,0.0,0.0,0.0,0.0,0.0,0.0,0.0,1.0,0.0,0.0,0.0,0.0,0.0,0.0,0.0,0.0,0.0,0.0,0.0,0.0,0.0,0.0,0.0,0.0,0.0,0.0
88ad361a63fffff,0.0,0.0,0.0,2.0,1.0,0.0,1.0,0.0,1.0,8.0,0.0,2.0,0.0,1.0,0.0,0.0,0.0,0.0,0.0,0.0,0.0,0.0,2.0,1.0,1.0,1.0,1.0,4.0,0.0,0.0,0.0,1.0,1.0,0.0,0.0,1.0,1.0,3.0,1.0,1.0,1.0,1.0,0.0,2.0,0.0,0.0,2.0,0.0,0.0,0.0,0.0,0.0,0.0
88ad361a67fffff,0.0,0.0,0.0,0.0,0.0,0.0,0.0,0.0,0.0,0.0,0.0,0.0,0.0,0.0,0.0,0.0,0.0,0.0,0.0,0.0,0.0,0.0,0.0,0.0,0.0,0.0,0.0,0.0,0.0,0.0,0.0,0.0,0.0,0.0,0.0,0.0,0.0,0.0,0.0,1.0,0.0,0.0,0.0,0.0,0.0,0.0,0.0,0.0,0.0,0.0,0.0,0.0,0.0
88ad361a69fffff,0.0,1.0,0.0,0.0,0.0,0.0,0.0,0.0,0.0,0.0,0.0,0.0,0.0,0.0,0.0,0.0,0.0,0.0,0.0,0.0,0.0,0.0,0.0,0.0,0.0,0.0,0.0,0.0,1.0,0.0,0.0,0.0,0.0,0.0,0.0,0.0,0.0,0.0,0.0,0.0,2.0,1.0,1.0,0.0,0.0,0.0,0.0,0.0,0.0,0.0,0.0,0.0,0.0
88ad361a6bfffff,0.0,0.0,4.0,2.0,2.0,8.0,2.0,2.0,9.0,1.0,3.0,7.0,2.0,0.0,0.0,6.0,3.0,1.0,0.0,0.0,0.0,1.0,3.0,2.0,2.0,3.0,0.0,6.0,1.0,1.0,0.0,0.0,3.0,2.0,1.0,4.0,3.0,3.0,4.0,3.0,0.0,2.0,4.0,3.0,7.0,4.0,3.0,8.0,2.0,4.0,4.0,0.0,0.0
88ad361a81fffff,3.0,25.0,10.0,18.0,4.0,8.0,8.0,3.0,12.0,13.0,15.0,6.0,15.0,15.0,1.0,7.0,2.0,4.0,3.0,14.0,27.0,2.0,13.0,9.0,11.0,11.0,5.0,11.0,7.0,9.0,9.0,12.0,14.0,8.0,7.0,20.0,13.0,11.0,16.0,18.0,17.0,29.0,19.0,17.0,22.0,14.0,6.0,11.0,16.0,16.0,16.0,4.0,4.0
88ad361a83fffff,4.0,17.0,20.0,12.0,6.0,7.0,12.0,9.0,8.0,8.0,15.0,10.0,6.0,2.0,4.0,6.0,6.0,3.0,5.0,1.0,9.0,7.0,3.0,7.0,8.0,27.0,11.0,9.0,2.0,5.0,7.0,4.0,14.0,15.0,7.0,14.0,8.0,14.0,10.0,17.0,6.0,17.0,11.0,11.0,42.0,15.0,10.0,13.0,6.0,13.0,7.0,13.0,5.0
88ad361a85fffff,0.0,2.0,2.0,3.0,4.0,2.0,0.0,0.0,0.0,0.0,1.0,0.0,2.0,0.0,0.0,0.0,0.0,0.0,0.0,0.0,1.0,1.0,1.0,0.0,0.0,0.0,0.0,2.0,1.0,0.0,2.0,1.0,1.0,0.0,2.0,3.0,5.0,1.0,0.0,6.0,0.0,0.0,0.0,2.0,4.0,0.0,0.0,0.0,1.0,0.0,0.0,0.0,0.0
88ad361a87fffff,0.0,10.0,7.0,8.0,1.0,5.0,2.0,5.0,13.0,5.0,2.0,11.0,9.0,10.0,3.0,4.0,1.0,4.0,2.0,1.0,1.0,2.0,2.0,13.0,20.0,8.0,1.0,10.0,7.0,2.0,5.0,3.0,7.0,27.0,10.0,14.0,26.0,14.0,10.0,5.0,5.0,12.0,38.0,11.0,62.0,3.0,13.0,9.0,10.0,9.0,7.0,4.0,1.0
88ad361a89fffff,9.0,33.0,22.0,17.0,9.0,10.0,20.0,20.0,22.0,16.0,13.0,19.0,12.0,17.0,10.0,3.0,4.0,4.0,12.0,9.0,5.0,21.0,19.0,18.0,8.0,17.0,32.0,22.0,47.0,15.0,21.0,19.0,47.0,38.0,32.0,70.0,51.0,22.0,28.0,26.0,26.0,47.0,32.0,33.0,41.0,23.0,38.0,29.0,51.0,61.0,15.0,14.0,8.0
88ad361a8bfffff,12.0,35.0,32.0,10.0,17.0,17.0,12.0,11.0,7.0,8.0,10.0,9.0,5.0,12.0,17.0,1.0,1.0,3.0,5.0,8.0,21.0,7.0,13.0,6.0,1.0,9.0,10.0,8.0,28.0,12.0,26.0,8.0,11.0,9.0,24.0,27.0,15.0,16.0,18.0,17.0,16.0,21.0,15.0,14.0,22.0,15.0,11.0,17.0,16.0,23.0,14.0,10.0,1.0
88ad361a8dfffff,10.0,9.0,9.0,13.0,12.0,14.0,10.0,14.0,10.0,23.0,13.0,16.0,4.0,7.0,6.0,14.0,4.0,2.0,17.0,7.0,9.0,5.0,4.0,11.0,10.0,8.0,8.0,15.0,14.0,11.0,10.0,8.0,11.0,14.0,32.0,11.0,19.0,29.0,10.0,18.0,36.0,24.0,11.0,22.0,28.0,17.0,15.0,9.0,17.0,10.0,5.0,4.0,5.0
88ad361a91fffff,2.0,9.0,5.0,15.0,18.0,7.0,7.0,11.0,8.0,21.0,6.0,11.0,6.0,7.0,6.0,8.0,2.0,0.0,2.0,4.0,2.0,4.0,5.0,2.0,7.0,2.0,2.0,9.0,3.0,8.0,7.0,6.0,8.0,12.0,6.0,3.0,11.0,11.0,10.0,7.0,8.0,6.0,6.0,3.0,5.0,7.0,9.0,5.0,7.0,8.0,2.0,4.0,2.0
88ad361a93fffff,6.0,4.0,12.0,15.0,1.0,10.0,9.0,18.0,16.0,34.0,11.0,7.0,7.0,11.0,5.0,8.0,2.0,2.0,5.0,3.0,9.0,1.0,6.0,5.0,4.0,7.0,7.0,8.0,8.0,5.0,9.0,4.0,5.0,11.0,9.0,8.0,22.0,5.0,4.0,4.0,20.0,9.0,9.0,18.0,13.0,8.0,11.0,13.0,25.0,25.0,1.0,3.0,4.0
88ad361a95fffff,4.0,9.0,6.0,5.0,3.0,4.0,3.0,5.0,6.0,2.0,1.0,1.0,0.0,1.0,0.0,0.0,0.0,0.0,1.0,0.0,2.0,4.0,6.0,3.0,2.0,8.0,5.0,1.0,2.0,1.0,4.0,6.0,4.0,3.0,2.0,5.0,7.0,6.0,1.0,4.0,4.0,5.0,2.0,7.0,6.0,6.0,4.0,6.0,1.0,2.0,4.0,5.0,1.0
88ad361a97fffff,2.0,1.0,0.0,1.0,0.0,0.0,0.0,2.0,1.0,0.0,0.0,1.0,0.0,0.0,0.0,0.0,0.0,0.0,0.0,0.0,0.0,0.0,1.0,0.0,0.0,1.0,0.0,0.0,0.0,0.0,0.0,0.0,0.0,1.0,1.0,0.0,1.0,1.0,0.0,2.0,3.0,2.0,1.0,2.0,4.0,2.0,0.0,1.0,0.0,1.0,0.0,1.0,1.0
88ad361a99fffff,6.0,17.0,15.0,21.0,23.0,5.0,11.0,15.0,4.0,17.0,8.0,8.0,6.0,5.0,7.0,9.0,1.0,2.0,2.0,3.0,11.0,6.0,2.0,4.0,12.0,9.0,8.0,8.0,10.0,17.0,6.0,18.0,7.0,13.0,5.0,14.0,16.0,19.0,8.0,10.0,9.0,15.0,11.0,8.0,24.0,27.0,21.0,15.0,17.0,9.0,9.0,14.0,2.0
88ad361a9bfffff,3.0,19.0,5.0,14.0,23.0,10.0,23.0,8.0,7.0,13.0,4.0,15.0,9.0,4.0,1.0,3.0,7.0,4.0,3.0,9.0,6.0,3.0,4.0,13.0,9.0,10.0,15.0,16.0,14.0,10.0,11.0,12.0,10.0,9.0,7.0,14.0,14.0,28.0,22.0,9.0,5.0,15.0,16.0,16.0,7.0,9.0,5.0,12.0,10.0,9.0,4.0,3.0,6.0
88ad361a9dfffff,4.0,16.0,10.0,8.0,11.0,5.0,12.0,16.0,10.0,10.0,9.0,2.0,8.0,2.0,1.0,2.0,7.0,5.0,7.0,7.0,5.0,2.0,2.0,1.0,7.0,12.0,9.0,2.0,5.0,6.0,6.0,9.0,7.0,5.0,2.0,9.0,6.0,5.0,10.0,6.0,4.0,13.0,5.0,12.0,21.0,5.0,4.0,2.0,7.0,9.0,4.0,9.0,1.0
88ad361aa1fffff,1.0,3.0,7.0,9.0,2.0,5.0,5.0,3.0,4.0,7.0,3.0,1.0,1.0,0.0,2.0,1.0,4.0,0.0,5.0,2.0,4.0,3.0,5.0,1.0,1.0,1.0,6.0,6.0,5.0,6.0,6.0,6.0,3.0,8.0,1.0,2.0,10.0,7.0,3.0,8.0,6.0,2.0,1.0,3.0,10.0,2.0,5.0,4.0,5.0,7.0,5.0,4.0,2.0
88ad361aa3fffff,1.0,8.0,4.0,4.0,4.0,6.0,3.0,7.0,3.0,2.0,5.0,3.0,7.0,1.0,0.0,2.0,3.0,1.0,2.0,1.0,2.0,2.0,3.0,2.0,12.0,10.0,4.0,18.0,8.0,8.0,3.0,4.0,1.0,3.0,8.0,6.0,6.0,9.0,1.0,6.0,7.0,7.0,4.0,4.0,11.0,14.0,10.0,9.0,2.0,1.0,2.0,7.0,2.0
88ad361aa5fffff,1.0,4.0,11.0,7.0,8.0,16.0,5.0,13.0,3.0,3.0,6.0,4.0,12.0,2.0,1.0,2.0,1.0,0.0,3.0,1.0,2.0,7.0,7.0,3.0,3.0,6.0,6.0,16.0,14.0,6.0,5.0,5.0,3.0,9.0,4.0,17.0,14.0,8.0,10.0,8.0,10.0,14.0,16.0,6.0,9.0,6.0,2.0,2.0,7.0,12.0,4.0,12.0,5.0
88ad361aa7fffff,1.0,12.0,8.0,9.0,8.0,2.0,7.0,8.0,4.0,4.0,6.0,10.0,6.0,2.0,0.0,3.0,5.0,1.0,0.0,3.0,8.0,1.0,2.0,3.0,4.0,4.0,27.0,10.0,4.0,14.0,8.0,5.0,7.0,7.0,9.0,8.0,5.0,7.0,7.0,7.0,9.0,11.0,2.0,4.0,11.0,7.0,10.0,7.0,3.0,5.0,7.0,9.0,4.0
88ad361aa9fffff,5.0,5.0,10.0,11.0,10.0,14.0,16.0,9.0,6.0,15.0,6.0,5.0,12.0,1.0,6.0,2.0,3.0,3.0,6.0,2.0,11.0,5.0,6.0,2.0,1.0,2.0,7.0,11.0,6.0,4.0,6.0,9.0,4.0,10.0,4.0,9.0,7.0,12.0,6.0,10.0,5.0,9.0,8.0,8.0,7.0,16.0,8.0,6.0,5.0,2.0,0.0,2.0,1.0
88ad361aabfffff,2.0,2.0,8.0,5.0,0.0,6.0,4.0,4.0,5.0,4.0,1.0,3.0,2.0,1.0,2.0,1.0,1.0,1.0,2.0,2.0,1.0,4.0,6.0,2.0,1.0,0.0,0.0,8.0,12.0,9.0,0.0,1.0,5.0,5.0,3.0,3.0,8.0,10.0,4.0,0.0,7.0,6.0,8.0,8.0,5.0,3.0,2.0,1.0,4.0,1.0,6.0,1.0,1.0
88ad361aadfffff,1.0,10.0,5.0,17.0,18.0,12.0,7.0,13.0,11.0,14.0,8.0,5.0,7.0,1.0,9.0,3.0,2.0,2.0,5.0,4.0,3.0,6.0,3.0,10.0,3.0,7.0,11.0,8.0,11.0,5.0,25.0,7.0,18.0,7.0,23.0,9.0,13.0,28.0,6.0,20.0,7.0,11.0,10.0,12.0,7.0,7.0,5.0,10.0,13.0,4.0,19.0,7.0,3.0
88ad361ab1fffff,1.0,1.0,8.0,4.0,6.0,10.0,2.0,9.0,5.0,2.0,4.0,12.0,5.0,1.0,5.0,3.0,1.0,3.0,0.0,1.0,3.0,6.0,3.0,5.0,21.0,15.0,3.0,12.0,9.0,13.0,7.0,9.0,6.0,6.0,16.0,15.0,13.0,14.0,8.0,3.0,10.0,3.0,3.0,5.0,10.0,7.0,9.0,6.0,5.0,5.0,6.0,4.0,7.0
88ad361ab3fffff,1.0,3.0,4.0,5.0,5.0,6.0,3.0,10.0,3.0,2.0,5.0,1.0,3.0,1.0,4.0,2.0,2.0,0.0,2.0,3.0,3.0,6.0,5.0,3.0,5.0,5.0,1.0,2.0,8.0,2.0,7.0,4.0,4.0,1.0,7.0,6.0,2.0,3.0,4.0,4.0,6.0,12.0,3.0,0.0,7.0,4.0,16.0,5.0,1.0,4.0,5.0,2.0,3.0
88ad361ab5fffff,13.0,17.0,5.0,7.0,2.0,4.0,10.0,7.0,2.0,6.0,6.0,5.0,2.0,5.0,4.0,2.0,2.0,0.0,0.0,11.0,2.0,13.0,5.0,6.0,10.0,14.0,5.0,7.0,7.0,15.0,5.0,2.0,6.0,8.0,3.0,8.0,10.0,7.0,28.0,8.0,5.0,13.0,5.0,14.0,8.0,6.0,5.0,8.0,10.0,8.0,13.0,11.0,1.0
88ad361ab7fffff,2.0,3.0,4.0,2.0,1.0,5.0,5.0,7.0,6.0,2.0,4.0,5.0,6.0,2.0,5.0,0.0,2.0,2.0,0.0,2.0,3.0,5.0,1.0,5.0,7.0,15.0,4.0,4.0,2.0,1.0,6.0,8.0,3.0,1.0,5.0,1.0,2.0,4.0,4.0,4.0,6.0,3.0,7.0,7.0,11.0,2.0,3.0,3.0,3.0,2.0,3.0,0.0,0.0
88ad361ab9fffff,1.0,15.0,14.0,12.0,9.0,7.0,6.0,3.0,2.0,11.0,10.0,8.0,1.0,5.0,2.0,5.0,3.0,2.0,1.0,6.0,7.0,5.0,3.0,5.0,18.0,8.0,6.0,4.0,7.0,6.0,4.0,6.0,9.0,6.0,6.0,17.0,14.0,32.0,6.0,17.0,5.0,7.0,24.0,17.0,13.0,10.0,19.0,7.0,6.0,7.0,10.0,5.0,1.0
88ad361abbfffff,4.0,11.0,7.0,3.0,0.0,4.0,1.0,2.0,3.0,4.0,0.0,2.0,4.0,0.0,1.0,0.0,2.0,2.0,2.0,1.0,0.0,4.0,4.0,4.0,7.0,2.0,6.0,1.0,2.0,4.0,1.0,3.0,2.0,1.0,3.0,4.0,2.0,6.0,1.0,9.0,5.0,3.0,1.0,5.0,3.0,7.0,4.0,7.0,2.0,5.0,4.0,2.0,4.0
88ad361abdfffff,2.0,5.0,7.0,4.0,6.0,21.0,2.0,1.0,8.0,7.0,5.0,2.0,1.0,1.0,3.0,2.0,2.0,0.0,1.0,4.0,2.0,2.0,9.0,2.0,21.0,6.0,10.0,5.0,13.0,10.0,5.0,8.0,5.0,12.0,9.0,6.0,23.0,9.0,11.0,7.0,4.0,6.0,22.0,15.0,34.0,7.0,11.0,4.0,2.0,8.0,8.0,12.0,1.0
88ad361ac1fffff,2.0,18.0,10.0,6.0,12.0,8.0,8.0,6.0,11.0,19.0,14.0,11.0,6.0,5.0,2.0,1.0,3.0,2.0,6.0,4.0,5.0,1.0,6.0,10.0,8.0,7.0,8.0,9.0,12.0,17.0,22.0,5.0,7.0,10.0,7.0,5.0,17.0,8.0,8.0,9.0,11.0,22.0,11.0,18.0,16.0,10.0,14.0,14.0,18.0,4.0,10.0,7.0,3.0
88ad361ac3fffff,1.0,3.0,6.0,1.0,4.0,3.0,1.0,9.0,5.0,8.0,4.0,8.0,4.0,1.0,1.0,2.0,5.0,0.0,7.0,2.0,3.0,6.0,8.0,8.0,5.0,2.0,8.0,9.0,10.0,10.0,6.0,6.0,10.0,6.0,12.0,14.0,11.0,6.0,9.0,10.0,3.0,9.0,7.0,4.0,5.0,12.0,13.0,13.0,4.0,6.0,2.0,3.0,4.0
88ad361ac5fffff,8.0,6.0,7.0,11.0,3.0,3.0,4.0,6.0,3.0,18.0,11.0,5.0,4.0,7.0,4.0,6.0,5.0,1.0,7.0,4.0,1.0,7.0,12.0,5.0,9.0,1.0,6.0,12.0,16.0,10.0,15.0,14.0,16.0,11.0,16.0,12.0,14.0,8.0,11.0,12.0,7.0,9.0,11.0,12.0,10.0,14.0,26.0,13.0,11.0,1.0,6.0,3.0,3.0
88ad361ac7fffff,10.0,26.0,29.0,22.0,28.0,22.0,30.0,26.0,27.0,32.0,29.0,22.0,14.0,9.0,13.0,17.0,11.0,10.0,10.0,11.0,6.0,16.0,14.0,22.0,28.0,27.0,27.0,21.0,40.0,27.0,20.0,19.0,22.0,24.0,44.0,40.0,46.0,40.0,30.0,33.0,34.0,36.0,51.0,28.0,47.0,48.0,31.0,37.0,36.0,29.0,22.0,12.0,9.0
88ad361ac9fffff,4.0,5.0,23.0,15.0,8.0,5.0,7.0,6.0,13.0,13.0,8.0,14.0,10.0,3.0,6.0,4.0,2.0,2.0,1.0,5.0,7.0,5.0,4.0,5.0,16.0,6.0,15.0,17.0,12.0,22.0,16.0,15.0,15.0,7.0,14.0,14.0,6.0,12.0,12.0,6.0,17.0,29.0,19.0,15.0,24.0,13.0,14.0,16.0,15.0,10.0,44.0,6.0,5.0
88ad361acbfffff,0.0,0.0,0.0,0.0,0.0,0.0,0.0,0.0,0.0,0.0,0.0,0.0,0.0,0.0,0.0,0.0,0.0,0.0,0.0,0.0,0.0,0.0,0.0,0.0,0.0,16.0,0.0,0.0,0.0,0.0,0.0,0.0,0.0,1.0,1.0,0.0,0.0,0.0,0.0,0.0,0.0,1.0,0.0,0.0,0.0,0.0,0.0,0.0,0.0,0.0,0.0,0.0,0.0
88ad361acdfffff,8.0,14.0,15.0,16.0,12.0,16.0,12.0,7.0,10.0,20.0,20.0,9.0,10.0,11.0,3.0,5.0,3.0,1.0,3.0,7.0,13.0,3.0,9.0,14.0,8.0,4.0,22.0,4.0,36.0,13.0,30.0,15.0,6.0,5.0,9.0,15.0,6.0,8.0,13.0,20.0,27.0,34.0,18.0,18.0,37.0,11.0,19.0,15.0,27.0,16.0,23.0,8.0,4.0
88ad361ad1fffff,1.0,4.0,5.0,4.0,14.0,13.0,12.0,9.0,7.0,10.0,9.0,11.0,9.0,4.0,6.0,6.0,0.0,2.0,2.0,0.0,3.0,1.0,5.0,8.0,9.0,9.0,10.0,6.0,9.0,7.0,4.0,16.0,14.0,7.0,8.0,9.0,10.0,12.0,10.0,11.0,5.0,7.0,2.0,10.0,8.0,15.0,7.0,4.0,15.0,4.0,6.0,4.0,0.0
88ad361ad3fffff,4.0,22.0,24.0,29.0,25.0,16.0,23.0,17.0,18.0,33.0,34.0,32.0,11.0,4.0,12.0,3.0,5.0,7.0,11.0,8.0,8.0,19.0,15.0,9.0,22.0,16.0,9.0,27.0,37.0,18.0,18.0,19.0,16.0,29.0,27.0,23.0,21.0,19.0,12.0,42.0,23.0,29.0,17.0,34.0,35.0,34.0,19.0,25.0,18.0,24.0,15.0,21.0,7.0
88ad361ad5fffff,7.0,18.0,10.0,14.0,10.0,10.0,15.0,18.0,11.0,8.0,14.0,9.0,3.0,5.0,19.0,2.0,6.0,4.0,5.0,4.0,7.0,11.0,12.0,10.0,13.0,5.0,13.0,12.0,20.0,3.0,9.0,13.0,5.0,14.0,23.0,16.0,19.0,5.0,16.0,16.0,14.0,27.0,9.0,16.0,23.0,23.0,21.0,19.0,11.0,10.0,10.0,15.0,3.0
88ad361ad7fffff,1.0,9.0,8.0,8.0,9.0,7.0,2.0,19.0,6.0,25.0,6.0,7.0,4.0,2.0,2.0,5.0,1.0,1.0,3.0,2.0,4.0,4.0,5.0,5.0,5.0,21.0,4.0,6.0,11.0,11.0,8.0,13.0,1.0,6.0,10.0,7.0,12.0,5.0,3.0,5.0,8.0,3.0,6.0,3.0,7.0,8.0,4.0,5.0,9.0,7.0,6.0,7.0,2.0
88ad361ad9fffff,6.0,15.0,27.0,15.0,17.0,7.0,17.0,13.0,4.0,8.0,17.0,13.0,5.0,4.0,8.0,6.0,4.0,7.0,9.0,10.0,11.0,14.0,8.0,18.0,17.0,20.0,13.0,25.0,23.0,4.0,11.0,13.0,9.0,21.0,12.0,15.0,13.0,10.0,9.0,13.0,24.0,17.0,16.0,18.0,11.0,9.0,12.0,7.0,17.0,23.0,8.0,12.0,1.0
88ad361adbfffff,11.0,9.0,25.0,21.0,14.0,19.0,10.0,9.0,20.0,12.0,19.0,15.0,10.0,12.0,9.0,10.0,4.0,7.0,8.0,11.0,5.0,32.0,10.0,19.0,6.0,14.0,8.0,14.0,38.0,16.0,21.0,39.0,9.0,26.0,17.0,24.0,19.0,24.0,15.0,14.0,25.0,21.0,22.0,13.0,30.0,25.0,21.0,13.0,18.0,13.0,12.0,14.0,6.0
88ad361addfffff,0.0,0.0,0.0,0.0,1.0,0.0,2.0,1.0,0.0,0.0,0.0,0.0,0.0,0.0,1.0,0.0,0.0,0.0,0.0,0.0,1.0,0.0,3.0,0.0,3.0,0.0,0.0,0.0,1.0,1.0,0.0,0.0,0.0,0.0,0.0,0.0,2.0,0.0,0.0,1.0,2.0,1.0,0.0,0.0,0.0,0.0,0.0,1.0,2.0,1.0,0.0,0.0,0.0
88ad361ae1fffff,2.0,4.0,6.0,4.0,8.0,4.0,7.0,10.0,9.0,7.0,10.0,7.0,1.0,3.0,3.0,8.0,1.0,2.0,0.0,0.0,5.0,4.0,5.0,10.0,1.0,5.0,8.0,9.0,8.0,6.0,3.0,5.0,1.0,10.0,3.0,9.0,11.0,4.0,8.0,10.0,8.0,5.0,10.0,12.0,21.0,5.0,11.0,9.0,14.0,10.0,4.0,3.0,5.0
88ad361ae3fffff,20.0,22.0,28.0,20.0,45.0,28.0,24.0,18.0,19.0,14.0,7.0,9.0,12.0,10.0,10.0,6.0,6.0,9.0,6.0,8.0,20.0,4.0,15.0,19.0,16.0,14.0,7.0,10.0,8.0,17.0,17.0,18.0,20.0,28.0,13.0,18.0,22.0,15.0,12.0,18.0,18.0,19.0,14.0,17.0,18.0,16.0,22.0,16.0,24.0,16.0,14.0,11.0,11.0
88ad361ae5fffff,1.0,6.0,10.0,11.0,7.0,4.0,14.0,6.0,8.0,4.0,6.0,7.0,11.0,1.0,2.0,1.0,1.0,1.0,5.0,3.0,2.0,4.0,4.0,14.0,11.0,2.0,14.0,5.0,7.0,7.0,7.0,14.0,11.0,9.0,10.0,16.0,8.0,10.0,5.0,10.0,7.0,6.0,6.0,10.0,21.0,9.0,6.0,5.0,15.0,13.0,1.0,8.0,9.0
88ad361ae7fffff,1.0,6.0,8.0,9.0,2.0,7.0,4.0,4.0,14.0,10.0,8.0,5.0,8.0,7.0,2.0,2.0,1.0,3.0,9.0,1.0,3.0,2.0,8.0,3.0,4.0,5.0,5.0,13.0,16.0,6.0,14.0,11.0,2.0,25.0,7.0,10.0,7.0,7.0,7.0,9.0,12.0,13.0,6.0,8.0,6.0,3.0,12.0,10.0,8.0,13.0,17.0,4.0,3.0
88ad361ae9fffff,7.0,12.0,37.0,15.0,14.0,12.0,8.0,18.0,10.0,7.0,8.0,11.0,23.0,1.0,4.0,6.0,3.0,2.0,2.0,1.0,3.0,5.0,2.0,19.0,5.0,15.0,14.0,16.0,19.0,22.0,15.0,12.0,13.0,7.0,4.0,18.0,10.0,14.0,13.0,10.0,13.0,19.0,20.0,15.0,21.0,34.0,34.0,4.0,10.0,10.0,7.0,21.0,3.0
88ad361aebfffff,9.0,31.0,24.0,32.0,27.0,22.0,21.0,17.0,15.0,13.0,11.0,11.0,11.0,15.0,5.0,8.0,2.0,2.0,8.0,9.0,8.0,5.0,23.0,9.0,15.0,12.0,12.0,10.0,8.0,19.0,19.0,18.0,14.0,16.0,18.0,15.0,30.0,20.0,20.0,20.0,15.0,23.0,27.0,12.0,39.0,16.0,7.0,9.0,18.0,20.0,9.0,8.0,5.0
88ad361aedfffff,0.0,1.0,0.0,1.0,0.0,1.0,0.0,0.0,1.0,2.0,1.0,1.0,4.0,3.0,1.0,1.0,0.0,0.0,1.0,0.0,0.0,1.0,1.0,0.0,0.0,1.0,2.0,4.0,3.0,1.0,0.0,5.0,1.0,5.0,6.0,6.0,2.0,3.0,2.0,3.0,1.0,1.0,2.0,3.0,1.0,3.0,1.0,3.0,2.0,5.0,1.0,4.0,3.0
88ad361b01fffff,0.0,0.0,0.0,0.0,0.0,0.0,0.0,0.0,0.0,0.0,0.0,0.0,0.0,0.0,0.0,0.0,0.0,0.0,0.0,0.0,0.0,0.0,0.0,1.0,0.0,1.0,0.0,1.0,0.0,0.0,0.0,0.0,0.0,0.0,0.0,0.0,0.0,0.0,0.0,0.0,0.0,0.0,0.0,0.0,0.0,0.0,1.0,0.0,2.0,3.0,0.0,0.0,0.0
88ad361b03fffff,0.0,0.0,0.0,0.0,0.0,0.0,0.0,0.0,0.0,0.0,0.0,0.0,0.0,0.0,0.0,0.0,0.0,0.0,0.0,0.0,0.0,0.0,0.0,0.0,0.0,0.0,0.0,0.0,0.0,0.0,0.0,0.0,0.0,0.0,0.0,0.0,0.0,1.0,1.0,0.0,0.0,0.0,0.0,0.0,0.0,0.0,0.0,0.0,1.0,2.0,0.0,0.0,0.0
88ad361b07fffff,0.0,0.0,0.0,0.0,0.0,0.0,0.0,0.0,0.0,0.0,0.0,0.0,0.0,0.0,1.0,0.0,0.0,0.0,0.0,0.0,0.0,0.0,0.0,0.0,0.0,0.0,0.0,0.0,0.0,0.0,0.0,0.0,0.0,0.0,0.0,0.0,0.0,0.0,0.0,0.0,0.0,0.0,0.0,0.0,0.0,0.0,0.0,0.0,1.0,1.0,0.0,0.0,0.0
88ad361b09fffff,0.0,0.0,1.0,0.0,0.0,0.0,0.0,0.0,0.0,0.0,0.0,0.0,0.0,1.0,0.0,0.0,0.0,0.0,0.0,0.0,0.0,0.0,0.0,0.0,0.0,0.0,0.0,0.0,0.0,0.0,0.0,0.0,0.0,0.0,0.0,0.0,0.0,0.0,0.0,0.0,0.0,0.0,0.0,0.0,0.0,0.0,0.0,0.0,0.0,0.0,0.0,0.0,0.0
88ad361b0bfffff,1.0,1.0,1.0,1.0,2.0,2.0,1.0,1.0,2.0,1.0,1.0,0.0,1.0,1.0,0.0,0.0,0.0,0.0,0.0,0.0,0.0,0.0,0.0,0.0,0.0,0.0,0.0,0.0,0.0,0.0,0.0,0.0,0.0,1.0,0.0,0.0,1.0,0.0,0.0,1.0,1.0,0.0,0.0,0.0,0.0,1.0,0.0,0.0,1.0,5.0,0.0,0.0,0.0
88ad361b0dfffff,0.0,0.0,0.0,0.0,0.0,0.0,0.0,0.0,0.0,0.0,0.0,0.0,0.0,0.0,0.0,0.0,0.0,0.0,0.0,0.0,0.0,0.0,0.0,0.0,0.0,0.0,0.0,0.0,1.0,0.0,0.0,0.0,0.0,0.0,0.0,0.0,0.0,0.0,0.0,0.0,0.0,0.0,0.0,0.0,0.0,0.0,0.0,0.0,0.0,2.0,0.0,0.0,0.0
88ad361b11fffff,9.0,5.0,8.0,10.0,10.0,4.0,7.0,9.0,17.0,8.0,8.0,7.0,3.0,4.0,3.0,5.0,10.0,3.0,3.0,4.0,5.0,5.0,7.0,7.0,4.0,5.0,17.0,6.0,14.0,4.0,3.0,5.0,6.0,4.0,13.0,6.0,5.0,3.0,10.0,4.0,14.0,13.0,8.0,13.0,5.0,7.0,7.0,6.0,11.0,9.0,10.0,6.0,5.0
88ad361b13fffff,1.0,2.0,6.0,5.0,8.0,5.0,3.0,7.0,8.0,9.0,7.0,1.0,2.0,1.0,0.0,7.0,5.0,0.0,0.0,2.0,0.0,2.0,2.0,7.0,1.0,4.0,5.0,4.0,0.0,7.0,6.0,6.0,4.0,5.0,2.0,3.0,9.0,7.0,3.0,10.0,9.0,10.0,8.0,3.0,8.0,8.0,7.0,4.0,4.0,9.0,0.0,5.0,5.0
88ad361b15fffff,12.0,13.0,17.0,10.0,9.0,12.0,10.0,6.0,14.0,15.0,15.0,6.0,2.0,2.0,5.0,10.0,1.0,0.0,6.0,2.0,7.0,2.0,8.0,12.0,6.0,5.0,12.0,9.0,2.0,23.0,6.0,7.0,15.0,8.0,2.0,5.0,4.0,6.0,8.0,11.0,10.0,11.0,11.0,16.0,10.0,12.0,11.0,6.0,9.0,11.0,7.0,6.0,1.0
88ad361b17fffff,5.0,8.0,8.0,10.0,3.0,4.0,10.0,12.0,13.0,12.0,8.0,15.0,5.0,6.0,3.0,2.0,5.0,3.0,3.0,6.0,3.0,2.0,7.0,9.0,6.0,5.0,3.0,6.0,12.0,6.0,12.0,2.0,10.0,9.0,3.0,7.0,14.0,8.0,14.0,13.0,11.0,11.0,7.0,16.0,12.0,16.0,8.0,8.0,18.0,10.0,7.0,4.0,4.0
88ad361b19fffff,7.0,4.0,8.0,2.0,8.0,10.0,8.0,7.0,5.0,4.0,5.0,8.0,2.0,2.0,3.0,1.0,1.0,2.0,1.0,1.0,2.0,2.0,2.0,3.0,1.0,5.0,5.0,3.0,3.0,6.0,5.0,6.0,4.0,3.0,4.0,4.0,10.0,3.0,8.0,2.0,7.0,4.0,3.0,6.0,10.0,1.0,3.0,3.0,3.0,3.0,6.0,9.0,13.0
88ad361b1bfffff,2.0,9.0,8.0,17.0,7.0,8.0,10.0,12.0,7.0,9.0,17.0,7.0,5.0,5.0,0.0,1.0,2.0,6.0,1.0,4.0,2.0,7.0,10.0,7.0,7.0,18.0,7.0,11.0,8.0,5.0,9.0,6.0,5.0,6.0,2.0,8.0,4.0,10.0,13.0,11.0,12.0,10.0,12.0,7.0,10.0,6.0,13.0,6.0,9.0,7.0,7.0,14.0,4.0
88ad361b1dfffff,0.0,0.0,0.0,0.0,0.0,0.0,0.0,0.0,1.0,1.0,0.0,0.0,0.0,0.0,1.0,4.0,0.0,0.0,0.0,0.0,0.0,0.0,0.0,0.0,0.0,0.0,2.0,0.0,0.0,0.0,0.0,2.0,0.0,0.0,1.0,0.0,0.0,1.0,1.0,2.0,0.0,3.0,0.0,0.0,0.0,0.0,0.0,1.0,2.0,0.0,1.0,1.0,1.0
88ad361b31fffff,6.0,16.0,9.0,10.0,12.0,42.0,14.0,15.0,7.0,17.0,41.0,15.0,12.0,12.0,7.0,3.0,11.0,4.0,5.0,0.0,4.0,8.0,7.0,13.0,9.0,12.0,23.0,7.0,17.0,15.0,7.0,12.0,12.0,8.0,14.0,23.0,12.0,19.0,26.0,9.0,16.0,7.0,11.0,18.0,15.0,19.0,12.0,16.0,27.0,15.0,25.0,12.0,6.0
88ad361b33fffff,8.0,14.0,18.0,36.0,16.0,12.0,17.0,21.0,28.0,22.0,10.0,21.0,10.0,22.0,14.0,18.0,8.0,10.0,11.0,14.0,5.0,8.0,14.0,20.0,20.0,21.0,14.0,19.0,20.0,12.0,19.0,13.0,12.0,8.0,11.0,9.0,22.0,29.0,8.0,24.0,29.0,20.0,21.0,22.0,23.0,24.0,17.0,8.0,23.0,15.0,18.0,20.0,7.0
88ad361b35fffff,3.0,9.0,10.0,7.0,11.0,9.0,6.0,13.0,9.0,10.0,7.0,9.0,10.0,11.0,7.0,5.0,3.0,5.0,11.0,11.0,2.0,6.0,15.0,7.0,7.0,12.0,14.0,7.0,15.0,7.0,6.0,9.0,11.0,12.0,26.0,14.0,19.0,18.0,32.0,12.0,12.0,8.0,4.0,9.0,3.0,11.0,16.0,26.0,14.0,19.0,12.0,4.0,3.0
88ad361b37fffff,8.0,43.0,19.0,21.0,21.0,14.0,42.0,40.0,60.0,30.0,44.0,32.0,23.0,13.0,15.0,17.0,18.0,8.0,7.0,16.0,8.0,12.0,21.0,16.0,24.0,20.0,17.0,20.0,33.0,22.0,22.0,22.0,22.0,24.0,54.0,21.0,38.0,33.0,25.0,28.0,35.0,45.0,30.0,23.0,28.0,41.0,33.0,31.0,22.0,23.0,9.0,9.0,12.0
88ad361b39fffff,10.0,2.0,6.0,1.0,4.0,4.0,4.0,3.0,2.0,8.0,3.0,5.0,6.0,1.0,4.0,10.0,4.0,3.0,2.0,5.0,0.0,3.0,1.0,3.0,3.0,2.0,5.0,5.0,4.0,3.0,6.0,1.0,4.0,7.0,2.0,3.0,5.0,5.0,2.0,8.0,5.0,2.0,5.0,5.0,4.0,5.0,5.0,4.0,6.0,5.0,10.0,7.0,7.0
88ad361b3bfffff,14.0,29.0,29.0,59.0,31.0,32.0,51.0,35.0,20.0,41.0,23.0,19.0,16.0,4.0,3.0,6.0,9.0,8.0,5.0,16.0,10.0,11.0,14.0,22.0,20.0,17.0,18.0,21.0,24.0,25.0,20.0,21.0,29.0,40.0,46.0,32.0,40.0,40.0,35.0,35.0,34.0,20.0,34.0,26.0,41.0,25.0,18.0,22.0,31.0,33.0,14.0,11.0,7.0
88ad361b3dfffff,0.0,0.0,0.0,0.0,0.0,0.0,0.0,0.0,0.0,0.0,0.0,0.0,0.0,0.0,0.0,0.0,0.0,0.0,0.0,0.0,0.0,0.0,0.0,0.0,0.0,0.0,0.0,0.0,0.0,0.0,0.0,0.0,0.0,0.0,0.0,0.0,0.0,0.0,0.0,0.0,0.0,0.0,0.0,0.0,0.0,0.0,0.0,0.0,1.0,0.0,0.0,0.0,0.0
88ad361b51fffff,0.0,0.0,0.0,0.0,0.0,0.0,0.0,0.0,0.0,0.0,0.0,0.0,0.0,0.0,0.0,0.0,0.0,0.0,0.0,0.0,0.0,0.0,0.0,0.0,0.0,0.0,0.0,0.0,0.0,0.0,0.0,0.0,0.0,0.0,0.0,0.0,0.0,0.0,0.0,0.0,0.0,0.0,0.0,0.0,0.0,0.0,0.0,0.0,0.0,0.0,0.0,1.0,0.0
88ad361b53fffff,0.0,0.0,2.0,1.0,1.0,2.0,2.0,2.0,2.0,3.0,3.0,9.0,0.0,0.0,0.0,2.0,0.0,0.0,2.0,0.0,0.0,0.0,2.0,1.0,1.0,2.0,3.0,4.0,2.0,2.0,3.0,2.0,5.0,7.0,1.0,3.0,3.0,1.0,0.0,0.0,2.0,1.0,1.0,2.0,0.0,0.0,0.0,1.0,2.0,2.0,5.0,0.0,2.0
88ad361b57fffff,0.0,0.0,0.0,0.0,0.0,0.0,0.0,0.0,0.0,0.0,0.0,0.0,0.0,0.0,0.0,0.0,0.0,0.0,0.0,0.0,1.0,0.0,0.0,0.0,0.0,0.0,1.0,0.0,0.0,0.0,0.0,0.0,0.0,0.0,0.0,0.0,0.0,0.0,1.0,0.0,0.0,0.0,0.0,1.0,0.0,0.0,0.0,0.0,1.0,3.0,0.0,0.0,0.0
88ad361b5bfffff,0.0,0.0,0.0,0.0,0.0,0.0,0.0,0.0,0.0,0.0,0.0,0.0,0.0,0.0,0.0,0.0,0.0,0.0,0.0,0.0,0.0,0.0,0.0,0.0,0.0,0.0,0.0,0.0,0.0,0.0,0.0,0.0,0.0,0.0,0.0,0.0,0.0,0.0,0.0,0.0,1.0,0.0,0.0,0.0,0.0,0.0,0.0,0.0,0.0,1.0,0.0,0.0,0.0
88ad364291fffff,0.0,0.0,0.0,0.0,0.0,0.0,0.0,0.0,0.0,0.0,0.0,0.0,0.0,0.0,0.0,0.0,0.0,0.0,0.0,0.0,0.0,0.0,0.0,0.0,0.0,0.0,0.0,0.0,0.0,0.0,0.0,0.0,0.0,0.0,0.0,0.0,0.0,0.0,0.0,0.0,0.0,0.0,0.0,0.0,0.0,0.0,1.0,0.0,0.0,0.0,0.0,0.0,0.0
88ad364299fffff,0.0,0.0,0.0,0.0,0.0,0.0,0.0,0.0,0.0,0.0,0.0,0.0,0.0,0.0,0.0,0.0,0.0,0.0,0.0,0.0,0.0,0.0,0.0,0.0,0.0,0.0,0.0,0.0,0.0,0.0,0.0,0.0,0.0,0.0,0.0,0.0,0.0,0.0,0.0,0.0,0.0,0.0,0.0,0.0,0.0,0.0,0.0,0.0,0.0,0.0,1.0,0.0,0.0
88ad3646d5fffff,0.0,0.0,0.0,0.0,0.0,0.0,0.0,0.0,0.0,0.0,0.0,0.0,0.0,0.0,0.0,0.0,0.0,0.0,0.0,0.0,0.0,0.0,0.0,0.0,0.0,0.0,0.0,0.0,0.0,0.0,0.0,0.0,0.0,0.0,0.0,0.0,0.0,0.0,0.0,0.0,0.0,0.0,0.0,0.0,0.0,0.0,0.0,0.0,0.0,1.0,0.0,0.0,0.0
88ad364745fffff,0.0,0.0,0.0,0.0,0.0,0.0,0.0,0.0,0.0,0.0,0.0,0.0,0.0,0.0,0.0,0.0,0.0,0.0,0.0,0.0,0.0,0.0,0.0,0.0,0.0,0.0,0.0,0.0,0.0,0.0,0.0,0.0,0.0,0.0,0.0,0.0,0.0,0.0,0.0,0.0,0.0,0.0,0.0,0.0,0.0,0.0,0.0,1.0,0.0,0.0,0.0,0.0,0.0
88ad364769fffff,0.0,0.0,0.0,0.0,0.0,0.0,0.0,0.0,0.0,0.0,0.0,0.0,0.0,0.0,0.0,0.0,0.0,0.0,0.0,0.0,0.0,0.0,0.0,0.0,0.0,0.0,0.0,0.0,0.0,0.0,0.0,0.0,0.0,0.0,0.0,0.0,0.0,0.0,0.0,0.0,0.0,0.0,0.0,0.0,0.0,0.0,0.0,1.0,0.0,0.0,0.0,0.0,0.0
88ad36544bfffff,0.0,0.0,0.0,0.0,0.0,0.0,0.0,0.0,0.0,0.0,0.0,0.0,0.0,0.0,0.0,0.0,0.0,0.0,0.0,0.0,0.0,0.0,0.0,0.0,0.0,1.0,0.0,0.0,0.0,0.0,0.0,0.0,0.0,0.0,0.0,0.0,0.0,0.0,0.0,0.0,0.0,0.0,0.0,0.0,0.0,0.0,0.0,0.0,0.0,0.0,0.0,0.0,0.0
88ad365451fffff,0.0,0.0,0.0,0.0,0.0,0.0,1.0,0.0,0.0,0.0,0.0,0.0,0.0,0.0,0.0,0.0,0.0,0.0,0.0,0.0,0.0,0.0,0.0,0.0,0.0,0.0,0.0,0.0,0.0,0.0,1.0,0.0,0.0,0.0,0.0,0.0,0.0,0.0,0.0,0.0,0.0,0.0,0.0,0.0,0.0,0.0,0.0,0.0,0.0,0.0,0.0,0.0,0.0
88ad365483fffff,1.0,2.0,4.0,1.0,0.0,0.0,1.0,5.0,2.0,2.0,1.0,1.0,3.0,3.0,0.0,0.0,0.0,1.0,0.0,0.0,1.0,2.0,3.0,0.0,1.0,0.0,1.0,1.0,1.0,0.0,1.0,3.0,2.0,3.0,1.0,2.0,1.0,2.0,0.0,1.0,0.0,1.0,4.0,0.0,2.0,0.0,1.0,2.0,2.0,0.0,3.0,0.0,1.0
88ad36548bfffff,1.0,2.0,0.0,4.0,3.0,2.0,1.0,2.0,0.0,0.0,2.0,1.0,2.0,0.0,3.0,1.0,0.0,0.0,2.0,2.0,1.0,0.0,2.0,1.0,4.0,1.0,0.0,1.0,5.0,4.0,1.0,1.0,2.0,3.0,1.0,2.0,1.0,3.0,2.0,2.0,1.0,2.0,2.0,2.0,5.0,1.0,1.0,2.0,3.0,3.0,2.0,0.0,0.0
88ad365491fffff,0.0,0.0,0.0,0.0,0.0,0.0,0.0,0.0,0.0,0.0,0.0,0.0,0.0,0.0,0.0,0.0,0.0,0.0,0.0,0.0,0.0,0.0,0.0,0.0,0.0,0.0,0.0,0.0,0.0,0.0,0.0,0.0,0.0,0.0,0.0,0.0,0.0,0.0,0.0,0.0,0.0,0.0,0.0,0.0,0.0,0.0,0.0,0.0,0.0,1.0,0.0,0.0,0.0
88ad365499fffff,1.0,0.0,0.0,0.0,1.0,0.0,0.0,0.0,1.0,0.0,0.0,1.0,0.0,0.0,0.0,0.0,1.0,0.0,0.0,0.0,1.0,0.0,0.0,0.0,0.0,1.0,0.0,0.0,0.0,0.0,1.0,2.0,0.0,0.0,0.0,0.0,0.0,1.0,0.0,0.0,0.0,0.0,1.0,0.0,0.0,0.0,1.0,0.0,0.0,0.0,1.0,0.0,0.0
88ad36549dfffff,1.0,0.0,0.0,1.0,0.0,1.0,0.0,1.0,2.0,0.0,0.0,1.0,1.0,0.0,0.0,2.0,0.0,0.0,1.0,2.0,1.0,0.0,2.0,1.0,1.0,2.0,0.0,0.0,2.0,3.0,2.0,1.0,1.0,2.0,1.0,2.0,2.0,0.0,1.0,3.0,0.0,0.0,1.0,4.0,0.0,1.0,2.0,2.0,2.0,2.0,2.0,4.0,1.0
88ad3654b1fffff,0.0,0.0,0.0,0.0,0.0,0.0,0.0,0.0,0.0,0.0,0.0,0.0,0.0,0.0,0.0,0.0,0.0,0.0,0.0,0.0,0.0,0.0,0.0,0.0,0.0,0.0,0.0,0.0,0.0,1.0,0.0,0.0,0.0,0.0,0.0,0.0,0.0,0.0,0.0,0.0,0.0,0.0,0.0,0.0,0.0,0.0,0.0,0.0,0.0,0.0,0.0,0.0,0.0
88ad3654b3fffff,4.0,3.0,3.0,1.0,0.0,4.0,4.0,3.0,4.0,4.0,1.0,4.0,1.0,3.0,1.0,3.0,1.0,0.0,1.0,1.0,1.0,0.0,0.0,0.0,2.0,0.0,2.0,2.0,0.0,2.0,0.0,2.0,1.0,0.0,0.0,2.0,0.0,3.0,4.0,0.0,3.0,3.0,3.0,1.0,3.0,1.0,3.0,3.0,1.0,5.0,2.0,0.0,3.0
88ad3654bbfffff,4.0,0.0,2.0,1.0,1.0,1.0,0.0,1.0,0.0,3.0,1.0,1.0,1.0,2.0,0.0,1.0,3.0,3.0,1.0,2.0,4.0,1.0,0.0,0.0,1.0,0.0,1.0,0.0,7.0,0.0,1.0,0.0,0.0,0.0,2.0,10.0,0.0,1.0,5.0,0.0,2.0,0.0,7.0,1.0,1.0,0.0,1.0,0.0,2.0,0.0,2.0,0.0,0.0
88ad3654d7fffff,0.0,0.0,2.0,0.0,3.0,0.0,2.0,0.0,1.0,0.0,0.0,0.0,2.0,0.0,1.0,1.0,1.0,1.0,2.0,0.0,0.0,0.0,0.0,0.0,1.0,0.0,0.0,2.0,3.0,1.0,0.0,0.0,2.0,3.0,3.0,0.0,1.0,1.0,0.0,0.0,0.0,3.0,2.0,1.0,1.0,2.0,1.0,1.0,1.0,0.0,1.0,0.0,1.0
88ad36560bfffff,0.0,0.0,0.0,0.0,0.0,0.0,0.0,0.0,0.0,0.0,0.0,0.0,0.0,0.0,0.0,0.0,0.0,0.0,0.0,0.0,0.0,0.0,0.0,0.0,0.0,0.0,0.0,0.0,0.0,0.0,0.0,0.0,0.0,0.0,0.0,0.0,0.0,0.0,0.0,0.0,0.0,0.0,0.0,0.0,0.0,0.0,0.0,0.0,0.0,1.0,0.0,0.0,0.0
88ad365657fffff,0.0,0.0,0.0,0.0,0.0,0.0,0.0,0.0,0.0,0.0,0.0,0.0,0.0,0.0,0.0,0.0,0.0,0.0,0.0,0.0,0.0,0.0,0.0,0.0,0.0,0.0,0.0,0.0,0.0,0.0,0.0,0.0,0.0,0.0,0.0,0.0,0.0,0.0,0.0,0.0,0.0,0.0,0.0,0.0,0.0,0.0,0.0,0.0,0.0,1.0,0.0,0.0,0.0
88ad36565dfffff,0.0,0.0,0.0,0.0,0.0,0.0,0.0,0.0,0.0,0.0,0.0,0.0,0.0,0.0,0.0,0.0,0.0,0.0,0.0,0.0,0.0,0.0,0.0,0.0,0.0,0.0,0.0,0.0,0.0,0.0,0.0,1.0,0.0,0.0,0.0,0.0,0.0,0.0,0.0,0.0,0.0,0.0,0.0,0.0,0.0,0.0,0.0,0.0,0.0,0.0,0.0,0.0,0.0
88ad365681fffff,0.0,1.0,0.0,0.0,0.0,0.0,0.0,0.0,0.0,0.0,0.0,0.0,0.0,0.0,0.0,0.0,0.0,0.0,0.0,0.0,0.0,0.0,0.0,0.0,0.0,1.0,0.0,0.0,0.0,0.0,0.0,0.0,0.0,0.0,1.0,0.0,0.0,0.0,0.0,0.0,0.0,0.0,0.0,0.0,0.0,1.0,0.0,0.0,0.0,0.0,0.0,0.0,0.0
88ad36568bfffff,3.0,1.0,1.0,0.0,7.0,3.0,4.0,7.0,11.0,7.0,11.0,5.0,2.0,5.0,3.0,1.0,8.0,4.0,2.0,3.0,4.0,5.0,4.0,2.0,7.0,1.0,4.0,6.0,1.0,5.0,8.0,3.0,3.0,3.0,5.0,3.0,7.0,5.0,3.0,2.0,8.0,5.0,7.0,9.0,7.0,9.0,6.0,3.0,8.0,6.0,8.0,6.0,3.0
88ad365699fffff,0.0,0.0,0.0,0.0,0.0,0.0,0.0,0.0,0.0,0.0,0.0,0.0,0.0,0.0,0.0,0.0,0.0,0.0,0.0,0.0,0.0,0.0,0.0,0.0,0.0,0.0,0.0,0.0,0.0,0.0,0.0,0.0,0.0,0.0,0.0,0.0,0.0,0.0,0.0,0.0,1.0,0.0,0.0,0.0,0.0,0.0,0.0,0.0,0.0,0.0,0.0,0.0,0.0
88ad36569bfffff,0.0,0.0,0.0,0.0,0.0,0.0,0.0,0.0,0.0,0.0,0.0,0.0,0.0,0.0,1.0,0.0,0.0,0.0,0.0,0.0,0.0,0.0,0.0,0.0,0.0,1.0,0.0,0.0,1.0,0.0,0.0,0.0,0.0,0.0,0.0,0.0,0.0,0.0,0.0,1.0,0.0,0.0,0.0,0.0,0.0,0.0,0.0,1.0,0.0,0.0,1.0,0.0,0.0
88ad36569dfffff,0.0,0.0,0.0,0.0,0.0,0.0,0.0,0.0,0.0,0.0,2.0,2.0,0.0,0.0,1.0,0.0,0.0,0.0,0.0,0.0,0.0,0.0,0.0,0.0,0.0,0.0,0.0,0.0,0.0,0.0,0.0,0.0,0.0,0.0,0.0,1.0,0.0,0.0,0.0,1.0,0.0,0.0,0.0,0.0,0.0,0.0,0.0,0.0,0.0,0.0,0.0,0.0,0.0
88ad3656a7fffff,0.0,0.0,0.0,0.0,0.0,0.0,0.0,0.0,0.0,0.0,0.0,0.0,0.0,0.0,0.0,0.0,0.0,0.0,0.0,0.0,0.0,0.0,0.0,0.0,0.0,0.0,0.0,0.0,0.0,0.0,0.0,0.0,0.0,0.0,0.0,0.0,0.0,0.0,0.0,0.0,0.0,1.0,0.0,0.0,0.0,0.0,0.0,0.0,0.0,0.0,0.0,0.0,0.0
88ad3656bbfffff,0.0,0.0,0.0,0.0,0.0,0.0,0.0,0.0,0.0,0.0,0.0,0.0,0.0,0.0,0.0,0.0,0.0,0.0,0.0,0.0,0.0,0.0,0.0,0.0,0.0,0.0,0.0,0.0,0.0,0.0,0.0,0.0,0.0,0.0,0.0,0.0,0.0,0.0,0.0,0.0,0.0,0.0,0.0,0.0,0.0,0.0,0.0,0.0,0.0,0.0,0.0,1.0,0.0
88ad3656c1fffff,0.0,0.0,0.0,0.0,0.0,0.0,0.0,0.0,0.0,0.0,0.0,0.0,0.0,0.0,0.0,0.0,0.0,0.0,0.0,0.0,0.0,0.0,0.0,0.0,0.0,0.0,0.0,0.0,0.0,0.0,0.0,0.0,0.0,0.0,0.0,0.0,0.0,0.0,0.0,0.0,0.0,0.0,0.0,0.0,0.0,0.0,0.0,0.0,0.0,0.0,0.0,1.0,0.0
88ad3656d1fffff,5.0,1.0,2.0,5.0,3.0,1.0,1.0,8.0,2.0,6.0,3.0,4.0,3.0,0.0,0.0,1.0,0.0,0.0,0.0,0.0,1.0,2.0,0.0,1.0,2.0,0.0,0.0,0.0,2.0,0.0,8.0,2.0,1.0,1.0,1.0,10.0,4.0,1.0,2.0,2.0,2.0,0.0,4.0,1.0,3.0,3.0,3.0,5.0,1.0,0.0,1.0,1.0,1.0
88ad3656d3fffff,0.0,0.0,0.0,1.0,1.0,0.0,0.0,0.0,0.0,0.0,2.0,9.0,0.0,2.0,0.0,0.0,0.0,1.0,1.0,0.0,0.0,1.0,0.0,0.0,0.0,1.0,1.0,0.0,1.0,0.0,0.0,0.0,0.0,2.0,0.0,0.0,0.0,0.0,0.0,2.0,2.0,3.0,1.0,0.0,1.0,0.0,0.0,1.0,0.0,0.0,0.0,0.0,1.0
88ad3656d5fffff,15.0,34.0,39.0,36.0,24.0,34.0,30.0,26.0,48.0,47.0,31.0,31.0,28.0,12.0,11.0,17.0,25.0,18.0,18.0,9.0,36.0,12.0,24.0,7.0,18.0,6.0,20.0,11.0,24.0,30.0,28.0,39.0,15.0,19.0,32.0,7.0,13.0,10.0,21.0,13.0,40.0,22.0,32.0,20.0,28.0,25.0,19.0,26.0,10.0,14.0,21.0,12.0,7.0
88ad3656d7fffff,4.0,13.0,15.0,7.0,9.0,9.0,6.0,5.0,12.0,9.0,8.0,3.0,6.0,6.0,6.0,5.0,6.0,1.0,1.0,7.0,3.0,5.0,8.0,6.0,4.0,3.0,12.0,10.0,6.0,5.0,6.0,8.0,5.0,7.0,12.0,3.0,5.0,9.0,13.0,14.0,14.0,4.0,10.0,14.0,10.0,13.0,9.0,18.0,14.0,10.0,4.0,5.0,11.0
88ad3656dbfffff,0.0,1.0,2.0,0.0,0.0,0.0,0.0,0.0,2.0,1.0,1.0,5.0,3.0,1.0,2.0,0.0,0.0,1.0,1.0,0.0,0.0,0.0,0.0,2.0,2.0,4.0,0.0,2.0,0.0,0.0,2.0,0.0,0.0,1.0,2.0,1.0,1.0,2.0,2.0,1.0,5.0,3.0,2.0,1.0,2.0,0.0,3.0,0.0,1.0,1.0,0.0,3.0,5.0
88ad3656ddfffff,2.0,11.0,4.0,5.0,8.0,3.0,9.0,7.0,13.0,7.0,9.0,7.0,3.0,0.0,2.0,0.0,1.0,0.0,0.0,0.0,0.0,0.0,0.0,0.0,3.0,0.0,1.0,2.0,5.0,7.0,3.0,3.0,0.0,6.0,7.0,5.0,5.0,1.0,6.0,6.0,8.0,9.0,5.0,8.0,8.0,13.0,8.0,2.0,8.0,11.0,1.0,10.0,1.0
88ad36620dfffff,1.0,0.0,1.0,0.0,0.0,0.0,3.0,0.0,2.0,0.0,2.0,2.0,0.0,1.0,2.0,0.0,0.0,1.0,0.0,1.0,1.0,0.0,0.0,0.0,1.0,1.0,2.0,2.0,0.0,0.0,1.0,2.0,2.0,0.0,0.0,1.0,0.0,1.0,1.0,1.0,0.0,1.0,0.0,0.0,1.0,0.0,0.0,2.0,1.0,0.0,1.0,1.0,0.0
88ad366229fffff,0.0,0.0,0.0,0.0,0.0,0.0,1.0,0.0,0.0,0.0,0.0,0.0,0.0,0.0,0.0,0.0,1.0,0.0,0.0,0.0,0.0,0.0,0.0,0.0,0.0,0.0,0.0,0.0,0.0,0.0,0.0,0.0,0.0,0.0,0.0,0.0,0.0,0.0,0.0,0.0,0.0,0.0,0.0,0.0,0.0,0.0,0.0,0.0,0.0,0.0,0.0,0.0,0.0
88ad366245fffff,1.0,0.0,0.0,0.0,1.0,1.0,2.0,1.0,0.0,1.0,0.0,0.0,0.0,0.0,1.0,0.0,0.0,0.0,0.0,0.0,2.0,0.0,1.0,0.0,1.0,0.0,0.0,1.0,0.0,0.0,0.0,0.0,0.0,0.0,0.0,0.0,1.0,0.0,2.0,0.0,2.0,0.0,0.0,2.0,1.0,0.0,4.0,3.0,3.0,1.0,0.0,1.0,1.0
88ad366247fffff,22.0,4.0,15.0,7.0,1.0,9.0,7.0,16.0,5.0,8.0,12.0,7.0,4.0,9.0,8.0,4.0,4.0,7.0,7.0,3.0,8.0,1.0,2.0,6.0,10.0,6.0,10.0,7.0,4.0,6.0,5.0,6.0,9.0,14.0,11.0,11.0,5.0,4.0,8.0,7.0,7.0,10.0,7.0,4.0,6.0,4.0,6.0,7.0,6.0,7.0,6.0,8.0,7.0
88ad366261fffff,1.0,0.0,3.0,0.0,2.0,4.0,0.0,1.0,0.0,0.0,1.0,0.0,0.0,0.0,1.0,1.0,1.0,0.0,1.0,0.0,0.0,0.0,1.0,3.0,1.0,2.0,1.0,1.0,1.0,0.0,0.0,5.0,0.0,0.0,0.0,1.0,0.0,1.0,0.0,0.0,1.0,4.0,2.0,3.0,5.0,1.0,0.0,1.0,2.0,1.0,0.0,1.0,1.0
88ad366265fffff,0.0,0.0,0.0,0.0,0.0,0.0,0.0,0.0,0.0,0.0,0.0,0.0,0.0,0.0,0.0,0.0,1.0,0.0,0.0,0.0,0.0,0.0,0.0,0.0,0.0,1.0,0.0,1.0,10.0,2.0,4.0,1.0,4.0,4.0,7.0,4.0,7.0,1.0,1.0,1.0,3.0,2.0,1.0,4.0,4.0,1.0,2.0,0.0,0.0,0.0,0.0,0.0,0.0
88ad366269fffff,2.0,5.0,9.0,6.0,4.0,7.0,1.0,19.0,13.0,7.0,4.0,2.0,1.0,1.0,3.0,1.0,2.0,5.0,6.0,1.0,4.0,6.0,2.0,6.0,3.0,7.0,9.0,3.0,8.0,10.0,3.0,2.0,1.0,6.0,2.0,4.0,3.0,3.0,8.0,7.0,10.0,4.0,2.0,10.0,11.0,5.0,6.0,7.0,4.0,3.0,4.0,4.0,1.0
88ad36626bfffff,6.0,13.0,13.0,9.0,12.0,14.0,10.0,12.0,11.0,15.0,16.0,7.0,8.0,7.0,2.0,4.0,6.0,5.0,5.0,2.0,7.0,6.0,10.0,7.0,7.0,6.0,6.0,7.0,6.0,6.0,9.0,20.0,9.0,8.0,6.0,8.0,5.0,11.0,10.0,12.0,9.0,19.0,7.0,7.0,11.0,9.0,4.0,8.0,12.0,9.0,7.0,2.0,5.0
88ad367001fffff,0.0,0.0,0.0,0.0,0.0,0.0,0.0,1.0,0.0,0.0,0.0,0.0,0.0,0.0,0.0,0.0,0.0,0.0,0.0,0.0,0.0,0.0,0.0,0.0,0.0,0.0,0.0,0.0,0.0,0.0,0.0,0.0,0.0,0.0,0.0,0.0,0.0,1.0,0.0,0.0,0.0,0.0,0.0,0.0,0.0,0.0,0.0,0.0,1.0,0.0,0.0,0.0,0.0
88ad367003fffff,0.0,0.0,0.0,0.0,0.0,0.0,0.0,0.0,0.0,0.0,0.0,1.0,0.0,0.0,0.0,0.0,0.0,0.0,0.0,0.0,0.0,0.0,0.0,0.0,0.0,0.0,0.0,1.0,0.0,0.0,0.0,0.0,0.0,0.0,1.0,0.0,0.0,0.0,0.0,0.0,0.0,0.0,0.0,0.0,0.0,0.0,0.0,0.0,0.0,0.0,0.0,0.0,0.0
88ad367005fffff,0.0,0.0,0.0,0.0,0.0,0.0,0.0,0.0,0.0,0.0,0.0,0.0,0.0,0.0,0.0,0.0,0.0,0.0,0.0,0.0,0.0,0.0,0.0,0.0,0.0,0.0,0.0,0.0,0.0,0.0,0.0,0.0,0.0,0.0,0.0,0.0,0.0,0.0,0.0,0.0,0.0,0.0,0.0,0.0,1.0,0.0,0.0,0.0,0.0,0.0,0.0,0.0,0.0
88ad367007fffff,0.0,0.0,0.0,0.0,0.0,0.0,0.0,0.0,0.0,0.0,0.0,0.0,1.0,0.0,0.0,0.0,0.0,0.0,0.0,0.0,0.0,0.0,0.0,0.0,0.0,1.0,0.0,0.0,0.0,0.0,0.0,0.0,0.0,0.0,1.0,0.0,0.0,0.0,0.0,0.0,0.0,0.0,0.0,0.0,0.0,1.0,0.0,0.0,0.0,0.0,0.0,0.0,0.0
88ad367009fffff,0.0,0.0,0.0,0.0,0.0,0.0,0.0,0.0,0.0,0.0,1.0,0.0,0.0,0.0,0.0,0.0,0.0,0.0,0.0,0.0,0.0,0.0,0.0,0.0,0.0,0.0,0.0,0.0,0.0,0.0,0.0,0.0,0.0,0.0,0.0,0.0,0.0,0.0,0.0,0.0,0.0,0.0,1.0,0.0,0.0,0.0,0.0,0.0,0.0,0.0,0.0,0.0,0.0
88ad36700bfffff,0.0,0.0,0.0,0.0,0.0,0.0,0.0,0.0,0.0,0.0,1.0,0.0,0.0,0.0,0.0,1.0,0.0,0.0,0.0,0.0,0.0,0.0,0.0,0.0,0.0,0.0,0.0,0.0,1.0,0.0,0.0,0.0,0.0,1.0,0.0,1.0,0.0,1.0,0.0,0.0,0.0,0.0,0.0,0.0,0.0,0.0,0.0,0.0,0.0,0.0,0.0,0.0,0.0
88ad36700dfffff,0.0,0.0,0.0,0.0,0.0,0.0,0.0,0.0,1.0,0.0,0.0,0.0,0.0,0.0,0.0,0.0,0.0,0.0,0.0,0.0,1.0,0.0,0.0,0.0,0.0,0.0,0.0,0.0,0.0,0.0,0.0,0.0,0.0,0.0,0.0,0.0,0.0,0.0,0.0,0.0,0.0,0.0,0.0,0.0,0.0,0.0,0.0,0.0,0.0,0.0,0.0,0.0,0.0
88ad367011fffff,4.0,2.0,5.0,3.0,12.0,9.0,9.0,5.0,13.0,21.0,7.0,5.0,6.0,1.0,4.0,2.0,2.0,1.0,4.0,1.0,2.0,3.0,4.0,5.0,8.0,5.0,8.0,4.0,5.0,8.0,10.0,14.0,6.0,7.0,7.0,7.0,3.0,5.0,0.0,5.0,17.0,3.0,5.0,8.0,8.0,7.0,6.0,7.0,10.0,15.0,12.0,2.0,1.0
88ad367013fffff,3.0,3.0,7.0,5.0,11.0,11.0,8.0,5.0,7.0,10.0,15.0,4.0,7.0,3.0,5.0,1.0,4.0,4.0,1.0,0.0,5.0,1.0,4.0,3.0,3.0,9.0,2.0,2.0,2.0,2.0,4.0,1.0,3.0,5.0,3.0,4.0,5.0,6.0,1.0,8.0,9.0,6.0,4.0,8.0,9.0,11.0,6.0,6.0,7.0,5.0,13.0,5.0,3.0
88ad367015fffff,1.0,3.0,4.0,6.0,5.0,5.0,10.0,24.0,4.0,15.0,6.0,7.0,4.0,5.0,2.0,1.0,0.0,0.0,0.0,2.0,1.0,4.0,7.0,8.0,8.0,3.0,8.0,6.0,10.0,3.0,7.0,10.0,1.0,6.0,4.0,7.0,9.0,4.0,4.0,6.0,7.0,6.0,9.0,3.0,6.0,2.0,5.0,4.0,7.0,5.0,7.0,2.0,4.0
88ad367017fffff,10.0,30.0,62.0,19.0,30.0,25.0,21.0,75.0,17.0,36.0,28.0,11.0,18.0,12.0,9.0,4.0,6.0,7.0,15.0,7.0,16.0,14.0,14.0,26.0,18.0,25.0,12.0,20.0,22.0,30.0,18.0,17.0,19.0,29.0,20.0,26.0,27.0,36.0,26.0,16.0,26.0,32.0,16.0,30.0,28.0,15.0,35.0,28.0,21.0,24.0,15.0,13.0,8.0
88ad367019fffff,0.0,0.0,0.0,0.0,0.0,1.0,0.0,0.0,2.0,0.0,0.0,0.0,0.0,0.0,0.0,0.0,0.0,0.0,0.0,0.0,1.0,0.0,0.0,0.0,0.0,1.0,0.0,1.0,1.0,0.0,1.0,0.0,0.0,0.0,0.0,0.0,0.0,0.0,0.0,0.0,0.0,1.0,1.0,7.0,2.0,1.0,3.0,0.0,3.0,0.0,0.0,0.0,0.0
88ad36701bfffff,0.0,0.0,0.0,1.0,2.0,2.0,1.0,0.0,0.0,0.0,0.0,0.0,0.0,0.0,0.0,0.0,1.0,0.0,0.0,0.0,0.0,0.0,0.0,0.0,0.0,0.0,1.0,2.0,4.0,1.0,0.0,0.0,1.0,1.0,0.0,2.0,1.0,1.0,0.0,0.0,0.0,0.0,1.0,0.0,1.0,0.0,2.0,1.0,0.0,0.0,2.0,0.0,0.0
88ad36701dfffff,9.0,13.0,16.0,17.0,24.0,15.0,23.0,14.0,8.0,16.0,9.0,18.0,26.0,8.0,22.0,21.0,14.0,12.0,16.0,19.0,11.0,17.0,10.0,9.0,13.0,11.0,8.0,22.0,11.0,21.0,8.0,20.0,19.0,14.0,8.0,11.0,18.0,14.0,10.0,23.0,17.0,9.0,3.0,11.0,23.0,14.0,11.0,12.0,20.0,13.0,9.0,4.0,10.0
88ad367025fffff,0.0,0.0,0.0,0.0,0.0,0.0,0.0,0.0,0.0,0.0,0.0,1.0,0.0,0.0,0.0,0.0,0.0,0.0,1.0,0.0,0.0,0.0,0.0,0.0,0.0,0.0,0.0,0.0,0.0,0.0,0.0,0.0,0.0,0.0,0.0,0.0,0.0,0.0,0.0,0.0,0.0,0.0,0.0,0.0,0.0,0.0,0.0,0.0,0.0,0.0,0.0,0.0,0.0
88ad367029fffff,0.0,0.0,0.0,1.0,0.0,0.0,0.0,0.0,0.0,0.0,0.0,0.0,0.0,0.0,0.0,0.0,0.0,0.0,0.0,0.0,0.0,0.0,0.0,0.0,0.0,0.0,0.0,0.0,0.0,0.0,0.0,0.0,0.0,0.0,0.0,0.0,0.0,0.0,0.0,0.0,0.0,0.0,0.0,0.0,0.0,0.0,0.0,0.0,0.0,0.0,0.0,0.0,0.0
88ad36702bfffff,0.0,0.0,0.0,0.0,0.0,0.0,0.0,0.0,0.0,0.0,0.0,0.0,0.0,0.0,0.0,0.0,0.0,0.0,0.0,0.0,0.0,0.0,0.0,0.0,0.0,0.0,0.0,0.0,1.0,0.0,0.0,0.0,0.0,0.0,0.0,0.0,0.0,0.0,0.0,0.0,0.0,0.0,0.0,1.0,1.0,1.0,0.0,0.0,0.0,0.0,0.0,0.0,0.0
88ad367031fffff,2.0,4.0,2.0,3.0,2.0,1.0,3.0,40.0,4.0,2.0,1.0,3.0,2.0,4.0,0.0,0.0,1.0,3.0,1.0,16.0,1.0,0.0,0.0,0.0,0.0,4.0,4.0,4.0,5.0,1.0,4.0,1.0,1.0,2.0,4.0,2.0,1.0,2.0,1.0,2.0,2.0,4.0,5.0,7.0,4.0,5.0,0.0,3.0,0.0,2.0,2.0,4.0,0.0
88ad367033fffff,8.0,12.0,66.0,8.0,14.0,13.0,9.0,64.0,40.0,33.0,19.0,10.0,11.0,8.0,6.0,2.0,4.0,8.0,4.0,14.0,6.0,3.0,13.0,15.0,4.0,10.0,12.0,9.0,10.0,7.0,10.0,10.0,5.0,10.0,11.0,10.0,16.0,8.0,7.0,11.0,11.0,8.0,13.0,14.0,18.0,32.0,26.0,69.0,95.0,20.0,13.0,11.0,3.0
88ad367037fffff,0.0,1.0,3.0,0.0,2.0,0.0,1.0,0.0,1.0,1.0,0.0,0.0,0.0,0.0,1.0,0.0,1.0,0.0,0.0,0.0,0.0,2.0,0.0,0.0,0.0,0.0,0.0,1.0,0.0,2.0,0.0,0.0,0.0,1.0,2.0,0.0,1.0,4.0,3.0,0.0,0.0,0.0,0.0,3.0,0.0,1.0,0.0,0.0,3.0,3.0,0.0,0.0,0.0
88ad367039fffff,0.0,0.0,0.0,0.0,0.0,0.0,0.0,0.0,0.0,0.0,0.0,0.0,0.0,0.0,0.0,0.0,0.0,0.0,0.0,0.0,0.0,0.0,0.0,0.0,0.0,0.0,0.0,0.0,0.0,0.0,0.0,0.0,2.0,0.0,0.0,0.0,0.0,0.0,0.0,0.0,0.0,0.0,0.0,0.0,0.0,0.0,0.0,0.0,0.0,0.0,0.0,0.0,0.0
88ad36703bfffff,10.0,14.0,229.0,23.0,19.0,22.0,24.0,204.0,20.0,24.0,42.0,16.0,14.0,12.0,8.0,18.0,10.0,6.0,12.0,18.0,5.0,9.0,11.0,18.0,5.0,10.0,15.0,12.0,11.0,11.0,15.0,15.0,25.0,18.0,13.0,18.0,12.0,25.0,15.0,19.0,23.0,24.0,13.0,29.0,28.0,16.0,21.0,22.0,13.0,27.0,11.0,13.0,5.0
88ad36703dfffff,0.0,0.0,0.0,0.0,0.0,0.0,0.0,0.0,0.0,0.0,0.0,0.0,0.0,0.0,0.0,0.0,0.0,0.0,0.0,0.0,0.0,0.0,0.0,0.0,0.0,0.0,0.0,0.0,0.0,0.0,0.0,0.0,0.0,0.0,0.0,0.0,0.0,0.0,0.0,0.0,0.0,0.0,0.0,0.0,0.0,0.0,0.0,0.0,0.0,0.0,1.0,1.0,0.0
88ad367041fffff,0.0,0.0,0.0,1.0,0.0,0.0,0.0,0.0,0.0,0.0,0.0,0.0,0.0,0.0,0.0,0.0,0.0,0.0,0.0,0.0,0.0,0.0,0.0,0.0,0.0,0.0,0.0,0.0,0.0,1.0,0.0,0.0,0.0,0.0,0.0,0.0,0.0,0.0,0.0,0.0,0.0,0.0,0.0,0.0,0.0,1.0,0.0,0.0,0.0,0.0,0.0,0.0,1.0
88ad367043fffff,0.0,0.0,0.0,0.0,0.0,0.0,0.0,0.0,0.0,0.0,0.0,0.0,0.0,0.0,0.0,0.0,0.0,0.0,0.0,0.0,0.0,0.0,0.0,0.0,0.0,0.0,0.0,0.0,0.0,0.0,0.0,0.0,0.0,0.0,0.0,1.0,0.0,0.0,0.0,1.0,1.0,0.0,0.0,0.0,0.0,0.0,0.0,0.0,0.0,0.0,0.0,0.0,1.0
88ad367045fffff,0.0,1.0,0.0,0.0,0.0,0.0,1.0,0.0,0.0,0.0,0.0,0.0,0.0,0.0,0.0,0.0,0.0,0.0,0.0,0.0,0.0,0.0,0.0,0.0,0.0,0.0,0.0,0.0,0.0,0.0,0.0,0.0,0.0,0.0,0.0,0.0,0.0,0.0,0.0,0.0,0.0,0.0,0.0,0.0,0.0,0.0,0.0,0.0,0.0,0.0,0.0,0.0,0.0
88ad367047fffff,0.0,0.0,0.0,0.0,0.0,0.0,0.0,0.0,0.0,0.0,0.0,0.0,0.0,0.0,0.0,1.0,0.0,0.0,0.0,0.0,0.0,0.0,0.0,0.0,0.0,1.0,0.0,1.0,0.0,0.0,0.0,0.0,0.0,2.0,1.0,0.0,0.0,0.0,0.0,0.0,0.0,0.0,0.0,0.0,0.0,1.0,1.0,0.0,1.0,0.0,0.0,0.0,1.0
88ad367049fffff,0.0,1.0,0.0,0.0,0.0,0.0,1.0,0.0,0.0,0.0,0.0,0.0,0.0,0.0,0.0,0.0,0.0,0.0,0.0,1.0,0.0,0.0,0.0,0.0,0.0,0.0,1.0,0.0,0.0,0.0,0.0,0.0,0.0,0.0,0.0,1.0,0.0,0.0,0.0,0.0,2.0,0.0,0.0,0.0,0.0,0.0,0.0,0.0,0.0,0.0,0.0,0.0,0.0
88ad36704bfffff,0.0,0.0,0.0,0.0,0.0,0.0,0.0,0.0,0.0,0.0,0.0,0.0,0.0,0.0,0.0,0.0,0.0,0.0,0.0,0.0,0.0,0.0,0.0,0.0,0.0,0.0,0.0,0.0,0.0,0.0,0.0,0.0,0.0,0.0,1.0,0.0,0.0,0.0,0.0,0.0,1.0,0.0,0.0,0.0,0.0,0.0,0.0,0.0,0.0,0.0,0.0,0.0,0.0
88ad367055fffff,0.0,0.0,0.0,0.0,0.0,0.0,0.0,0.0,0.0,0.0,0.0,0.0,0.0,0.0,0.0,0.0,0.0,0.0,0.0,0.0,1.0,0.0,0.0,0.0,0.0,0.0,0.0,0.0,0.0,0.0,0.0,0.0,1.0,0.0,0.0,0.0,0.0,1.0,0.0,0.0,0.0,0.0,0.0,0.0,1.0,0.0,1.0,0.0,0.0,0.0,0.0,0.0,0.0
88ad367057fffff,0.0,0.0,0.0,0.0,0.0,0.0,0.0,0.0,0.0,0.0,0.0,0.0,0.0,0.0,0.0,0.0,0.0,1.0,0.0,0.0,0.0,0.0,0.0,0.0,0.0,0.0,0.0,0.0,0.0,0.0,0.0,0.0,0.0,0.0,0.0,0.0,0.0,0.0,1.0,1.0,0.0,0.0,0.0,0.0,0.0,1.0,0.0,0.0,1.0,2.0,0.0,0.0,0.0
88ad367059fffff,0.0,0.0,0.0,0.0,0.0,0.0,0.0,0.0,6.0,0.0,0.0,0.0,0.0,0.0,0.0,0.0,0.0,0.0,0.0,0.0,0.0,0.0,0.0,0.0,1.0,0.0,0.0,0.0,0.0,0.0,0.0,0.0,0.0,0.0,0.0,0.0,0.0,1.0,1.0,0.0,1.0,0.0,0.0,0.0,0.0,0.0,0.0,0.0,0.0,0.0,0.0,0.0,0.0
88ad36705dfffff,0.0,1.0,0.0,1.0,0.0,0.0,1.0,1.0,1.0,0.0,1.0,0.0,0.0,0.0,0.0,0.0,0.0,0.0,0.0,0.0,0.0,0.0,0.0,0.0,0.0,1.0,0.0,0.0,1.0,3.0,0.0,0.0,1.0,0.0,0.0,0.0,1.0,0.0,2.0,3.0,0.0,0.0,0.0,0.0,0.0,0.0,0.0,1.0,0.0,0.0,0.0,0.0,0.0
88ad367061fffff,0.0,0.0,0.0,0.0,0.0,0.0,0.0,0.0,0.0,0.0,0.0,0.0,0.0,0.0,0.0,0.0,0.0,0.0,0.0,0.0,0.0,0.0,0.0,0.0,0.0,0.0,1.0,0.0,0.0,0.0,0.0,0.0,0.0,0.0,0.0,0.0,0.0,0.0,0.0,0.0,0.0,0.0,0.0,0.0,0.0,0.0,0.0,0.0,0.0,0.0,0.0,0.0,0.0
88ad367063fffff,0.0,0.0,0.0,0.0,1.0,0.0,0.0,0.0,0.0,0.0,0.0,0.0,0.0,0.0,0.0,0.0,0.0,0.0,0.0,0.0,0.0,0.0,0.0,0.0,0.0,0.0,0.0,0.0,0.0,0.0,0.0,0.0,0.0,0.0,0.0,0.0,0.0,0.0,0.0,0.0,0.0,0.0,0.0,0.0,0.0,0.0,0.0,0.0,0.0,0.0,0.0,0.0,0.0
88ad367067fffff,0.0,0.0,0.0,0.0,0.0,0.0,0.0,0.0,1.0,0.0,0.0,0.0,0.0,0.0,0.0,0.0,0.0,0.0,0.0,0.0,0.0,0.0,0.0,0.0,0.0,0.0,0.0,0.0,0.0,0.0,0.0,0.0,0.0,0.0,0.0,0.0,0.0,0.0,0.0,0.0,0.0,0.0,0.0,0.0,0.0,0.0,0.0,0.0,0.0,0.0,0.0,0.0,0.0
88ad367069fffff,0.0,0.0,0.0,0.0,0.0,0.0,0.0,0.0,0.0,0.0,0.0,0.0,0.0,0.0,0.0,0.0,0.0,0.0,0.0,0.0,0.0,0.0,0.0,0.0,0.0,0.0,0.0,0.0,0.0,0.0,0.0,0.0,0.0,0.0,0.0,0.0,0.0,0.0,0.0,1.0,0.0,0.0,0.0,0.0,0.0,0.0,0.0,0.0,0.0,0.0,0.0,0.0,0.0
88ad3670a1fffff,0.0,0.0,0.0,7.0,0.0,0.0,0.0,0.0,0.0,3.0,0.0,0.0,0.0,1.0,0.0,0.0,0.0,0.0,1.0,1.0,0.0,2.0,0.0,0.0,0.0,0.0,4.0,1.0,0.0,0.0,0.0,0.0,1.0,0.0,1.0,0.0,0.0,0.0,0.0,0.0,0.0,0.0,0.0,0.0,0.0,0.0,0.0,0.0,0.0,0.0,3.0,1.0,0.0
88ad3670a5fffff,1.0,1.0,16.0,39.0,12.0,4.0,6.0,2.0,4.0,18.0,3.0,0.0,4.0,5.0,1.0,1.0,0.0,1.0,2.0,1.0,1.0,4.0,0.0,3.0,5.0,3.0,6.0,5.0,2.0,9.0,8.0,6.0,0.0,5.0,5.0,4.0,2.0,0.0,0.0,2.0,2.0,0.0,1.0,1.0,3.0,3.0,1.0,5.0,4.0,0.0,2.0,10.0,1.0
88ad3670adfffff,2.0,42.0,177.0,151.0,13.0,10.0,19.0,21.0,18.0,108.0,8.0,8.0,15.0,12.0,3.0,3.0,5.0,1.0,8.0,7.0,5.0,5.0,8.0,8.0,6.0,2.0,10.0,20.0,6.0,10.0,9.0,10.0,13.0,16.0,13.0,12.0,14.0,13.0,9.0,19.0,9.0,12.0,13.0,14.0,7.0,7.0,8.0,10.0,17.0,7.0,10.0,13.0,1.0
88ad3670b1fffff,0.0,0.0,0.0,0.0,0.0,0.0,0.0,0.0,0.0,0.0,0.0,0.0,0.0,0.0,0.0,0.0,0.0,0.0,0.0,0.0,0.0,0.0,0.0,1.0,0.0,0.0,0.0,0.0,0.0,0.0,0.0,0.0,0.0,0.0,0.0,0.0,0.0,0.0,0.0,0.0,0.0,0.0,0.0,0.0,0.0,0.0,0.0,0.0,0.0,0.0,0.0,0.0,0.0
88ad3670c1fffff,0.0,0.0,1.0,2.0,0.0,0.0,0.0,0.0,0.0,0.0,0.0,0.0,0.0,0.0,0.0,0.0,0.0,0.0,0.0,0.0,0.0,0.0,0.0,0.0,0.0,0.0,0.0,1.0,0.0,0.0,0.0,0.0,0.0,0.0,0.0,0.0,0.0,0.0,0.0,0.0,0.0,0.0,0.0,0.0,0.0,0.0,0.0,0.0,0.0,0.0,0.0,0.0,0.0
88ad3670c5fffff,4.0,9.0,3.0,5.0,7.0,3.0,7.0,8.0,3.0,7.0,3.0,38.0,1.0,5.0,1.0,0.0,4.0,0.0,1.0,3.0,1.0,2.0,2.0,4.0,2.0,5.0,2.0,4.0,4.0,7.0,4.0,2.0,16.0,2.0,1.0,1.0,7.0,2.0,6.0,2.0,7.0,3.0,11.0,11.0,5.0,3.0,7.0,5.0,4.0,3.0,6.0,1.0,2.0
88ad3670c9fffff,0.0,3.0,0.0,2.0,0.0,0.0,1.0,1.0,0.0,1.0,2.0,1.0,1.0,1.0,0.0,2.0,1.0,1.0,2.0,1.0,0.0,1.0,1.0,1.0,0.0,0.0,2.0,3.0,3.0,1.0,0.0,1.0,1.0,0.0,0.0,0.0,0.0,1.0,0.0,3.0,1.0,2.0,0.0,1.0,0.0,0.0,0.0,1.0,0.0,1.0,1.0,0.0,0.0
88ad3670cdfffff,0.0,3.0,0.0,1.0,1.0,2.0,1.0,0.0,1.0,2.0,1.0,1.0,0.0,0.0,1.0,0.0,0.0,0.0,0.0,0.0,0.0,0.0,1.0,0.0,2.0,3.0,3.0,2.0,14.0,8.0,5.0,0.0,9.0,6.0,7.0,2.0,3.0,1.0,1.0,3.0,1.0,1.0,1.0,4.0,0.0,3.0,3.0,2.0,0.0,3.0,4.0,1.0,1.0
88ad3670e1fffff,2.0,29.0,27.0,20.0,19.0,27.0,24.0,24.0,30.0,15.0,19.0,9.0,16.0,15.0,17.0,8.0,19.0,9.0,21.0,10.0,12.0,3.0,12.0,19.0,13.0,18.0,29.0,15.0,24.0,15.0,23.0,14.0,22.0,17.0,32.0,23.0,46.0,39.0,25.0,27.0,31.0,29.0,39.0,28.0,34.0,36.0,30.0,38.0,25.0,33.0,25.0,23.0,23.0
88ad3670e3fffff,0.0,0.0,0.0,0.0,0.0,0.0,0.0,0.0,0.0,0.0,0.0,0.0,0.0,0.0,0.0,0.0,0.0,0.0,1.0,0.0,0.0,0.0,0.0,0.0,0.0,0.0,0.0,0.0,0.0,0.0,0.0,0.0,0.0,0.0,0.0,0.0,0.0,0.0,0.0,0.0,0.0,0.0,0.0,0.0,0.0,0.0,0.0,0.0,0.0,0.0,0.0,0.0,0.0
88ad3670e5fffff,13.0,21.0,27.0,20.0,26.0,20.0,14.0,21.0,16.0,49.0,13.0,13.0,25.0,10.0,6.0,6.0,10.0,2.0,4.0,11.0,6.0,9.0,12.0,11.0,12.0,6.0,10.0,16.0,18.0,16.0,13.0,18.0,12.0,13.0,14.0,28.0,24.0,21.0,20.0,31.0,13.0,10.0,17.0,21.0,36.0,73.0,52.0,17.0,18.0,17.0,17.0,16.0,6.0
88ad3670e7fffff,93.0,253.0,146.0,48.0,132.0,163.0,108.0,78.0,82.0,198.0,25.0,26.0,30.0,32.0,24.0,27.0,7.0,15.0,12.0,20.0,19.0,28.0,16.0,9.0,14.0,30.0,42.0,47.0,17.0,27.0,40.0,35.0,36.0,30.0,33.0,39.0,41.0,32.0,33.0,27.0,32.0,46.0,33.0,40.0,39.0,23.0,20.0,32.0,42.0,41.0,45.0,31.0,16.0
88ad3670e9fffff,15.0,15.0,24.0,17.0,32.0,30.0,27.0,22.0,43.0,32.0,36.0,32.0,18.0,20.0,17.0,11.0,8.0,12.0,17.0,24.0,17.0,14.0,17.0,28.0,15.0,26.0,36.0,23.0,38.0,26.0,16.0,16.0,15.0,23.0,23.0,21.0,27.0,28.0,26.0,25.0,35.0,27.0,42.0,26.0,33.0,44.0,21.0,42.0,19.0,23.0,15.0,24.0,8.0
88ad3670ebfffff,2.0,2.0,6.0,1.0,7.0,8.0,3.0,7.0,6.0,10.0,11.0,5.0,1.0,2.0,3.0,7.0,1.0,3.0,3.0,8.0,1.0,5.0,2.0,6.0,6.0,3.0,7.0,5.0,7.0,9.0,4.0,5.0,5.0,4.0,4.0,8.0,8.0,4.0,3.0,8.0,7.0,8.0,7.0,5.0,8.0,6.0,9.0,9.0,6.0,4.0,17.0,9.0,2.0
88ad3670edfffff,13.0,208.0,426.0,18.0,30.0,31.0,27.0,19.0,26.0,41.0,26.0,35.0,25.0,21.0,17.0,15.0,5.0,13.0,19.0,24.0,9.0,16.0,22.0,24.0,28.0,25.0,20.0,28.0,25.0,20.0,24.0,25.0,19.0,21.0,23.0,16.0,34.0,22.0,23.0,20.0,25.0,30.0,20.0,19.0,51.0,30.0,52.0,60.0,24.0,27.0,13.0,8.0,15.0
88ad36711bfffff,0.0,0.0,0.0,0.0,0.0,0.0,0.0,0.0,0.0,0.0,0.0,0.0,0.0,0.0,0.0,0.0,0.0,0.0,0.0,0.0,0.0,0.0,0.0,0.0,1.0,0.0,0.0,0.0,0.0,0.0,0.0,0.0,0.0,0.0,0.0,0.0,0.0,0.0,0.0,0.0,0.0,0.0,0.0,0.0,0.0,0.0,0.0,0.0,0.0,0.0,0.0,0.0,0.0
88ad367149fffff,0.0,0.0,0.0,0.0,0.0,0.0,0.0,0.0,0.0,0.0,0.0,0.0,0.0,0.0,0.0,0.0,0.0,0.0,0.0,0.0,0.0,0.0,0.0,0.0,0.0,0.0,0.0,0.0,0.0,0.0,0.0,0.0,0.0,0.0,0.0,0.0,0.0,0.0,0.0,0.0,0.0,0.0,0.0,0.0,0.0,0.0,0.0,0.0,0.0,1.0,0.0,1.0,0.0
88ad36714bfffff,0.0,0.0,0.0,0.0,0.0,0.0,0.0,0.0,0.0,0.0,0.0,0.0,0.0,0.0,0.0,0.0,0.0,0.0,0.0,0.0,0.0,0.0,0.0,0.0,0.0,0.0,0.0,0.0,0.0,0.0,0.0,0.0,0.0,0.0,0.0,0.0,0.0,0.0,0.0,0.0,3.0,0.0,0.0,0.0,0.0,0.0,0.0,0.0,0.0,0.0,0.0,0.0,0.0
88ad367151fffff,0.0,0.0,0.0,0.0,0.0,0.0,0.0,0.0,0.0,0.0,0.0,0.0,0.0,0.0,0.0,0.0,0.0,0.0,0.0,0.0,0.0,0.0,0.0,0.0,0.0,0.0,0.0,0.0,0.0,0.0,0.0,0.0,0.0,0.0,0.0,0.0,0.0,1.0,0.0,0.0,0.0,0.0,0.0,0.0,0.0,1.0,0.0,0.0,0.0,0.0,0.0,0.0,0.0
88ad367181fffff,0.0,0.0,0.0,0.0,0.0,0.0,0.0,0.0,0.0,0.0,0.0,0.0,0.0,0.0,0.0,0.0,0.0,0.0,0.0,0.0,0.0,0.0,0.0,1.0,0.0,0.0,0.0,0.0,0.0,0.0,0.0,0.0,0.0,0.0,0.0,0.0,0.0,0.0,0.0,0.0,0.0,0.0,0.0,0.0,0.0,0.0,0.0,0.0,0.0,0.0,0.0,0.0,0.0
88ad367185fffff,0.0,0.0,0.0,0.0,0.0,0.0,0.0,0.0,0.0,0.0,0.0,0.0,0.0,0.0,0.0,0.0,1.0,0.0,0.0,0.0,0.0,0.0,0.0,1.0,0.0,2.0,1.0,0.0,0.0,0.0,1.0,0.0,0.0,0.0,0.0,0.0,0.0,0.0,0.0,0.0,0.0,0.0,0.0,0.0,0.0,0.0,0.0,0.0,0.0,0.0,0.0,0.0,0.0
88ad367189fffff,2.0,1.0,4.0,8.0,3.0,3.0,7.0,8.0,1.0,10.0,2.0,6.0,2.0,2.0,0.0,0.0,3.0,2.0,1.0,3.0,1.0,1.0,1.0,3.0,2.0,5.0,2.0,6.0,5.0,2.0,2.0,6.0,2.0,4.0,2.0,6.0,2.0,2.0,2.0,7.0,5.0,13.0,7.0,5.0,5.0,2.0,6.0,1.0,6.0,3.0,3.0,3.0,4.0
88ad36718bfffff,1.0,0.0,0.0,0.0,0.0,0.0,0.0,0.0,0.0,0.0,0.0,0.0,0.0,0.0,0.0,0.0,0.0,0.0,0.0,0.0,0.0,0.0,0.0,0.0,0.0,0.0,0.0,0.0,0.0,0.0,0.0,0.0,0.0,0.0,0.0,0.0,0.0,0.0,0.0,0.0,0.0,0.0,0.0,0.0,0.0,0.0,0.0,0.0,0.0,0.0,0.0,0.0,0.0
88ad36718dfffff,0.0,0.0,1.0,1.0,0.0,0.0,0.0,0.0,0.0,0.0,0.0,1.0,0.0,0.0,0.0,3.0,0.0,3.0,0.0,0.0,0.0,1.0,0.0,0.0,0.0,0.0,1.0,0.0,0.0,0.0,2.0,2.0,3.0,2.0,1.0,0.0,0.0,2.0,2.0,5.0,10.0,1.0,1.0,1.0,3.0,2.0,0.0,1.0,4.0,0.0,0.0,0.0,0.0
88ad367193fffff,0.0,1.0,0.0,0.0,0.0,1.0,1.0,0.0,1.0,2.0,0.0,1.0,0.0,0.0,0.0,0.0,0.0,0.0,0.0,0.0,1.0,0.0,0.0,0.0,0.0,1.0,1.0,0.0,2.0,0.0,3.0,1.0,0.0,0.0,0.0,0.0,2.0,1.0,0.0,1.0,0.0,0.0,0.0,0.0,0.0,1.0,1.0,0.0,0.0,0.0,0.0,0.0,1.0
88ad36719bfffff,0.0,0.0,0.0,0.0,0.0,0.0,0.0,0.0,0.0,0.0,0.0,0.0,0.0,0.0,0.0,0.0,0.0,0.0,0.0,0.0,0.0,0.0,0.0,0.0,0.0,0.0,0.0,0.0,0.0,0.0,0.0,0.0,0.0,0.0,0.0,0.0,0.0,0.0,0.0,1.0,0.0,0.0,0.0,0.0,0.0,0.0,0.0,0.0,0.0,0.0,0.0,0.0,0.0
88ad3671c3fffff,0.0,1.0,0.0,3.0,1.0,4.0,1.0,0.0,0.0,0.0,1.0,0.0,0.0,0.0,0.0,0.0,0.0,0.0,0.0,0.0,0.0,0.0,2.0,2.0,0.0,2.0,1.0,1.0,1.0,0.0,1.0,0.0,0.0,0.0,2.0,0.0,5.0,1.0,0.0,2.0,0.0,0.0,1.0,0.0,0.0,1.0,1.0,1.0,0.0,0.0,0.0,0.0,0.0
88ad3671c7fffff,1.0,0.0,0.0,1.0,1.0,0.0,0.0,3.0,1.0,2.0,0.0,5.0,2.0,2.0,0.0,0.0,3.0,2.0,0.0,1.0,2.0,0.0,1.0,0.0,2.0,2.0,1.0,1.0,0.0,0.0,0.0,0.0,0.0,0.0,0.0,0.0,0.0,0.0,1.0,1.0,0.0,0.0,1.0,1.0,0.0,1.0,0.0,0.0,0.0,1.0,0.0,0.0,0.0
88ad3671d1fffff,4.0,2.0,4.0,2.0,3.0,3.0,2.0,7.0,1.0,12.0,2.0,2.0,3.0,5.0,0.0,2.0,0.0,2.0,1.0,2.0,4.0,1.0,1.0,5.0,4.0,2.0,4.0,3.0,2.0,4.0,7.0,7.0,5.0,3.0,5.0,11.0,2.0,6.0,0.0,2.0,2.0,1.0,2.0,2.0,10.0,9.0,11.0,2.0,4.0,2.0,2.0,3.0,0.0
88ad3671d3fffff,4.0,0.0,26.0,35.0,33.0,5.0,13.0,2.0,10.0,14.0,3.0,2.0,3.0,3.0,1.0,0.0,0.0,0.0,3.0,0.0,1.0,4.0,5.0,4.0,1.0,2.0,4.0,3.0,3.0,5.0,2.0,6.0,0.0,2.0,1.0,4.0,0.0,4.0,1.0,5.0,1.0,2.0,3.0,3.0,5.0,3.0,1.0,4.0,6.0,2.0,5.0,5.0,3.0
88ad3671d5fffff,0.0,0.0,0.0,0.0,0.0,0.0,0.0,0.0,0.0,0.0,0.0,0.0,0.0,0.0,0.0,0.0,0.0,0.0,0.0,0.0,0.0,0.0,0.0,0.0,0.0,0.0,0.0,0.0,0.0,0.0,0.0,0.0,0.0,0.0,0.0,0.0,0.0,1.0,0.0,0.0,1.0,0.0,0.0,0.0,0.0,0.0,0.0,0.0,0.0,0.0,0.0,0.0,0.0
88ad3671d9fffff,4.0,7.0,11.0,13.0,13.0,8.0,12.0,5.0,15.0,33.0,10.0,10.0,15.0,12.0,9.0,5.0,8.0,10.0,6.0,4.0,5.0,9.0,12.0,9.0,8.0,9.0,8.0,20.0,17.0,24.0,11.0,10.0,10.0,12.0,19.0,13.0,10.0,13.0,8.0,13.0,26.0,16.0,10.0,16.0,17.0,18.0,9.0,45.0,14.0,4.0,8.0,5.0,8.0
88ad3671dbfffff,13.0,25.0,79.0,36.0,104.0,73.0,107.0,53.0,35.0,133.0,23.0,19.0,17.0,16.0,11.0,6.0,11.0,15.0,6.0,12.0,8.0,8.0,25.0,15.0,24.0,18.0,22.0,16.0,28.0,25.0,17.0,16.0,15.0,22.0,31.0,16.0,35.0,16.0,20.0,19.0,20.0,17.0,14.0,32.0,36.0,42.0,18.0,17.0,24.0,27.0,19.0,17.0,9.0
88ad367207fffff,0.0,0.0,0.0,0.0,0.0,0.0,0.0,0.0,0.0,0.0,0.0,0.0,0.0,0.0,0.0,0.0,0.0,0.0,1.0,0.0,0.0,0.0,0.0,0.0,0.0,0.0,0.0,0.0,0.0,0.0,0.0,0.0,0.0,0.0,0.0,0.0,0.0,0.0,0.0,0.0,0.0,0.0,0.0,0.0,0.0,0.0,0.0,0.0,0.0,0.0,0.0,0.0,0.0
88ad36720bfffff,0.0,0.0,0.0,0.0,0.0,0.0,0.0,0.0,0.0,0.0,0.0,0.0,0.0,0.0,0.0,0.0,0.0,0.0,0.0,0.0,0.0,0.0,0.0,0.0,0.0,0.0,0.0,0.0,0.0,0.0,0.0,0.0,0.0,1.0,0.0,0.0,0.0,0.0,0.0,1.0,0.0,1.0,1.0,1.0,0.0,0.0,0.0,0.0,0.0,0.0,0.0,0.0,0.0
88ad367211fffff,0.0,0.0,0.0,0.0,1.0,0.0,0.0,0.0,0.0,0.0,0.0,0.0,0.0,0.0,0.0,0.0,0.0,0.0,0.0,0.0,0.0,0.0,0.0,0.0,0.0,0.0,0.0,0.0,0.0,0.0,0.0,0.0,0.0,0.0,0.0,0.0,0.0,0.0,0.0,0.0,0.0,0.0,0.0,0.0,0.0,0.0,0.0,0.0,0.0,0.0,0.0,0.0,0.0
88ad367223fffff,0.0,0.0,0.0,0.0,0.0,0.0,0.0,0.0,0.0,0.0,0.0,0.0,0.0,0.0,0.0,0.0,1.0,0.0,1.0,0.0,0.0,0.0,0.0,0.0,0.0,0.0,0.0,0.0,1.0,0.0,0.0,1.0,0.0,0.0,0.0,0.0,2.0,1.0,0.0,0.0,1.0,0.0,0.0,0.0,0.0,0.0,0.0,0.0,0.0,0.0,0.0,0.0,1.0
88ad367227fffff,0.0,0.0,0.0,0.0,1.0,0.0,0.0,0.0,0.0,0.0,0.0,0.0,0.0,0.0,0.0,0.0,0.0,0.0,0.0,0.0,0.0,1.0,0.0,0.0,0.0,0.0,0.0,0.0,0.0,0.0,0.0,0.0,0.0,0.0,0.0,0.0,0.0,0.0,0.0,0.0,0.0,0.0,0.0,0.0,0.0,1.0,0.0,0.0,0.0,0.0,0.0,0.0,0.0
88ad36722bfffff,0.0,0.0,0.0,0.0,0.0,0.0,0.0,1.0,0.0,0.0,0.0,0.0,0.0,0.0,0.0,0.0,1.0,0.0,0.0,0.0,0.0,1.0,0.0,0.0,0.0,0.0,0.0,0.0,0.0,0.0,0.0,0.0,0.0,0.0,0.0,0.0,0.0,0.0,0.0,1.0,1.0,0.0,0.0,0.0,0.0,0.0,0.0,0.0,0.0,0.0,0.0,0.0,0.0
88ad367231fffff,0.0,0.0,0.0,0.0,0.0,0.0,0.0,0.0,0.0,0.0,0.0,0.0,0.0,0.0,0.0,0.0,0.0,0.0,0.0,0.0,0.0,0.0,0.0,0.0,0.0,0.0,0.0,0.0,0.0,0.0,0.0,0.0,0.0,0.0,0.0,1.0,0.0,0.0,1.0,0.0,0.0,0.0,0.0,0.0,0.0,0.0,1.0,2.0,0.0,0.0,0.0,1.0,1.0
88ad367233fffff,0.0,0.0,0.0,0.0,0.0,0.0,0.0,0.0,0.0,0.0,0.0,0.0,0.0,0.0,0.0,0.0,0.0,0.0,0.0,0.0,0.0,0.0,0.0,0.0,0.0,0.0,0.0,0.0,0.0,0.0,0.0,0.0,0.0,0.0,0.0,0.0,0.0,0.0,0.0,1.0,1.0,0.0,1.0,0.0,0.0,0.0,0.0,0.0,0.0,0.0,0.0,0.0,0.0
88ad367235fffff,0.0,0.0,0.0,0.0,0.0,0.0,0.0,0.0,0.0,0.0,0.0,0.0,0.0,0.0,0.0,0.0,0.0,0.0,0.0,0.0,0.0,0.0,0.0,1.0,0.0,0.0,0.0,0.0,0.0,0.0,0.0,0.0,0.0,0.0,0.0,0.0,0.0,0.0,0.0,0.0,0.0,0.0,0.0,0.0,0.0,0.0,0.0,0.0,0.0,0.0,0.0,0.0,1.0
88ad367237fffff,0.0,0.0,0.0,0.0,0.0,1.0,0.0,0.0,0.0,0.0,1.0,0.0,0.0,0.0,0.0,0.0,0.0,0.0,0.0,0.0,0.0,0.0,0.0,0.0,0.0,0.0,0.0,0.0,0.0,0.0,1.0,0.0,0.0,0.0,0.0,0.0,0.0,0.0,0.0,0.0,1.0,0.0,0.0,0.0,0.0,0.0,0.0,0.0,0.0,0.0,0.0,0.0,0.0
88ad367239fffff,0.0,0.0,0.0,1.0,0.0,0.0,0.0,0.0,0.0,0.0,0.0,0.0,0.0,0.0,0.0,0.0,0.0,0.0,0.0,0.0,0.0,0.0,0.0,0.0,0.0,0.0,0.0,0.0,0.0,0.0,0.0,0.0,0.0,0.0,0.0,0.0,0.0,0.0,0.0,0.0,0.0,0.0,0.0,0.0,0.0,0.0,0.0,0.0,0.0,0.0,0.0,0.0,0.0
88ad36723bfffff,0.0,0.0,0.0,0.0,0.0,0.0,0.0,0.0,0.0,0.0,0.0,0.0,0.0,0.0,0.0,0.0,0.0,0.0,0.0,0.0,0.0,0.0,0.0,0.0,0.0,0.0,0.0,0.0,0.0,0.0,0.0,0.0,0.0,0.0,0.0,0.0,0.0,0.0,0.0,0.0,2.0,0.0,0.0,0.0,0.0,0.0,0.0,0.0,1.0,0.0,0.0,0.0,0.0
88ad36723dfffff,0.0,0.0,0.0,0.0,0.0,0.0,1.0,0.0,1.0,2.0,0.0,0.0,0.0,0.0,0.0,0.0,0.0,0.0,0.0,1.0,0.0,0.0,0.0,1.0,0.0,0.0,0.0,0.0,0.0,0.0,0.0,1.0,2.0,0.0,0.0,0.0,0.0,0.0,0.0,0.0,0.0,0.0,0.0,1.0,0.0,0.0,0.0,0.0,1.0,0.0,0.0,0.0,0.0
88ad367259fffff,0.0,0.0,0.0,0.0,0.0,0.0,0.0,0.0,0.0,0.0,0.0,0.0,0.0,0.0,0.0,0.0,0.0,0.0,0.0,0.0,0.0,0.0,0.0,0.0,0.0,0.0,0.0,0.0,0.0,0.0,0.0,0.0,0.0,0.0,0.0,0.0,0.0,0.0,0.0,0.0,0.0,0.0,0.0,0.0,0.0,0.0,0.0,0.0,0.0,1.0,0.0,0.0,0.0
88ad367281fffff,0.0,0.0,0.0,0.0,0.0,0.0,0.0,0.0,0.0,0.0,0.0,0.0,0.0,0.0,0.0,0.0,0.0,0.0,0.0,0.0,0.0,0.0,0.0,1.0,0.0,0.0,0.0,2.0,0.0,0.0,0.0,0.0,0.0,0.0,0.0,0.0,0.0,0.0,0.0,0.0,1.0,0.0,0.0,0.0,0.0,0.0,0.0,0.0,0.0,0.0,0.0,0.0,0.0
88ad367283fffff,0.0,1.0,0.0,0.0,0.0,0.0,0.0,0.0,0.0,0.0,0.0,0.0,0.0,0.0,0.0,0.0,0.0,0.0,0.0,0.0,0.0,0.0,0.0,0.0,0.0,0.0,0.0,0.0,0.0,0.0,0.0,0.0,0.0,0.0,0.0,0.0,0.0,0.0,0.0,0.0,0.0,0.0,0.0,0.0,0.0,0.0,0.0,0.0,0.0,0.0,0.0,0.0,0.0
88ad367285fffff,0.0,0.0,0.0,0.0,0.0,0.0,0.0,0.0,0.0,0.0,0.0,0.0,0.0,0.0,0.0,0.0,0.0,0.0,0.0,0.0,0.0,0.0,0.0,0.0,0.0,0.0,0.0,0.0,0.0,0.0,0.0,0.0,0.0,0.0,0.0,0.0,0.0,0.0,0.0,0.0,1.0,0.0,0.0,0.0,0.0,0.0,0.0,0.0,0.0,0.0,0.0,0.0,0.0
88ad367287fffff,0.0,0.0,0.0,0.0,0.0,0.0,1.0,0.0,0.0,0.0,0.0,0.0,0.0,0.0,0.0,0.0,0.0,0.0,0.0,0.0,0.0,0.0,0.0,0.0,0.0,0.0,0.0,0.0,0.0,0.0,0.0,0.0,0.0,0.0,0.0,0.0,0.0,0.0,0.0,1.0,0.0,0.0,0.0,0.0,1.0,0.0,0.0,0.0,0.0,0.0,0.0,0.0,0.0
88ad367289fffff,0.0,0.0,0.0,0.0,0.0,0.0,0.0,0.0,0.0,0.0,0.0,0.0,0.0,0.0,0.0,0.0,0.0,0.0,0.0,0.0,0.0,0.0,0.0,0.0,0.0,0.0,0.0,0.0,0.0,0.0,0.0,0.0,0.0,0.0,0.0,0.0,0.0,0.0,0.0,0.0,0.0,0.0,0.0,0.0,0.0,0.0,0.0,0.0,0.0,0.0,0.0,0.0,1.0
88ad36729bfffff,0.0,0.0,0.0,0.0,0.0,0.0,0.0,0.0,1.0,0.0,0.0,0.0,0.0,0.0,0.0,0.0,0.0,0.0,0.0,0.0,0.0,0.0,0.0,0.0,0.0,0.0,0.0,0.0,0.0,0.0,0.0,0.0,0.0,0.0,0.0,0.0,0.0,0.0,0.0,0.0,0.0,0.0,0.0,0.0,0.0,0.0,0.0,0.0,0.0,0.0,0.0,0.0,0.0
88ad3672a1fffff,0.0,0.0,1.0,0.0,2.0,2.0,3.0,0.0,0.0,2.0,0.0,0.0,0.0,0.0,0.0,0.0,0.0,0.0,0.0,0.0,1.0,0.0,0.0,0.0,0.0,0.0,0.0,0.0,0.0,1.0,0.0,0.0,0.0,0.0,1.0,0.0,0.0,1.0,0.0,0.0,1.0,0.0,0.0,2.0,1.0,4.0,0.0,2.0,0.0,0.0,0.0,0.0,1.0
88ad3672a3fffff,1.0,3.0,1.0,0.0,2.0,1.0,1.0,3.0,1.0,2.0,0.0,2.0,0.0,1.0,1.0,0.0,0.0,1.0,1.0,2.0,0.0,1.0,1.0,0.0,1.0,0.0,2.0,1.0,2.0,3.0,1.0,1.0,3.0,3.0,1.0,3.0,1.0,1.0,3.0,0.0,3.0,3.0,1.0,2.0,1.0,0.0,0.0,2.0,0.0,1.0,2.0,1.0,0.0
88ad3672a5fffff,0.0,1.0,0.0,0.0,2.0,0.0,0.0,0.0,0.0,2.0,0.0,4.0,0.0,0.0,0.0,0.0,0.0,0.0,0.0,0.0,0.0,0.0,1.0,0.0,0.0,0.0,0.0,1.0,0.0,1.0,1.0,2.0,0.0,0.0,0.0,0.0,2.0,0.0,0.0,0.0,0.0,1.0,0.0,0.0,0.0,0.0,0.0,1.0,0.0,0.0,0.0,0.0,0.0
88ad3672a7fffff,1.0,0.0,0.0,2.0,4.0,0.0,6.0,3.0,4.0,5.0,2.0,2.0,0.0,2.0,1.0,1.0,1.0,4.0,5.0,1.0,0.0,2.0,1.0,2.0,2.0,1.0,3.0,1.0,0.0,1.0,0.0,1.0,2.0,2.0,1.0,4.0,1.0,2.0,2.0,1.0,0.0,1.0,3.0,2.0,2.0,6.0,3.0,1.0,2.0,3.0,3.0,0.0,1.0
88ad3672abfffff,0.0,1.0,0.0,1.0,0.0,0.0,0.0,0.0,0.0,0.0,0.0,0.0,0.0,0.0,0.0,0.0,0.0,0.0,0.0,0.0,0.0,0.0,0.0,0.0,0.0,0.0,0.0,1.0,1.0,1.0,0.0,0.0,0.0,0.0,0.0,0.0,0.0,1.0,1.0,0.0,0.0,1.0,0.0,0.0,0.0,0.0,0.0,0.0,0.0,0.0,0.0,0.0,0.0
88ad3672b5fffff,0.0,0.0,0.0,0.0,0.0,0.0,0.0,0.0,0.0,0.0,0.0,0.0,1.0,0.0,0.0,0.0,0.0,0.0,0.0,0.0,0.0,0.0,0.0,0.0,0.0,0.0,0.0,0.0,0.0,0.0,0.0,1.0,0.0,0.0,0.0,0.0,0.0,0.0,0.0,0.0,0.0,0.0,0.0,0.0,0.0,0.0,0.0,0.0,0.0,0.0,0.0,0.0,0.0
88ad3672b9fffff,0.0,0.0,0.0,0.0,0.0,0.0,0.0,0.0,0.0,0.0,0.0,0.0,0.0,0.0,0.0,0.0,0.0,0.0,0.0,0.0,0.0,0.0,0.0,0.0,0.0,0.0,0.0,0.0,0.0,0.0,0.0,0.0,0.0,0.0,0.0,0.0,0.0,0.0,0.0,0.0,1.0,0.0,0.0,1.0,0.0,0.0,0.0,1.0,0.0,0.0,0.0,0.0,0.0
88ad3672bbfffff,0.0,1.0,1.0,1.0,1.0,1.0,1.0,1.0,0.0,1.0,1.0,0.0,1.0,1.0,0.0,1.0,1.0,0.0,1.0,0.0,1.0,0.0,1.0,0.0,1.0,2.0,1.0,0.0,0.0,0.0,0.0,1.0,0.0,0.0,0.0,0.0,0.0,0.0,0.0,0.0,0.0,3.0,0.0,2.0,1.0,1.0,4.0,0.0,0.0,0.0,0.0,0.0,0.0
88ad3672bdfffff,0.0,0.0,0.0,0.0,0.0,0.0,0.0,0.0,0.0,0.0,0.0,0.0,0.0,0.0,0.0,0.0,0.0,0.0,1.0,0.0,0.0,0.0,0.0,0.0,0.0,0.0,0.0,0.0,0.0,0.0,0.0,0.0,0.0,0.0,0.0,0.0,0.0,0.0,0.0,0.0,0.0,0.0,0.0,0.0,0.0,0.0,0.0,0.0,0.0,1.0,0.0,0.0,0.0
88ad3672c3fffff,0.0,0.0,0.0,0.0,0.0,0.0,0.0,0.0,0.0,0.0,0.0,0.0,0.0,0.0,0.0,0.0,0.0,0.0,0.0,0.0,0.0,0.0,0.0,0.0,0.0,0.0,0.0,0.0,0.0,0.0,0.0,0.0,0.0,0.0,0.0,0.0,0.0,0.0,0.0,0.0,0.0,0.0,0.0,0.0,0.0,0.0,0.0,0.0,0.0,0.0,0.0,0.0,1.0
88ad3672c5fffff,0.0,0.0,0.0,0.0,0.0,0.0,0.0,0.0,0.0,0.0,0.0,0.0,0.0,0.0,0.0,0.0,0.0,0.0,0.0,0.0,0.0,0.0,0.0,0.0,0.0,0.0,0.0,0.0,0.0,0.0,0.0,1.0,0.0,0.0,0.0,0.0,0.0,0.0,0.0,0.0,0.0,0.0,0.0,0.0,0.0,0.0,0.0,0.0,0.0,0.0,0.0,0.0,0.0
88ad3672c9fffff,0.0,0.0,0.0,0.0,0.0,0.0,0.0,1.0,0.0,0.0,0.0,0.0,0.0,0.0,0.0,0.0,0.0,0.0,0.0,0.0,0.0,0.0,0.0,0.0,0.0,0.0,0.0,0.0,0.0,0.0,0.0,0.0,0.0,0.0,0.0,0.0,0.0,0.0,0.0,0.0,0.0,0.0,0.0,0.0,0.0,0.0,0.0,0.0,0.0,0.0,0.0,0.0,0.0
88ad3672cdfffff,0.0,0.0,0.0,0.0,0.0,0.0,1.0,0.0,0.0,0.0,0.0,0.0,0.0,0.0,0.0,0.0,0.0,0.0,0.0,0.0,0.0,0.0,0.0,0.0,0.0,0.0,0.0,0.0,0.0,0.0,0.0,0.0,0.0,0.0,0.0,0.0,0.0,0.0,0.0,0.0,0.0,0.0,0.0,0.0,0.0,0.0,0.0,0.0,0.0,0.0,0.0,0.0,0.0
88ad3672d3fffff,0.0,0.0,0.0,0.0,1.0,0.0,0.0,0.0,0.0,0.0,0.0,0.0,0.0,0.0,0.0,0.0,0.0,0.0,0.0,0.0,0.0,0.0,0.0,0.0,0.0,0.0,0.0,0.0,0.0,0.0,0.0,0.0,0.0,0.0,0.0,0.0,0.0,0.0,0.0,0.0,0.0,0.0,0.0,0.0,0.0,0.0,0.0,0.0,0.0,0.0,0.0,0.0,0.0
88ad3672e1fffff,0.0,0.0,0.0,0.0,0.0,0.0,0.0,0.0,0.0,0.0,0.0,0.0,0.0,0.0,0.0,0.0,0.0,0.0,0.0,0.0,0.0,0.0,0.0,0.0,0.0,0.0,0.0,0.0,0.0,0.0,0.0,1.0,0.0,0.0,0.0,0.0,0.0,0.0,0.0,0.0,0.0,0.0,0.0,0.0,0.0,0.0,0.0,0.0,0.0,0.0,0.0,0.0,0.0
88ad3672e3fffff,0.0,0.0,0.0,0.0,0.0,0.0,0.0,0.0,0.0,0.0,0.0,0.0,0.0,0.0,0.0,0.0,0.0,0.0,0.0,0.0,0.0,0.0,0.0,0.0,0.0,0.0,0.0,0.0,0.0,0.0,0.0,0.0,0.0,0.0,0.0,0.0,0.0,0.0,0.0,0.0,0.0,1.0,0.0,0.0,0.0,0.0,0.0,0.0,0.0,0.0,0.0,0.0,0.0
88ad3672ebfffff,0.0,0.0,0.0,0.0,0.0,0.0,0.0,0.0,0.0,0.0,0.0,0.0,0.0,0.0,0.0,0.0,0.0,0.0,0.0,0.0,0.0,0.0,0.0,0.0,0.0,0.0,0.0,0.0,0.0,0.0,0.0,0.0,0.0,0.0,0.0,0.0,0.0,0.0,0.0,0.0,0.0,1.0,0.0,0.0,0.0,0.0,0.0,0.0,0.0,0.0,0.0,0.0,0.0
88ad367307fffff,0.0,0.0,1.0,0.0,0.0,0.0,0.0,0.0,0.0,0.0,0.0,0.0,0.0,0.0,0.0,0.0,0.0,0.0,0.0,0.0,0.0,0.0,0.0,0.0,0.0,0.0,0.0,0.0,0.0,0.0,0.0,0.0,0.0,0.0,0.0,0.0,0.0,0.0,0.0,0.0,0.0,0.0,0.0,0.0,0.0,0.0,0.0,0.0,0.0,0.0,0.0,0.0,0.0
88ad367315fffff,0.0,0.0,0.0,0.0,0.0,0.0,0.0,0.0,0.0,0.0,0.0,0.0,0.0,0.0,0.0,0.0,0.0,0.0,0.0,0.0,0.0,0.0,0.0,0.0,0.0,0.0,0.0,0.0,0.0,0.0,0.0,0.0,0.0,0.0,0.0,1.0,0.0,0.0,0.0,0.0,1.0,0.0,0.0,0.0,0.0,0.0,1.0,0.0,0.0,0.0,0.0,0.0,0.0
88ad367321fffff,0.0,0.0,0.0,0.0,0.0,0.0,0.0,0.0,0.0,0.0,0.0,0.0,0.0,0.0,0.0,0.0,0.0,0.0,0.0,1.0,0.0,0.0,0.0,0.0,0.0,0.0,0.0,0.0,0.0,0.0,0.0,0.0,0.0,0.0,0.0,0.0,0.0,0.0,0.0,0.0,1.0,0.0,0.0,0.0,0.0,0.0,0.0,0.0,0.0,0.0,0.0,0.0,0.0
88ad367323fffff,0.0,0.0,0.0,0.0,0.0,0.0,0.0,0.0,0.0,0.0,0.0,0.0,0.0,0.0,0.0,0.0,0.0,0.0,1.0,0.0,0.0,0.0,0.0,1.0,0.0,0.0,0.0,0.0,0.0,0.0,0.0,1.0,0.0,0.0,0.0,0.0,1.0,1.0,0.0,0.0,2.0,0.0,0.0,0.0,0.0,0.0,0.0,0.0,0.0,0.0,0.0,0.0,0.0
88ad367327fffff,0.0,0.0,0.0,0.0,0.0,0.0,0.0,0.0,0.0,0.0,0.0,0.0,0.0,0.0,0.0,0.0,0.0,0.0,0.0,0.0,0.0,0.0,0.0,0.0,0.0,0.0,0.0,0.0,0.0,0.0,0.0,0.0,0.0,0.0,0.0,0.0,0.0,0.0,0.0,0.0,1.0,0.0,0.0,0.0,0.0,0.0,0.0,0.0,0.0,0.0,0.0,0.0,0.0
88ad36732bfffff,0.0,0.0,0.0,0.0,0.0,0.0,0.0,0.0,0.0,0.0,0.0,0.0,0.0,0.0,0.0,0.0,0.0,0.0,1.0,0.0,0.0,0.0,0.0,0.0,0.0,0.0,0.0,0.0,0.0,0.0,0.0,0.0,0.0,0.0,0.0,0.0,0.0,1.0,0.0,0.0,2.0,0.0,0.0,1.0,0.0,0.0,1.0,0.0,1.0,0.0,0.0,0.0,0.0
88ad367333fffff,0.0,0.0,0.0,0.0,0.0,0.0,0.0,0.0,0.0,0.0,0.0,0.0,0.0,0.0,0.0,0.0,0.0,0.0,0.0,0.0,0.0,0.0,0.0,0.0,0.0,0.0,0.0,0.0,0.0,0.0,0.0,0.0,0.0,0.0,0.0,0.0,0.0,0.0,0.0,0.0,0.0,0.0,0.0,0.0,0.0,0.0,1.0,0.0,0.0,0.0,0.0,0.0,0.0
88ad367335fffff,0.0,0.0,0.0,0.0,0.0,0.0,0.0,0.0,0.0,1.0,0.0,0.0,0.0,0.0,0.0,0.0,0.0,0.0,0.0,0.0,0.0,0.0,0.0,0.0,0.0,0.0,0.0,0.0,0.0,0.0,0.0,0.0,0.0,0.0,0.0,0.0,0.0,0.0,0.0,0.0,1.0,0.0,1.0,0.0,0.0,0.0,0.0,0.0,0.0,0.0,0.0,0.0,0.0
88ad367337fffff,0.0,1.0,0.0,0.0,0.0,0.0,0.0,0.0,0.0,0.0,0.0,0.0,0.0,0.0,0.0,0.0,0.0,0.0,0.0,0.0,0.0,0.0,0.0,1.0,0.0,0.0,0.0,0.0,0.0,0.0,0.0,0.0,0.0,0.0,0.0,0.0,0.0,0.0,0.0,0.0,1.0,0.0,0.0,0.0,0.0,0.0,0.0,0.0,0.0,0.0,0.0,0.0,0.0
88ad36733bfffff,0.0,0.0,0.0,1.0,0.0,0.0,0.0,0.0,0.0,0.0,0.0,0.0,0.0,0.0,0.0,0.0,0.0,0.0,0.0,0.0,0.0,1.0,0.0,1.0,0.0,0.0,0.0,0.0,0.0,0.0,0.0,0.0,0.0,1.0,0.0,0.0,0.0,0.0,0.0,0.0,0.0,0.0,0.0,0.0,0.0,0.0,0.0,1.0,0.0,0.0,0.0,0.0,0.0
88ad36733dfffff,0.0,0.0,0.0,0.0,0.0,0.0,0.0,0.0,0.0,0.0,0.0,0.0,0.0,0.0,0.0,0.0,0.0,0.0,0.0,0.0,0.0,0.0,0.0,0.0,0.0,0.0,0.0,0.0,0.0,0.0,0.0,0.0,0.0,0.0,0.0,0.0,0.0,0.0,0.0,0.0,1.0,1.0,0.0,0.0,0.0,0.0,0.0,0.0,0.0,0.0,0.0,0.0,0.0
88ad367357fffff,0.0,0.0,0.0,0.0,0.0,0.0,0.0,0.0,0.0,0.0,0.0,0.0,0.0,0.0,0.0,0.0,0.0,0.0,0.0,0.0,0.0,0.0,1.0,0.0,0.0,0.0,0.0,0.0,0.0,0.0,0.0,0.0,0.0,0.0,0.0,0.0,0.0,0.0,0.0,0.0,0.0,0.0,1.0,0.0,1.0,0.0,0.0,0.0,0.0,0.0,0.0,2.0,0.0
88ad36746dfffff,0.0,1.0,0.0,0.0,0.0,0.0,0.0,0.0,0.0,0.0,0.0,0.0,0.0,0.0,0.0,0.0,0.0,0.0,0.0,0.0,0.0,0.0,0.0,0.0,0.0,0.0,0.0,0.0,0.0,0.0,0.0,0.0,0.0,0.0,0.0,0.0,0.0,0.0,0.0,0.0,0.0,0.0,0.0,0.0,0.0,0.0,0.0,0.0,0.0,0.0,0.0,0.0,0.0
88ad367535fffff,0.0,0.0,0.0,0.0,0.0,0.0,0.0,0.0,0.0,0.0,0.0,0.0,0.0,0.0,0.0,0.0,0.0,0.0,0.0,0.0,0.0,0.0,0.0,0.0,0.0,0.0,0.0,0.0,0.0,0.0,0.0,0.0,0.0,0.0,0.0,1.0,0.0,0.0,0.0,0.0,0.0,0.0,0.0,0.0,0.0,0.0,0.0,0.0,0.0,0.0,0.0,1.0,0.0
88ad367733fffff,0.0,0.0,0.0,0.0,0.0,1.0,0.0,0.0,0.0,0.0,0.0,0.0,0.0,0.0,0.0,0.0,0.0,0.0,0.0,0.0,0.0,0.0,0.0,0.0,0.0,0.0,0.0,0.0,0.0,0.0,0.0,0.0,0.0,0.0,0.0,0.0,0.0,0.0,0.0,0.0,0.0,0.0,0.0,0.0,0.0,0.0,0.0,0.0,0.0,0.0,0.0,0.0,0.0
88ad367769fffff,0.0,0.0,0.0,0.0,0.0,0.0,0.0,0.0,0.0,0.0,0.0,0.0,0.0,0.0,0.0,0.0,0.0,0.0,0.0,0.0,0.0,0.0,0.0,0.0,0.0,0.0,0.0,0.0,0.0,0.0,0.0,0.0,0.0,0.0,0.0,0.0,0.0,0.0,0.0,0.0,0.0,0.0,0.0,0.0,0.0,1.0,0.0,0.0,0.0,0.0,0.0,0.0,0.0
88ad36776dfffff,0.0,0.0,0.0,0.0,0.0,0.0,0.0,0.0,0.0,0.0,0.0,0.0,0.0,0.0,0.0,0.0,0.0,0.0,0.0,0.0,0.0,0.0,0.0,0.0,0.0,0.0,0.0,0.0,0.0,0.0,0.0,0.0,0.0,0.0,0.0,0.0,0.0,0.0,0.0,0.0,0.0,0.0,0.0,0.0,0.0,0.0,0.0,1.0,0.0,0.0,0.0,0.0,0.0
88ad368091fffff,0.0,0.0,0.0,0.0,0.0,1.0,0.0,0.0,0.0,0.0,1.0,2.0,0.0,0.0,0.0,0.0,0.0,0.0,1.0,0.0,1.0,0.0,0.0,2.0,2.0,0.0,0.0,0.0,0.0,0.0,1.0,0.0,0.0,0.0,0.0,0.0,0.0,1.0,1.0,0.0,0.0,1.0,2.0,0.0,1.0,0.0,0.0,1.0,0.0,0.0,0.0,0.0,0.0
88ad368093fffff,0.0,0.0,0.0,0.0,0.0,0.0,0.0,0.0,0.0,1.0,0.0,0.0,0.0,0.0,0.0,0.0,0.0,0.0,0.0,0.0,0.0,0.0,0.0,0.0,0.0,0.0,0.0,0.0,0.0,0.0,0.0,0.0,0.0,0.0,0.0,0.0,0.0,0.0,0.0,0.0,0.0,0.0,0.0,0.0,0.0,1.0,0.0,0.0,0.0,0.0,0.0,0.0,0.0
88ad368099fffff,0.0,8.0,0.0,1.0,1.0,0.0,3.0,3.0,8.0,2.0,18.0,13.0,4.0,0.0,0.0,0.0,0.0,1.0,1.0,0.0,2.0,0.0,0.0,1.0,1.0,2.0,4.0,2.0,0.0,9.0,2.0,2.0,9.0,3.0,3.0,1.0,3.0,4.0,1.0,0.0,1.0,4.0,5.0,6.0,7.0,7.0,2.0,4.0,1.0,0.0,2.0,0.0,0.0
88ad36809bfffff,0.0,7.0,12.0,7.0,5.0,4.0,0.0,10.0,5.0,5.0,5.0,25.0,9.0,7.0,2.0,2.0,2.0,3.0,4.0,3.0,1.0,5.0,6.0,12.0,10.0,4.0,9.0,3.0,8.0,5.0,4.0,8.0,12.0,4.0,7.0,3.0,4.0,8.0,4.0,4.0,0.0,2.0,6.0,4.0,4.0,11.0,6.0,7.0,10.0,6.0,5.0,5.0,7.0
88ad3680d1fffff,1.0,2.0,2.0,9.0,16.0,12.0,20.0,8.0,9.0,2.0,10.0,25.0,10.0,0.0,1.0,0.0,3.0,3.0,3.0,1.0,1.0,5.0,4.0,0.0,10.0,9.0,5.0,5.0,10.0,6.0,8.0,1.0,22.0,3.0,5.0,0.0,5.0,4.0,4.0,8.0,3.0,7.0,6.0,10.0,11.0,4.0,4.0,1.0,14.0,3.0,5.0,2.0,1.0
88ad3680d3fffff,2.0,10.0,5.0,1.0,5.0,1.0,9.0,2.0,5.0,1.0,2.0,13.0,7.0,0.0,1.0,0.0,2.0,4.0,1.0,5.0,4.0,4.0,5.0,1.0,8.0,7.0,2.0,2.0,9.0,3.0,1.0,2.0,8.0,5.0,7.0,1.0,6.0,2.0,2.0,3.0,1.0,1.0,3.0,1.0,7.0,7.0,2.0,3.0,6.0,4.0,1.0,4.0,1.0
88ad3680d7fffff,0.0,1.0,3.0,1.0,1.0,4.0,1.0,2.0,0.0,0.0,1.0,2.0,5.0,1.0,0.0,0.0,1.0,0.0,0.0,0.0,0.0,0.0,0.0,0.0,1.0,0.0,0.0,0.0,4.0,0.0,1.0,0.0,2.0,0.0,2.0,0.0,1.0,1.0,1.0,0.0,1.0,1.0,2.0,0.0,0.0,1.0,0.0,1.0,0.0,0.0,0.0,0.0,0.0
88ad3680d9fffff,0.0,0.0,1.0,1.0,0.0,0.0,0.0,0.0,0.0,2.0,0.0,0.0,0.0,1.0,0.0,0.0,0.0,0.0,0.0,0.0,0.0,0.0,4.0,0.0,0.0,0.0,0.0,0.0,2.0,0.0,0.0,0.0,0.0,0.0,0.0,0.0,0.0,0.0,0.0,0.0,0.0,0.0,0.0,1.0,1.0,0.0,0.0,0.0,0.0,0.0,0.0,0.0,0.0
88ad3680dbfffff,0.0,0.0,2.0,0.0,0.0,0.0,1.0,0.0,0.0,0.0,1.0,0.0,0.0,0.0,0.0,0.0,0.0,0.0,0.0,0.0,1.0,1.0,0.0,0.0,0.0,0.0,0.0,0.0,0.0,1.0,0.0,0.0,1.0,0.0,1.0,0.0,0.0,0.0,0.0,1.0,0.0,0.0,0.0,0.0,0.0,1.0,0.0,0.0,0.0,0.0,0.0,1.0,0.0
88ad368291fffff,0.0,0.0,0.0,0.0,0.0,0.0,0.0,0.0,0.0,0.0,0.0,0.0,0.0,0.0,0.0,0.0,0.0,0.0,0.0,0.0,0.0,0.0,0.0,0.0,0.0,1.0,0.0,0.0,0.0,0.0,0.0,0.0,0.0,0.0,0.0,0.0,0.0,0.0,0.0,0.0,0.0,0.0,0.0,0.0,0.0,0.0,0.0,0.0,0.0,0.0,0.0,0.0,0.0
88ad368295fffff,0.0,0.0,0.0,0.0,0.0,0.0,0.0,0.0,0.0,1.0,0.0,0.0,0.0,0.0,0.0,0.0,0.0,0.0,0.0,0.0,0.0,0.0,0.0,0.0,0.0,0.0,0.0,0.0,0.0,0.0,0.0,0.0,0.0,0.0,0.0,0.0,0.0,0.0,0.0,0.0,0.0,0.0,0.0,0.0,0.0,0.0,0.0,0.0,0.0,0.0,0.0,0.0,0.0
88ad368297fffff,0.0,0.0,0.0,0.0,0.0,0.0,0.0,0.0,0.0,0.0,0.0,0.0,0.0,0.0,0.0,0.0,0.0,0.0,0.0,0.0,0.0,0.0,0.0,0.0,0.0,0.0,0.0,0.0,0.0,0.0,0.0,0.0,0.0,0.0,0.0,0.0,0.0,0.0,0.0,0.0,0.0,1.0,0.0,0.0,0.0,0.0,0.0,0.0,0.0,0.0,0.0,0.0,0.0
88ad368299fffff,0.0,0.0,0.0,1.0,0.0,0.0,0.0,0.0,0.0,0.0,0.0,0.0,0.0,0.0,0.0,0.0,0.0,0.0,0.0,0.0,0.0,0.0,0.0,0.0,0.0,0.0,0.0,0.0,0.0,0.0,0.0,0.0,0.0,0.0,0.0,0.0,0.0,0.0,0.0,0.0,0.0,0.0,0.0,0.0,0.0,0.0,0.0,0.0,0.0,0.0,0.0,0.0,0.0
88ad36829bfffff,0.0,0.0,0.0,0.0,0.0,0.0,0.0,0.0,0.0,1.0,0.0,0.0,0.0,0.0,0.0,0.0,0.0,0.0,0.0,0.0,0.0,0.0,0.0,0.0,0.0,0.0,0.0,0.0,2.0,0.0,0.0,2.0,0.0,0.0,0.0,0.0,0.0,0.0,0.0,0.0,0.0,0.0,0.0,0.0,0.0,0.0,0.0,0.0,0.0,0.0,0.0,0.0,0.0
88ad3682b1fffff,0.0,1.0,0.0,0.0,0.0,0.0,0.0,0.0,0.0,0.0,0.0,1.0,0.0,0.0,0.0,0.0,0.0,0.0,0.0,0.0,0.0,0.0,0.0,0.0,0.0,0.0,0.0,0.0,0.0,0.0,0.0,0.0,0.0,0.0,0.0,0.0,0.0,0.0,0.0,1.0,0.0,0.0,0.0,0.0,0.0,0.0,0.0,0.0,0.0,0.0,0.0,0.0,0.0
88ad3682b3fffff,0.0,0.0,1.0,0.0,0.0,0.0,0.0,0.0,0.0,0.0,0.0,0.0,0.0,0.0,0.0,0.0,0.0,0.0,0.0,0.0,0.0,0.0,0.0,0.0,0.0,0.0,0.0,0.0,0.0,0.0,0.0,0.0,0.0,0.0,0.0,0.0,0.0,0.0,0.0,0.0,0.0,0.0,0.0,0.0,0.0,0.0,0.0,0.0,0.0,0.0,0.0,0.0,0.0
88ad3682b9fffff,0.0,0.0,0.0,0.0,0.0,0.0,0.0,0.0,1.0,0.0,3.0,1.0,0.0,0.0,0.0,0.0,0.0,0.0,0.0,0.0,0.0,0.0,0.0,0.0,0.0,0.0,0.0,0.0,2.0,0.0,1.0,0.0,0.0,0.0,0.0,0.0,0.0,0.0,0.0,0.0,0.0,0.0,0.0,0.0,0.0,0.0,1.0,0.0,1.0,0.0,1.0,0.0,1.0
88ad3682d3fffff,0.0,0.0,0.0,0.0,0.0,0.0,0.0,0.0,0.0,0.0,0.0,0.0,1.0,0.0,0.0,0.0,0.0,0.0,0.0,1.0,0.0,0.0,1.0,0.0,0.0,0.0,0.0,0.0,0.0,0.0,0.0,0.0,0.0,0.0,0.0,0.0,0.0,0.0,0.0,0.0,0.0,0.0,0.0,0.0,0.0,0.0,0.0,0.0,0.0,0.0,0.0,0.0,0.0
88ad3682d7fffff,0.0,0.0,0.0,0.0,0.0,0.0,0.0,0.0,0.0,0.0,1.0,0.0,0.0,0.0,0.0,0.0,0.0,0.0,0.0,0.0,0.0,0.0,0.0,0.0,0.0,0.0,0.0,0.0,0.0,0.0,0.0,0.0,0.0,0.0,0.0,0.0,0.0,0.0,0.0,0.0,0.0,0.0,0.0,0.0,0.0,0.0,0.0,0.0,0.0,0.0,0.0,1.0,0.0
88ad3682dbfffff,0.0,0.0,0.0,0.0,0.0,0.0,0.0,0.0,0.0,0.0,0.0,0.0,0.0,0.0,0.0,0.0,0.0,0.0,0.0,0.0,0.0,0.0,0.0,0.0,0.0,0.0,0.0,0.0,0.0,0.0,0.0,0.0,0.0,0.0,0.0,0.0,0.0,0.0,0.0,1.0,0.0,0.0,0.0,0.0,0.0,0.0,0.0,0.0,0.0,0.0,0.0,0.0,0.0
88ad368405fffff,0.0,0.0,0.0,0.0,0.0,0.0,0.0,0.0,0.0,0.0,0.0,0.0,0.0,0.0,0.0,0.0,0.0,0.0,0.0,0.0,1.0,0.0,0.0,0.0,0.0,0.0,0.0,0.0,0.0,0.0,0.0,0.0,0.0,0.0,0.0,0.0,0.0,0.0,0.0,0.0,0.0,0.0,0.0,0.0,0.0,0.0,0.0,0.0,0.0,0.0,0.0,0.0,0.0
88ad368423fffff,1.0,4.0,0.0,1.0,0.0,0.0,0.0,0.0,0.0,0.0,0.0,0.0,0.0,0.0,0.0,0.0,0.0,0.0,0.0,0.0,0.0,0.0,0.0,0.0,1.0,0.0,0.0,0.0,0.0,0.0,0.0,0.0,0.0,0.0,0.0,0.0,0.0,0.0,0.0,0.0,0.0,0.0,0.0,0.0,0.0,0.0,0.0,0.0,0.0,0.0,0.0,0.0,0.0
88ad368429fffff,2.0,1.0,0.0,0.0,0.0,0.0,2.0,0.0,1.0,3.0,0.0,1.0,2.0,2.0,0.0,0.0,0.0,0.0,0.0,0.0,1.0,0.0,1.0,1.0,0.0,0.0,0.0,1.0,0.0,0.0,0.0,1.0,2.0,0.0,0.0,1.0,0.0,0.0,0.0,0.0,0.0,0.0,0.0,1.0,0.0,0.0,0.0,1.0,0.0,1.0,0.0,0.0,2.0
88ad36842bfffff,3.0,1.0,1.0,3.0,2.0,3.0,3.0,1.0,3.0,1.0,0.0,3.0,1.0,0.0,0.0,0.0,0.0,0.0,0.0,0.0,0.0,0.0,1.0,1.0,1.0,3.0,0.0,1.0,0.0,0.0,0.0,0.0,2.0,5.0,0.0,2.0,1.0,2.0,0.0,5.0,2.0,0.0,2.0,1.0,0.0,2.0,1.0,0.0,3.0,2.0,2.0,0.0,1.0
88ad368431fffff,0.0,0.0,0.0,0.0,0.0,0.0,0.0,0.0,0.0,0.0,0.0,0.0,0.0,0.0,0.0,0.0,0.0,0.0,0.0,0.0,0.0,0.0,0.0,0.0,0.0,0.0,0.0,0.0,0.0,0.0,1.0,0.0,0.0,0.0,0.0,0.0,0.0,0.0,0.0,0.0,0.0,0.0,0.0,0.0,0.0,0.0,0.0,0.0,0.0,0.0,0.0,0.0,0.0
88ad368435fffff,0.0,0.0,0.0,1.0,0.0,0.0,0.0,0.0,0.0,0.0,0.0,0.0,0.0,0.0,0.0,0.0,0.0,0.0,0.0,0.0,0.0,0.0,0.0,0.0,0.0,0.0,0.0,0.0,0.0,0.0,0.0,0.0,0.0,0.0,0.0,0.0,0.0,0.0,0.0,0.0,0.0,0.0,0.0,0.0,0.0,0.0,0.0,0.0,0.0,0.0,0.0,0.0,0.0
88ad368437fffff,0.0,2.0,0.0,0.0,0.0,0.0,0.0,0.0,0.0,0.0,0.0,0.0,0.0,0.0,0.0,0.0,0.0,0.0,0.0,0.0,0.0,0.0,0.0,0.0,0.0,0.0,0.0,0.0,1.0,0.0,0.0,0.0,0.0,0.0,1.0,0.0,0.0,0.0,0.0,0.0,0.0,0.0,0.0,0.0,0.0,0.0,1.0,0.0,0.0,0.0,0.0,0.0,0.0
88ad368461fffff,2.0,9.0,1.0,1.0,2.0,9.0,4.0,3.0,4.0,8.0,5.0,6.0,4.0,4.0,1.0,2.0,1.0,6.0,6.0,3.0,5.0,1.0,4.0,4.0,3.0,2.0,2.0,4.0,2.0,2.0,2.0,2.0,1.0,1.0,1.0,3.0,6.0,9.0,4.0,5.0,4.0,3.0,3.0,3.0,3.0,4.0,10.0,4.0,0.0,2.0,2.0,1.0,6.0
88ad368463fffff,8.0,12.0,13.0,8.0,5.0,15.0,7.0,18.0,19.0,10.0,7.0,13.0,7.0,1.0,3.0,2.0,5.0,2.0,4.0,7.0,8.0,4.0,7.0,4.0,8.0,11.0,11.0,4.0,11.0,6.0,12.0,14.0,4.0,12.0,6.0,8.0,5.0,3.0,9.0,4.0,4.0,13.0,8.0,9.0,10.0,9.0,10.0,8.0,22.0,16.0,7.0,11.0,10.0
88ad368503fffff,0.0,0.0,0.0,0.0,0.0,0.0,0.0,0.0,0.0,0.0,0.0,0.0,0.0,0.0,0.0,0.0,0.0,0.0,0.0,0.0,0.0,0.0,0.0,0.0,0.0,0.0,0.0,0.0,0.0,0.0,0.0,0.0,0.0,0.0,0.0,1.0,0.0,0.0,0.0,0.0,0.0,0.0,0.0,0.0,0.0,0.0,0.0,0.0,0.0,0.0,0.0,0.0,0.0
88ad368505fffff,0.0,0.0,0.0,1.0,1.0,0.0,0.0,0.0,0.0,0.0,0.0,0.0,2.0,0.0,0.0,1.0,0.0,0.0,1.0,1.0,0.0,0.0,0.0,2.0,1.0,0.0,0.0,1.0,1.0,0.0,2.0,1.0,1.0,0.0,1.0,2.0,0.0,0.0,0.0,0.0,1.0,1.0,0.0,1.0,0.0,0.0,0.0,0.0,0.0,0.0,0.0,0.0,0.0
88ad368507fffff,0.0,3.0,2.0,1.0,2.0,1.0,2.0,0.0,1.0,0.0,1.0,1.0,0.0,2.0,1.0,0.0,0.0,1.0,0.0,0.0,0.0,0.0,1.0,0.0,0.0,1.0,1.0,0.0,2.0,0.0,0.0,0.0,2.0,0.0,0.0,0.0,2.0,2.0,0.0,3.0,0.0,0.0,3.0,3.0,2.0,2.0,1.0,1.0,2.0,1.0,0.0,0.0,2.0
88ad368509fffff,0.0,0.0,0.0,2.0,0.0,0.0,0.0,0.0,0.0,0.0,0.0,0.0,0.0,1.0,0.0,1.0,0.0,0.0,1.0,3.0,0.0,0.0,0.0,1.0,0.0,1.0,0.0,0.0,0.0,0.0,2.0,0.0,1.0,0.0,0.0,0.0,0.0,0.0,1.0,0.0,0.0,1.0,1.0,0.0,0.0,0.0,0.0,1.0,0.0,0.0,0.0,0.0,0.0
88ad36850bfffff,0.0,0.0,0.0,0.0,1.0,1.0,1.0,0.0,0.0,0.0,1.0,0.0,0.0,0.0,0.0,0.0,0.0,0.0,1.0,0.0,0.0,0.0,0.0,0.0,0.0,0.0,0.0,0.0,0.0,0.0,1.0,0.0,0.0,0.0,0.0,0.0,0.0,0.0,0.0,0.0,0.0,0.0,0.0,0.0,0.0,0.0,0.0,0.0,0.0,0.0,0.0,0.0,0.0
88ad36850dfffff,0.0,0.0,1.0,1.0,0.0,0.0,0.0,0.0,0.0,0.0,1.0,0.0,0.0,0.0,0.0,0.0,0.0,0.0,0.0,0.0,0.0,0.0,0.0,1.0,0.0,0.0,2.0,0.0,0.0,0.0,0.0,0.0,0.0,0.0,0.0,1.0,0.0,0.0,0.0,0.0,0.0,0.0,0.0,0.0,0.0,0.0,0.0,0.0,0.0,0.0,0.0,0.0,0.0
88ad368519fffff,0.0,0.0,0.0,0.0,0.0,0.0,0.0,0.0,0.0,0.0,0.0,0.0,0.0,0.0,0.0,0.0,0.0,0.0,0.0,0.0,0.0,0.0,0.0,0.0,0.0,0.0,0.0,0.0,0.0,0.0,0.0,0.0,0.0,0.0,0.0,0.0,0.0,0.0,0.0,0.0,0.0,0.0,0.0,0.0,0.0,0.0,0.0,0.0,0.0,0.0,0.0,1.0,0.0
88ad36851dfffff,0.0,0.0,0.0,0.0,0.0,0.0,0.0,0.0,0.0,0.0,0.0,0.0,0.0,0.0,0.0,0.0,0.0,0.0,1.0,0.0,0.0,0.0,0.0,0.0,0.0,0.0,0.0,0.0,0.0,0.0,0.0,0.0,0.0,0.0,0.0,0.0,0.0,0.0,0.0,0.0,0.0,0.0,0.0,0.0,0.0,0.0,0.0,0.0,0.0,0.0,0.0,0.0,0.0
88ad368521fffff,2.0,15.0,4.0,7.0,6.0,2.0,6.0,3.0,6.0,3.0,9.0,56.0,2.0,5.0,2.0,1.0,2.0,2.0,5.0,3.0,4.0,4.0,1.0,5.0,12.0,5.0,5.0,4.0,5.0,5.0,19.0,2.0,11.0,8.0,7.0,5.0,6.0,8.0,4.0,3.0,5.0,17.0,7.0,17.0,49.0,9.0,28.0,17.0,4.0,10.0,3.0,4.0,3.0
88ad368523fffff,0.0,0.0,1.0,0.0,0.0,0.0,0.0,0.0,0.0,0.0,0.0,1.0,0.0,0.0,1.0,0.0,0.0,0.0,0.0,0.0,1.0,1.0,0.0,0.0,0.0,0.0,0.0,0.0,0.0,1.0,0.0,0.0,0.0,0.0,2.0,0.0,0.0,0.0,0.0,1.0,1.0,0.0,1.0,0.0,0.0,0.0,1.0,1.0,0.0,1.0,1.0,0.0,0.0
88ad368525fffff,0.0,1.0,1.0,8.0,5.0,2.0,1.0,4.0,1.0,2.0,2.0,4.0,5.0,0.0,3.0,2.0,0.0,1.0,0.0,0.0,0.0,0.0,1.0,3.0,2.0,0.0,1.0,0.0,0.0,0.0,0.0,3.0,0.0,0.0,1.0,4.0,3.0,0.0,1.0,5.0,2.0,1.0,1.0,0.0,1.0,0.0,1.0,2.0,3.0,5.0,0.0,0.0,5.0
88ad368527fffff,8.0,1.0,3.0,3.0,3.0,8.0,9.0,4.0,8.0,6.0,1.0,5.0,2.0,3.0,3.0,3.0,1.0,1.0,1.0,1.0,0.0,1.0,1.0,4.0,4.0,4.0,2.0,5.0,0.0,1.0,1.0,2.0,1.0,1.0,1.0,1.0,3.0,0.0,2.0,4.0,4.0,0.0,9.0,4.0,2.0,0.0,2.0,1.0,3.0,1.0,3.0,4.0,5.0
88ad368529fffff,3.0,12.0,1.0,4.0,6.0,2.0,7.0,2.0,7.0,4.0,8.0,17.0,1.0,0.0,1.0,0.0,0.0,8.0,1.0,4.0,4.0,6.0,6.0,3.0,2.0,1.0,2.0,2.0,2.0,3.0,5.0,7.0,3.0,7.0,0.0,5.0,0.0,3.0,7.0,4.0,2.0,9.0,0.0,5.0,12.0,3.0,2.0,3.0,2.0,4.0,8.0,3.0,2.0
88ad36852bfffff,1.0,7.0,6.0,2.0,4.0,3.0,5.0,5.0,1.0,5.0,3.0,17.0,2.0,2.0,1.0,3.0,3.0,4.0,6.0,4.0,2.0,12.0,2.0,5.0,8.0,4.0,5.0,6.0,1.0,4.0,13.0,11.0,6.0,11.0,8.0,3.0,6.0,5.0,8.0,3.0,6.0,5.0,8.0,8.0,7.0,7.0,3.0,9.0,9.0,6.0,5.0,3.0,5.0
88ad36852dfffff,1.0,1.0,2.0,0.0,0.0,1.0,0.0,2.0,0.0,0.0,0.0,1.0,0.0,0.0,0.0,0.0,0.0,0.0,1.0,0.0,0.0,0.0,0.0,0.0,0.0,0.0,3.0,0.0,1.0,1.0,3.0,0.0,2.0,0.0,0.0,0.0,0.0,0.0,0.0,1.0,0.0,1.0,0.0,2.0,4.0,1.0,2.0,1.0,2.0,0.0,1.0,0.0,0.0
88ad368531fffff,4.0,2.0,0.0,0.0,1.0,1.0,1.0,1.0,0.0,1.0,0.0,1.0,1.0,0.0,2.0,1.0,1.0,3.0,2.0,1.0,0.0,1.0,0.0,0.0,1.0,0.0,5.0,0.0,1.0,6.0,0.0,0.0,2.0,0.0,3.0,5.0,1.0,0.0,3.0,3.0,2.0,1.0,1.0,1.0,3.0,3.0,0.0,1.0,0.0,1.0,1.0,0.0,0.0
88ad368539fffff,7.0,3.0,1.0,6.0,3.0,2.0,1.0,1.0,4.0,3.0,0.0,9.0,2.0,0.0,2.0,4.0,0.0,13.0,3.0,1.0,2.0,1.0,1.0,2.0,5.0,2.0,8.0,3.0,0.0,17.0,6.0,4.0,7.0,2.0,1.0,2.0,0.0,2.0,1.0,2.0,5.0,2.0,1.0,2.0,9.0,0.0,2.0,2.0,2.0,2.0,0.0,1.0,3.0
88ad36853bfffff,0.0,0.0,0.0,0.0,0.0,0.0,0.0,0.0,0.0,0.0,0.0,0.0,0.0,0.0,0.0,0.0,0.0,0.0,0.0,0.0,0.0,0.0,0.0,0.0,0.0,0.0,0.0,0.0,0.0,0.0,0.0,0.0,0.0,0.0,1.0,0.0,0.0,0.0,1.0,0.0,0.0,0.0,0.0,0.0,0.0,0.0,0.0,0.0,0.0,0.0,0.0,0.0,0.0
88ad36853dfffff,4.0,3.0,5.0,1.0,3.0,3.0,1.0,1.0,1.0,2.0,0.0,8.0,1.0,0.0,3.0,2.0,4.0,4.0,3.0,0.0,0.0,7.0,1.0,3.0,5.0,0.0,5.0,7.0,4.0,10.0,8.0,5.0,1.0,7.0,2.0,7.0,3.0,3.0,9.0,10.0,5.0,3.0,2.0,4.0,19.0,9.0,2.0,3.0,1.0,8.0,14.0,0.0,3.0
88ad368541fffff,0.0,3.0,4.0,2.0,3.0,0.0,2.0,5.0,2.0,0.0,4.0,11.0,2.0,0.0,0.0,1.0,0.0,1.0,5.0,1.0,0.0,0.0,5.0,0.0,1.0,2.0,0.0,0.0,2.0,0.0,1.0,1.0,2.0,1.0,2.0,0.0,2.0,0.0,3.0,0.0,2.0,3.0,0.0,1.0,2.0,3.0,4.0,0.0,2.0,2.0,1.0,1.0,0.0
88ad368543fffff,0.0,0.0,0.0,0.0,0.0,1.0,0.0,0.0,0.0,1.0,0.0,1.0,0.0,0.0,0.0,0.0,0.0,1.0,0.0,2.0,1.0,0.0,1.0,1.0,0.0,0.0,0.0,0.0,0.0,1.0,1.0,1.0,0.0,0.0,0.0,0.0,1.0,0.0,0.0,1.0,0.0,1.0,1.0,1.0,0.0,0.0,1.0,1.0,2.0,2.0,0.0,0.0,1.0
88ad368545fffff,0.0,0.0,0.0,0.0,0.0,0.0,0.0,0.0,0.0,0.0,0.0,0.0,0.0,0.0,0.0,0.0,0.0,0.0,0.0,0.0,0.0,0.0,0.0,0.0,1.0,0.0,0.0,0.0,0.0,0.0,0.0,0.0,0.0,0.0,0.0,0.0,0.0,0.0,0.0,0.0,0.0,0.0,0.0,0.0,0.0,0.0,0.0,0.0,0.0,0.0,0.0,0.0,0.0
88ad368547fffff,0.0,8.0,5.0,3.0,2.0,5.0,7.0,1.0,3.0,2.0,4.0,10.0,9.0,1.0,0.0,1.0,0.0,3.0,3.0,2.0,0.0,0.0,6.0,3.0,4.0,2.0,2.0,5.0,2.0,0.0,3.0,0.0,1.0,1.0,6.0,3.0,2.0,4.0,2.0,6.0,0.0,8.0,2.0,1.0,4.0,5.0,3.0,2.0,6.0,2.0,1.0,2.0,4.0
88ad368549fffff,3.0,3.0,2.0,0.0,4.0,9.0,4.0,2.0,5.0,4.0,4.0,5.0,3.0,2.0,2.0,0.0,2.0,1.0,0.0,4.0,4.0,4.0,3.0,7.0,3.0,0.0,0.0,0.0,2.0,0.0,0.0,3.0,3.0,3.0,1.0,0.0,1.0,3.0,2.0,3.0,1.0,0.0,2.0,3.0,4.0,2.0,1.0,1.0,1.0,4.0,0.0,6.0,0.0
88ad36854bfffff,0.0,1.0,0.0,2.0,0.0,0.0,0.0,0.0,0.0,1.0,0.0,0.0,0.0,0.0,0.0,0.0,0.0,0.0,0.0,0.0,0.0,0.0,0.0,0.0,0.0,0.0,1.0,0.0,0.0,0.0,0.0,0.0,0.0,0.0,0.0,0.0,0.0,0.0,0.0,0.0,0.0,0.0,0.0,0.0,0.0,0.0,0.0,0.0,0.0,0.0,0.0,0.0,0.0
88ad36854dfffff,3.0,8.0,8.0,2.0,6.0,9.0,3.0,8.0,6.0,8.0,10.0,30.0,5.0,1.0,2.0,1.0,1.0,2.0,4.0,3.0,5.0,4.0,7.0,6.0,12.0,8.0,6.0,5.0,7.0,3.0,5.0,3.0,6.0,3.0,8.0,15.0,8.0,6.0,6.0,3.0,10.0,1.0,5.0,1.0,9.0,17.0,6.0,2.0,8.0,5.0,2.0,5.0,2.0
88ad368551fffff,0.0,0.0,0.0,0.0,0.0,0.0,0.0,0.0,0.0,0.0,0.0,0.0,0.0,0.0,0.0,0.0,0.0,0.0,0.0,0.0,0.0,0.0,0.0,0.0,0.0,0.0,0.0,0.0,0.0,0.0,0.0,0.0,0.0,0.0,0.0,0.0,0.0,0.0,0.0,0.0,0.0,0.0,0.0,0.0,0.0,0.0,0.0,0.0,1.0,0.0,0.0,0.0,0.0
88ad368555fffff,0.0,0.0,0.0,0.0,0.0,0.0,0.0,0.0,0.0,0.0,0.0,0.0,0.0,0.0,0.0,0.0,0.0,0.0,0.0,0.0,0.0,0.0,0.0,0.0,0.0,0.0,0.0,0.0,0.0,0.0,0.0,0.0,0.0,0.0,0.0,0.0,0.0,0.0,0.0,0.0,0.0,0.0,0.0,0.0,0.0,0.0,0.0,0.0,1.0,0.0,0.0,0.0,0.0
88ad368559fffff,0.0,1.0,0.0,0.0,0.0,0.0,0.0,0.0,0.0,0.0,0.0,0.0,0.0,0.0,0.0,0.0,1.0,0.0,0.0,0.0,0.0,0.0,0.0,0.0,0.0,0.0,0.0,0.0,0.0,0.0,0.0,0.0,0.0,0.0,0.0,0.0,0.0,0.0,0.0,0.0,0.0,0.0,1.0,0.0,0.0,1.0,0.0,0.0,0.0,1.0,0.0,1.0,0.0
88ad36855bfffff,0.0,0.0,0.0,0.0,0.0,0.0,0.0,1.0,0.0,0.0,0.0,0.0,0.0,0.0,0.0,0.0,0.0,0.0,0.0,0.0,0.0,0.0,0.0,0.0,0.0,0.0,0.0,0.0,0.0,0.0,0.0,0.0,0.0,0.0,0.0,0.0,0.0,0.0,0.0,0.0,0.0,0.0,0.0,0.0,0.0,0.0,0.0,0.0,0.0,0.0,0.0,0.0,0.0
88ad36855dfffff,0.0,0.0,0.0,0.0,0.0,0.0,0.0,0.0,0.0,0.0,0.0,0.0,0.0,0.0,0.0,0.0,0.0,0.0,0.0,0.0,1.0,0.0,0.0,0.0,0.0,0.0,0.0,0.0,0.0,0.0,0.0,1.0,0.0,0.0,0.0,0.0,0.0,0.0,0.0,0.0,0.0,1.0,1.0,0.0,0.0,0.0,0.0,0.0,0.0,2.0,0.0,0.0,0.0
88ad368563fffff,2.0,3.0,2.0,5.0,3.0,5.0,4.0,6.0,2.0,2.0,0.0,5.0,2.0,1.0,2.0,0.0,2.0,3.0,4.0,1.0,6.0,2.0,6.0,9.0,0.0,1.0,1.0,1.0,5.0,3.0,1.0,5.0,2.0,4.0,0.0,0.0,2.0,1.0,1.0,5.0,8.0,2.0,1.0,5.0,5.0,2.0,2.0,3.0,1.0,3.0,1.0,1.0,0.0
88ad368581fffff,8.0,49.0,45.0,50.0,36.0,25.0,37.0,46.0,40.0,31.0,34.0,29.0,17.0,6.0,7.0,13.0,3.0,6.0,7.0,12.0,11.0,8.0,12.0,7.0,13.0,14.0,13.0,10.0,17.0,12.0,24.0,23.0,17.0,11.0,13.0,11.0,28.0,27.0,51.0,44.0,26.0,44.0,124.0,42.0,31.0,47.0,40.0,44.0,33.0,9.0,12.0,20.0,30.0
88ad368583fffff,0.0,0.0,2.0,1.0,1.0,2.0,3.0,0.0,1.0,1.0,1.0,4.0,4.0,0.0,2.0,3.0,4.0,0.0,0.0,0.0,4.0,4.0,2.0,1.0,3.0,0.0,1.0,1.0,2.0,3.0,1.0,2.0,1.0,3.0,1.0,1.0,3.0,3.0,0.0,2.0,4.0,3.0,2.0,4.0,5.0,1.0,1.0,2.0,1.0,2.0,2.0,3.0,1.0
88ad368585fffff,3.0,5.0,7.0,4.0,10.0,4.0,7.0,7.0,6.0,18.0,3.0,19.0,5.0,6.0,4.0,5.0,0.0,4.0,17.0,1.0,4.0,2.0,3.0,8.0,5.0,1.0,10.0,1.0,0.0,3.0,4.0,1.0,10.0,10.0,6.0,5.0,5.0,2.0,2.0,2.0,5.0,5.0,8.0,10.0,3.0,3.0,1.0,2.0,9.0,3.0,4.0,2.0,4.0
88ad368589fffff,14.0,17.0,18.0,20.0,8.0,40.0,12.0,14.0,23.0,27.0,10.0,18.0,15.0,8.0,14.0,15.0,5.0,3.0,9.0,12.0,6.0,4.0,10.0,17.0,15.0,17.0,13.0,8.0,21.0,8.0,34.0,16.0,22.0,19.0,21.0,28.0,20.0,27.0,13.0,29.0,18.0,29.0,9.0,23.0,23.0,46.0,45.0,35.0,50.0,35.0,18.0,28.0,9.0
88ad36858bfffff,2.0,0.0,0.0,0.0,0.0,0.0,1.0,0.0,0.0,0.0,0.0,0.0,0.0,0.0,0.0,0.0,0.0,0.0,0.0,0.0,0.0,0.0,0.0,0.0,1.0,1.0,0.0,2.0,0.0,0.0,1.0,0.0,1.0,0.0,1.0,0.0,1.0,0.0,0.0,9.0,18.0,31.0,1.0,0.0,0.0,0.0,0.0,0.0,0.0,0.0,1.0,1.0,0.0
88ad36858dfffff,10.0,19.0,19.0,24.0,33.0,31.0,17.0,29.0,31.0,40.0,28.0,37.0,17.0,9.0,10.0,2.0,3.0,4.0,7.0,7.0,7.0,8.0,3.0,13.0,5.0,7.0,6.0,9.0,28.0,16.0,6.0,17.0,13.0,14.0,16.0,22.0,11.0,17.0,16.0,15.0,19.0,35.0,24.0,26.0,22.0,23.0,14.0,28.0,11.0,16.0,13.0,12.0,10.0
88ad368591fffff,1.0,1.0,1.0,4.0,18.0,4.0,8.0,3.0,5.0,3.0,3.0,12.0,7.0,2.0,0.0,3.0,3.0,2.0,4.0,3.0,2.0,4.0,9.0,3.0,5.0,6.0,2.0,17.0,3.0,7.0,1.0,4.0,10.0,5.0,7.0,3.0,7.0,3.0,7.0,4.0,11.0,4.0,8.0,6.0,8.0,0.0,15.0,1.0,11.0,5.0,5.0,2.0,4.0
88ad368595fffff,1.0,2.0,2.0,1.0,18.0,7.0,7.0,3.0,9.0,6.0,8.0,14.0,1.0,0.0,1.0,3.0,4.0,1.0,6.0,3.0,0.0,4.0,1.0,1.0,1.0,0.0,2.0,3.0,4.0,2.0,6.0,3.0,4.0,3.0,3.0,3.0,4.0,1.0,8.0,6.0,13.0,11.0,3.0,10.0,2.0,5.0,5.0,9.0,12.0,8.0,3.0,5.0,3.0
88ad368599fffff,1.0,1.0,0.0,0.0,4.0,0.0,2.0,4.0,1.0,0.0,0.0,0.0,1.0,0.0,0.0,0.0,1.0,1.0,0.0,0.0,1.0,0.0,0.0,0.0,0.0,0.0,0.0,0.0,0.0,1.0,0.0,0.0,3.0,2.0,3.0,3.0,0.0,0.0,0.0,0.0,2.0,0.0,1.0,1.0,3.0,3.0,2.0,0.0,0.0,1.0,1.0,1.0,0.0
88ad36859bfffff,0.0,1.0,0.0,0.0,2.0,0.0,0.0,1.0,0.0,0.0,0.0,1.0,0.0,0.0,0.0,0.0,0.0,0.0,2.0,0.0,0.0,0.0,0.0,0.0,0.0,1.0,0.0,0.0,0.0,0.0,0.0,0.0,0.0,0.0,0.0,0.0,0.0,0.0,0.0,1.0,0.0,2.0,0.0,1.0,1.0,1.0,1.0,0.0,1.0,0.0,0.0,0.0,1.0
88ad36859dfffff,2.0,1.0,1.0,1.0,11.0,3.0,2.0,9.0,2.0,2.0,2.0,4.0,1.0,1.0,1.0,0.0,4.0,0.0,4.0,1.0,1.0,4.0,0.0,3.0,3.0,1.0,3.0,5.0,1.0,2.0,3.0,1.0,4.0,4.0,8.0,3.0,2.0,5.0,6.0,4.0,6.0,6.0,6.0,5.0,7.0,2.0,12.0,4.0,0.0,4.0,4.0,6.0,9.0
88ad3685a1fffff,0.0,2.0,0.0,1.0,0.0,0.0,1.0,0.0,0.0,0.0,1.0,0.0,0.0,2.0,2.0,2.0,1.0,0.0,0.0,1.0,3.0,1.0,0.0,2.0,1.0,1.0,0.0,0.0,0.0,1.0,0.0,0.0,0.0,0.0,0.0,1.0,0.0,0.0,1.0,0.0,0.0,1.0,4.0,2.0,2.0,0.0,0.0,0.0,0.0,0.0,0.0,0.0,2.0
88ad3685a5fffff,0.0,2.0,0.0,11.0,1.0,0.0,0.0,0.0,1.0,1.0,0.0,0.0,0.0,0.0,0.0,0.0,0.0,0.0,0.0,0.0,2.0,0.0,1.0,3.0,2.0,0.0,0.0,1.0,2.0,2.0,2.0,1.0,2.0,0.0,0.0,1.0,2.0,0.0,0.0,2.0,0.0,1.0,0.0,1.0,0.0,0.0,2.0,1.0,0.0,1.0,1.0,3.0,0.0
88ad3685a9fffff,0.0,2.0,0.0,7.0,5.0,1.0,3.0,3.0,4.0,1.0,1.0,5.0,0.0,1.0,0.0,0.0,0.0,0.0,0.0,1.0,0.0,0.0,1.0,1.0,1.0,3.0,0.0,1.0,1.0,0.0,1.0,1.0,1.0,2.0,1.0,0.0,0.0,0.0,3.0,1.0,5.0,0.0,3.0,1.0,0.0,0.0,3.0,1.0,3.0,0.0,2.0,2.0,1.0
88ad3685adfffff,9.0,30.0,22.0,41.0,35.0,31.0,37.0,23.0,28.0,22.0,48.0,19.0,19.0,33.0,24.0,16.0,16.0,22.0,20.0,20.0,17.0,20.0,32.0,25.0,32.0,21.0,38.0,35.0,36.0,31.0,35.0,22.0,25.0,32.0,35.0,41.0,45.0,18.0,22.0,28.0,26.0,65.0,17.0,28.0,38.0,42.0,39.0,18.0,33.0,40.0,22.0,26.0,15.0
88ad3685b1fffff,0.0,0.0,0.0,0.0,0.0,0.0,0.0,0.0,0.0,0.0,0.0,0.0,0.0,0.0,0.0,0.0,0.0,0.0,0.0,0.0,0.0,0.0,0.0,0.0,0.0,0.0,0.0,0.0,0.0,0.0,0.0,0.0,0.0,1.0,0.0,0.0,0.0,0.0,0.0,0.0,0.0,0.0,0.0,0.0,0.0,0.0,0.0,0.0,0.0,0.0,0.0,0.0,0.0
88ad3685b9fffff,1.0,2.0,3.0,1.0,3.0,2.0,1.0,2.0,2.0,1.0,0.0,5.0,1.0,0.0,1.0,1.0,0.0,2.0,0.0,1.0,0.0,2.0,0.0,0.0,3.0,1.0,3.0,0.0,0.0,0.0,0.0,0.0,1.0,1.0,1.0,3.0,1.0,3.0,0.0,2.0,2.0,0.0,1.0,3.0,1.0,2.0,3.0,5.0,1.0,1.0,2.0,1.0,2.0
88ad3685c3fffff,0.0,0.0,0.0,0.0,0.0,1.0,0.0,0.0,0.0,0.0,0.0,0.0,0.0,0.0,0.0,0.0,0.0,0.0,0.0,0.0,0.0,1.0,0.0,0.0,0.0,0.0,0.0,0.0,1.0,0.0,0.0,0.0,0.0,0.0,0.0,0.0,0.0,0.0,0.0,0.0,0.0,1.0,0.0,0.0,0.0,0.0,0.0,0.0,0.0,0.0,0.0,0.0,0.0
88ad3685c7fffff,6.0,5.0,6.0,7.0,8.0,8.0,6.0,7.0,7.0,15.0,8.0,9.0,7.0,7.0,0.0,4.0,0.0,1.0,2.0,3.0,2.0,2.0,2.0,1.0,5.0,2.0,10.0,2.0,4.0,5.0,3.0,6.0,5.0,1.0,3.0,1.0,7.0,6.0,7.0,9.0,12.0,3.0,7.0,8.0,10.0,4.0,1.0,7.0,2.0,17.0,8.0,5.0,2.0
88ad3685d3fffff,0.0,0.0,0.0,0.0,0.0,0.0,0.0,0.0,0.0,0.0,0.0,0.0,0.0,0.0,0.0,0.0,0.0,0.0,0.0,0.0,0.0,0.0,0.0,1.0,0.0,0.0,0.0,0.0,0.0,0.0,0.0,0.0,1.0,0.0,0.0,0.0,0.0,1.0,0.0,0.0,0.0,0.0,0.0,0.0,0.0,0.0,0.0,0.0,0.0,0.0,0.0,0.0,0.0
88ad3685d5fffff,0.0,0.0,0.0,0.0,0.0,0.0,0.0,1.0,1.0,0.0,0.0,0.0,0.0,0.0,0.0,0.0,0.0,0.0,0.0,0.0,0.0,0.0,0.0,0.0,0.0,0.0,0.0,0.0,0.0,0.0,0.0,0.0,0.0,0.0,0.0,0.0,0.0,0.0,0.0,0.0,0.0,0.0,0.0,0.0,0.0,0.0,0.0,0.0,0.0,0.0,0.0,0.0,0.0
88ad3685ddfffff,0.0,0.0,0.0,0.0,0.0,0.0,0.0,0.0,0.0,0.0,0.0,0.0,0.0,0.0,0.0,0.0,0.0,0.0,0.0,0.0,0.0,0.0,0.0,0.0,0.0,0.0,0.0,0.0,0.0,0.0,0.0,0.0,0.0,0.0,0.0,0.0,0.0,0.0,0.0,0.0,0.0,0.0,0.0,0.0,0.0,0.0,0.0,0.0,0.0,1.0,0.0,0.0,0.0
88ad3685e5fffff,0.0,0.0,0.0,0.0,1.0,1.0,0.0,0.0,0.0,0.0,1.0,0.0,0.0,0.0,0.0,0.0,0.0,0.0,0.0,0.0,0.0,0.0,0.0,0.0,0.0,0.0,0.0,0.0,0.0,0.0,0.0,1.0,1.0,0.0,2.0,1.0,0.0,0.0,0.0,1.0,2.0,2.0,0.0,2.0,1.0,1.0,0.0,0.0,0.0,0.0,3.0,0.0,0.0
88ad3685e7fffff,0.0,3.0,5.0,1.0,2.0,1.0,1.0,1.0,4.0,1.0,0.0,1.0,2.0,2.0,0.0,1.0,0.0,11.0,0.0,1.0,1.0,0.0,2.0,0.0,0.0,1.0,1.0,0.0,2.0,1.0,0.0,0.0,1.0,1.0,4.0,1.0,3.0,0.0,0.0,2.0,0.0,1.0,4.0,1.0,2.0,1.0,0.0,1.0,1.0,2.0,1.0,0.0,0.0
88ad36862dfffff,0.0,0.0,0.0,0.0,0.0,0.0,0.0,0.0,0.0,0.0,0.0,0.0,0.0,1.0,0.0,0.0,0.0,0.0,0.0,0.0,0.0,0.0,0.0,0.0,0.0,0.0,0.0,0.0,0.0,0.0,0.0,0.0,0.0,0.0,0.0,0.0,0.0,0.0,0.0,0.0,0.0,0.0,0.0,0.0,0.0,0.0,0.0,0.0,0.0,0.0,0.0,0.0,0.0
88ad368665fffff,0.0,0.0,0.0,0.0,0.0,0.0,0.0,0.0,0.0,0.0,0.0,0.0,0.0,0.0,0.0,0.0,0.0,0.0,0.0,1.0,0.0,0.0,1.0,0.0,0.0,0.0,0.0,0.0,1.0,1.0,0.0,0.0,0.0,0.0,0.0,0.0,0.0,0.0,0.0,0.0,0.0,0.0,0.0,0.0,0.0,0.0,0.0,0.0,0.0,0.0,0.0,0.0,0.0
88ad36866dfffff,0.0,0.0,0.0,0.0,0.0,0.0,0.0,0.0,0.0,0.0,0.0,0.0,0.0,0.0,0.0,0.0,0.0,0.0,0.0,0.0,0.0,0.0,0.0,0.0,0.0,0.0,1.0,0.0,1.0,0.0,0.0,0.0,0.0,0.0,0.0,0.0,0.0,0.0,0.0,0.0,0.0,0.0,0.0,0.0,0.0,0.0,0.0,0.0,0.0,0.0,0.0,0.0,0.0
88ad368703fffff,0.0,0.0,0.0,1.0,0.0,0.0,0.0,0.0,0.0,0.0,0.0,0.0,0.0,0.0,0.0,0.0,0.0,0.0,0.0,0.0,0.0,0.0,0.0,0.0,0.0,0.0,0.0,0.0,0.0,0.0,0.0,0.0,0.0,0.0,0.0,0.0,1.0,1.0,0.0,0.0,0.0,0.0,0.0,0.0,0.0,0.0,0.0,0.0,0.0,0.0,0.0,0.0,0.0
88ad368709fffff,0.0,0.0,0.0,0.0,0.0,0.0,0.0,0.0,0.0,0.0,0.0,0.0,0.0,0.0,0.0,0.0,0.0,0.0,0.0,0.0,0.0,0.0,0.0,0.0,0.0,0.0,0.0,1.0,0.0,0.0,0.0,0.0,0.0,0.0,0.0,0.0,0.0,0.0,0.0,0.0,0.0,0.0,0.0,0.0,0.0,0.0,0.0,0.0,0.0,0.0,0.0,0.0,0.0
88ad36870dfffff,0.0,0.0,0.0,0.0,1.0,0.0,0.0,0.0,0.0,0.0,0.0,0.0,0.0,0.0,0.0,0.0,0.0,0.0,0.0,0.0,0.0,0.0,0.0,0.0,0.0,0.0,0.0,0.0,0.0,0.0,0.0,0.0,0.0,0.0,0.0,0.0,0.0,0.0,0.0,0.0,0.0,0.0,0.0,0.0,0.0,0.0,0.0,0.0,0.0,0.0,0.0,0.0,0.0
88ad368711fffff,0.0,0.0,0.0,0.0,0.0,0.0,0.0,0.0,0.0,1.0,0.0,0.0,0.0,0.0,0.0,0.0,0.0,0.0,0.0,0.0,0.0,0.0,0.0,0.0,0.0,0.0,0.0,0.0,0.0,0.0,0.0,0.0,0.0,0.0,0.0,0.0,0.0,0.0,0.0,0.0,0.0,0.0,0.0,0.0,0.0,0.0,0.0,0.0,0.0,0.0,0.0,0.0,0.0
88ad368713fffff,0.0,0.0,0.0,0.0,0.0,0.0,0.0,0.0,0.0,0.0,0.0,0.0,0.0,0.0,0.0,0.0,0.0,0.0,0.0,0.0,0.0,0.0,0.0,0.0,0.0,0.0,0.0,0.0,0.0,0.0,0.0,0.0,0.0,0.0,0.0,0.0,0.0,0.0,0.0,0.0,0.0,0.0,0.0,0.0,0.0,0.0,0.0,0.0,0.0,0.0,1.0,0.0,0.0
88ad368715fffff,0.0,0.0,0.0,0.0,0.0,0.0,0.0,0.0,0.0,0.0,0.0,0.0,0.0,0.0,0.0,0.0,0.0,0.0,0.0,0.0,0.0,0.0,0.0,0.0,0.0,0.0,0.0,0.0,1.0,0.0,0.0,0.0,0.0,0.0,0.0,0.0,0.0,0.0,0.0,0.0,0.0,0.0,0.0,0.0,0.0,0.0,0.0,0.0,0.0,0.0,0.0,0.0,0.0
88ad36871dfffff,0.0,0.0,0.0,0.0,0.0,0.0,0.0,0.0,0.0,0.0,0.0,0.0,0.0,0.0,0.0,1.0,0.0,0.0,0.0,0.0,0.0,0.0,0.0,0.0,0.0,0.0,0.0,0.0,0.0,0.0,0.0,0.0,0.0,0.0,0.0,0.0,0.0,0.0,0.0,0.0,0.0,0.0,0.0,0.0,0.0,0.0,0.0,0.0,0.0,0.0,0.0,0.0,0.0
88ad368721fffff,0.0,0.0,1.0,0.0,0.0,0.0,0.0,1.0,0.0,0.0,0.0,0.0,0.0,0.0,0.0,0.0,0.0,0.0,0.0,0.0,0.0,0.0,0.0,0.0,0.0,0.0,0.0,0.0,0.0,0.0,0.0,0.0,0.0,0.0,1.0,0.0,0.0,0.0,0.0,0.0,0.0,0.0,0.0,0.0,0.0,0.0,0.0,0.0,0.0,1.0,0.0,0.0,0.0
88ad368723fffff,0.0,0.0,0.0,0.0,0.0,0.0,0.0,0.0,0.0,0.0,0.0,0.0,0.0,0.0,0.0,0.0,0.0,0.0,0.0,0.0,0.0,0.0,0.0,0.0,0.0,0.0,0.0,0.0,0.0,1.0,1.0,1.0,0.0,0.0,0.0,0.0,0.0,0.0,0.0,0.0,0.0,0.0,0.0,0.0,0.0,0.0,0.0,0.0,0.0,0.0,0.0,0.0,0.0
88ad368725fffff,0.0,0.0,1.0,1.0,1.0,1.0,0.0,0.0,0.0,0.0,0.0,0.0,1.0,0.0,0.0,0.0,0.0,0.0,0.0,0.0,0.0,0.0,1.0,0.0,0.0,0.0,0.0,1.0,0.0,1.0,1.0,1.0,0.0,0.0,1.0,0.0,0.0,0.0,0.0,0.0,0.0,0.0,1.0,0.0,0.0,1.0,1.0,0.0,0.0,4.0,1.0,0.0,1.0
88ad368727fffff,0.0,0.0,0.0,0.0,0.0,0.0,0.0,0.0,0.0,0.0,0.0,0.0,0.0,0.0,0.0,0.0,0.0,0.0,0.0,0.0,0.0,0.0,0.0,0.0,0.0,0.0,1.0,0.0,0.0,1.0,0.0,0.0,0.0,0.0,0.0,0.0,0.0,0.0,0.0,0.0,0.0,0.0,0.0,0.0,0.0,0.0,0.0,0.0,0.0,0.0,0.0,1.0,1.0
88ad368729fffff,0.0,0.0,0.0,0.0,0.0,0.0,0.0,0.0,0.0,0.0,0.0,0.0,0.0,0.0,0.0,0.0,0.0,0.0,0.0,0.0,0.0,0.0,0.0,0.0,0.0,0.0,0.0,0.0,0.0,0.0,0.0,0.0,0.0,0.0,1.0,0.0,0.0,0.0,0.0,0.0,0.0,0.0,0.0,0.0,0.0,0.0,0.0,0.0,0.0,0.0,0.0,0.0,0.0
88ad36872bfffff,0.0,0.0,1.0,0.0,0.0,0.0,0.0,0.0,0.0,0.0,0.0,0.0,0.0,0.0,0.0,0.0,0.0,0.0,0.0,0.0,0.0,0.0,0.0,0.0,0.0,0.0,0.0,0.0,0.0,0.0,0.0,0.0,0.0,0.0,0.0,0.0,0.0,0.0,0.0,0.0,0.0,0.0,0.0,0.0,0.0,0.0,0.0,0.0,0.0,0.0,0.0,0.0,0.0
88ad36872dfffff,0.0,0.0,0.0,0.0,1.0,0.0,0.0,0.0,0.0,0.0,0.0,1.0,0.0,0.0,0.0,0.0,0.0,0.0,0.0,0.0,0.0,0.0,0.0,0.0,0.0,0.0,0.0,0.0,0.0,0.0,0.0,0.0,0.0,0.0,0.0,0.0,0.0,0.0,0.0,0.0,1.0,0.0,0.0,0.0,0.0,0.0,0.0,0.0,1.0,0.0,0.0,0.0,0.0
88ad368731fffff,0.0,0.0,0.0,0.0,0.0,0.0,0.0,0.0,0.0,0.0,0.0,0.0,0.0,0.0,0.0,0.0,0.0,0.0,0.0,0.0,0.0,0.0,0.0,0.0,0.0,0.0,0.0,0.0,0.0,0.0,1.0,0.0,1.0,1.0,1.0,0.0,0.0,0.0,0.0,0.0,1.0,0.0,0.0,0.0,0.0,0.0,1.0,0.0,0.0,0.0,0.0,0.0,0.0
88ad368733fffff,0.0,0.0,0.0,0.0,0.0,0.0,0.0,0.0,0.0,1.0,0.0,0.0,1.0,0.0,0.0,0.0,0.0,0.0,0.0,0.0,0.0,0.0,0.0,1.0,0.0,0.0,0.0,0.0,0.0,0.0,0.0,0.0,1.0,0.0,1.0,0.0,0.0,0.0,0.0,0.0,0.0,0.0,0.0,0.0,0.0,0.0,0.0,0.0,0.0,0.0,0.0,0.0,0.0
88ad368737fffff,1.0,0.0,0.0,0.0,1.0,0.0,0.0,0.0,2.0,0.0,0.0,0.0,0.0,0.0,1.0,0.0,0.0,0.0,0.0,0.0,0.0,0.0,0.0,1.0,0.0,0.0,1.0,0.0,0.0,1.0,0.0,0.0,3.0,1.0,3.0,1.0,4.0,0.0,1.0,0.0,0.0,2.0,2.0,2.0,0.0,0.0,0.0,0.0,0.0,9.0,0.0,0.0,0.0
88ad368739fffff,0.0,0.0,0.0,0.0,0.0,0.0,0.0,0.0,0.0,0.0,0.0,0.0,0.0,0.0,0.0,0.0,0.0,0.0,0.0,0.0,0.0,0.0,0.0,0.0,0.0,0.0,0.0,0.0,0.0,0.0,0.0,0.0,0.0,0.0,0.0,1.0,0.0,0.0,0.0,0.0,1.0,0.0,0.0,0.0,0.0,0.0,0.0,0.0,0.0,0.0,0.0,0.0,0.0
88ad36873bfffff,0.0,0.0,0.0,2.0,0.0,0.0,0.0,0.0,0.0,0.0,0.0,0.0,0.0,0.0,0.0,0.0,0.0,0.0,2.0,0.0,0.0,0.0,0.0,0.0,0.0,0.0,0.0,0.0,0.0,0.0,0.0,0.0,0.0,1.0,0.0,0.0,0.0,0.0,0.0,0.0,0.0,0.0,0.0,0.0,0.0,0.0,0.0,0.0,0.0,0.0,1.0,0.0,0.0
88ad36873dfffff,0.0,0.0,0.0,0.0,0.0,0.0,0.0,0.0,0.0,0.0,0.0,0.0,0.0,0.0,0.0,0.0,0.0,0.0,0.0,0.0,0.0,0.0,0.0,0.0,0.0,0.0,0.0,0.0,0.0,0.0,0.0,0.0,0.0,0.0,1.0,0.0,0.0,0.0,0.0,0.0,0.0,0.0,0.0,0.0,0.0,0.0,1.0,0.0,0.0,0.0,0.0,0.0,0.0
88ad368741fffff,0.0,0.0,0.0,0.0,0.0,0.0,0.0,0.0,0.0,0.0,0.0,0.0,0.0,0.0,0.0,0.0,0.0,0.0,0.0,0.0,0.0,0.0,0.0,0.0,0.0,0.0,2.0,0.0,1.0,0.0,0.0,0.0,0.0,0.0,0.0,0.0,0.0,0.0,0.0,0.0,0.0,0.0,0.0,0.0,0.0,1.0,0.0,0.0,0.0,0.0,0.0,0.0,0.0
88ad368743fffff,0.0,0.0,0.0,0.0,0.0,0.0,0.0,0.0,0.0,0.0,0.0,0.0,0.0,0.0,0.0,0.0,0.0,0.0,0.0,0.0,0.0,0.0,0.0,0.0,0.0,0.0,0.0,0.0,1.0,0.0,0.0,0.0,0.0,0.0,0.0,0.0,0.0,0.0,0.0,0.0,0.0,0.0,1.0,0.0,0.0,0.0,0.0,0.0,0.0,0.0,0.0,0.0,0.0
88ad368747fffff,0.0,0.0,0.0,0.0,0.0,0.0,0.0,0.0,1.0,0.0,0.0,0.0,0.0,0.0,0.0,0.0,0.0,0.0,0.0,0.0,0.0,0.0,0.0,0.0,0.0,0.0,1.0,1.0,0.0,0.0,0.0,0.0,0.0,0.0,0.0,0.0,0.0,0.0,0.0,0.0,0.0,0.0,0.0,0.0,0.0,0.0,0.0,0.0,0.0,0.0,1.0,0.0,0.0
88ad368749fffff,0.0,0.0,0.0,0.0,0.0,0.0,0.0,0.0,0.0,0.0,0.0,0.0,1.0,1.0,0.0,0.0,0.0,0.0,0.0,0.0,0.0,0.0,0.0,1.0,0.0,0.0,1.0,1.0,0.0,0.0,0.0,0.0,0.0,0.0,0.0,0.0,0.0,0.0,0.0,0.0,0.0,0.0,0.0,0.0,0.0,0.0,0.0,0.0,0.0,0.0,0.0,0.0,0.0
88ad36874bfffff,0.0,0.0,0.0,0.0,0.0,0.0,0.0,0.0,0.0,0.0,0.0,0.0,0.0,0.0,1.0,0.0,0.0,1.0,0.0,0.0,1.0,0.0,0.0,1.0,0.0,0.0,0.0,0.0,1.0,0.0,0.0,1.0,0.0,0.0,0.0,0.0,0.0,0.0,0.0,0.0,0.0,0.0,0.0,0.0,0.0,0.0,0.0,0.0,0.0,0.0,0.0,0.0,0.0
88ad36874dfffff,0.0,0.0,0.0,0.0,0.0,0.0,0.0,0.0,0.0,0.0,0.0,0.0,0.0,0.0,0.0,0.0,0.0,0.0,0.0,2.0,0.0,0.0,1.0,1.0,0.0,0.0,0.0,0.0,1.0,0.0,1.0,0.0,0.0,0.0,0.0,0.0,0.0,1.0,0.0,0.0,0.0,1.0,0.0,1.0,1.0,0.0,1.0,0.0,0.0,0.0,1.0,1.0,0.0
88ad368755fffff,0.0,0.0,0.0,0.0,0.0,0.0,0.0,0.0,0.0,0.0,0.0,0.0,0.0,0.0,1.0,0.0,0.0,0.0,1.0,1.0,0.0,0.0,0.0,0.0,0.0,0.0,0.0,0.0,0.0,0.0,0.0,0.0,0.0,0.0,0.0,0.0,0.0,0.0,0.0,0.0,0.0,0.0,0.0,0.0,0.0,0.0,0.0,0.0,0.0,0.0,0.0,0.0,0.0
88ad368757fffff,0.0,0.0,0.0,0.0,0.0,0.0,0.0,0.0,0.0,0.0,0.0,0.0,0.0,0.0,0.0,0.0,0.0,0.0,0.0,0.0,0.0,0.0,0.0,0.0,0.0,0.0,1.0,0.0,0.0,0.0,0.0,0.0,0.0,0.0,0.0,0.0,0.0,1.0,0.0,0.0,0.0,0.0,0.0,0.0,0.0,0.0,0.0,0.0,0.0,0.0,0.0,0.0,0.0
88ad368759fffff,0.0,0.0,0.0,0.0,0.0,0.0,0.0,0.0,0.0,0.0,0.0,0.0,0.0,0.0,0.0,0.0,0.0,0.0,0.0,0.0,0.0,0.0,0.0,0.0,0.0,0.0,0.0,0.0,2.0,1.0,0.0,0.0,0.0,0.0,0.0,0.0,0.0,0.0,0.0,0.0,0.0,0.0,0.0,0.0,0.0,0.0,0.0,0.0,0.0,0.0,0.0,0.0,0.0
88ad36875bfffff,0.0,0.0,0.0,0.0,0.0,0.0,0.0,0.0,0.0,0.0,0.0,0.0,0.0,0.0,0.0,0.0,0.0,0.0,0.0,0.0,0.0,0.0,0.0,1.0,1.0,0.0,0.0,0.0,1.0,0.0,0.0,0.0,1.0,0.0,0.0,0.0,0.0,0.0,0.0,0.0,0.0,0.0,0.0,0.0,0.0,0.0,0.0,0.0,0.0,0.0,0.0,0.0,0.0
88ad36875dfffff,0.0,0.0,0.0,0.0,0.0,0.0,0.0,0.0,0.0,0.0,0.0,0.0,0.0,0.0,0.0,0.0,0.0,0.0,0.0,0.0,0.0,0.0,0.0,0.0,0.0,0.0,0.0,0.0,0.0,0.0,0.0,0.0,1.0,0.0,0.0,0.0,0.0,0.0,0.0,0.0,0.0,0.0,0.0,0.0,0.0,0.0,0.0,0.0,0.0,0.0,0.0,0.0,0.0
88ad368767fffff,0.0,0.0,0.0,0.0,0.0,0.0,0.0,0.0,0.0,0.0,0.0,0.0,0.0,0.0,0.0,0.0,0.0,0.0,0.0,0.0,0.0,0.0,0.0,0.0,0.0,0.0,0.0,0.0,0.0,0.0,0.0,0.0,0.0,0.0,0.0,0.0,0.0,0.0,0.0,0.0,0.0,0.0,0.0,0.0,0.0,0.0,0.0,0.0,1.0,0.0,0.0,0.0,0.0
88ad36876bfffff,0.0,0.0,0.0,0.0,0.0,0.0,0.0,0.0,0.0,0.0,0.0,0.0,0.0,0.0,0.0,0.0,0.0,0.0,0.0,0.0,0.0,1.0,0.0,0.0,0.0,0.0,0.0,0.0,0.0,0.0,0.0,1.0,0.0,0.0,0.0,0.0,0.0,1.0,0.0,0.0,0.0,0.0,0.0,0.0,0.0,0.0,0.0,0.0,0.0,0.0,0.0,0.0,0.0
88ad368881fffff,0.0,0.0,0.0,0.0,0.0,0.0,0.0,0.0,0.0,0.0,0.0,0.0,0.0,0.0,0.0,0.0,0.0,0.0,0.0,0.0,0.0,0.0,0.0,0.0,0.0,0.0,1.0,0.0,0.0,0.0,0.0,0.0,0.0,0.0,0.0,0.0,0.0,0.0,1.0,0.0,0.0,0.0,0.0,0.0,0.0,0.0,0.0,0.0,0.0,0.0,0.0,0.0,0.0
88ad368883fffff,0.0,2.0,0.0,2.0,0.0,1.0,0.0,0.0,0.0,1.0,0.0,1.0,0.0,1.0,1.0,0.0,0.0,0.0,1.0,1.0,0.0,2.0,2.0,1.0,1.0,0.0,3.0,0.0,0.0,1.0,1.0,0.0,1.0,0.0,1.0,0.0,0.0,0.0,1.0,2.0,1.0,1.0,1.0,1.0,1.0,1.0,1.0,0.0,0.0,0.0,0.0,0.0,0.0
88ad368885fffff,0.0,0.0,0.0,1.0,0.0,1.0,10.0,2.0,2.0,0.0,0.0,0.0,1.0,0.0,1.0,0.0,1.0,0.0,0.0,0.0,0.0,0.0,0.0,1.0,5.0,1.0,0.0,1.0,1.0,4.0,0.0,0.0,0.0,0.0,1.0,1.0,0.0,1.0,1.0,0.0,0.0,1.0,1.0,1.0,3.0,0.0,1.0,1.0,1.0,0.0,1.0,1.0,1.0
88ad368887fffff,10.0,22.0,18.0,20.0,23.0,26.0,14.0,11.0,19.0,12.0,11.0,31.0,15.0,7.0,9.0,13.0,8.0,2.0,8.0,12.0,5.0,17.0,11.0,9.0,12.0,7.0,20.0,10.0,13.0,3.0,19.0,10.0,12.0,10.0,15.0,8.0,19.0,7.0,15.0,21.0,17.0,15.0,16.0,19.0,10.0,19.0,15.0,20.0,18.0,23.0,15.0,11.0,5.0
88ad368891fffff,0.0,0.0,2.0,2.0,1.0,1.0,1.0,2.0,3.0,1.0,0.0,3.0,0.0,0.0,0.0,0.0,2.0,4.0,2.0,2.0,0.0,0.0,1.0,0.0,2.0,1.0,0.0,4.0,0.0,2.0,3.0,0.0,2.0,2.0,3.0,0.0,0.0,2.0,1.0,3.0,2.0,2.0,2.0,1.0,3.0,1.0,1.0,0.0,0.0,1.0,3.0,2.0,0.0
88ad368893fffff,9.0,11.0,19.0,5.0,11.0,8.0,16.0,42.0,21.0,84.0,41.0,5.0,6.0,4.0,0.0,2.0,4.0,5.0,6.0,4.0,2.0,5.0,4.0,10.0,9.0,1.0,10.0,5.0,15.0,5.0,1.0,8.0,7.0,2.0,6.0,9.0,19.0,22.0,8.0,13.0,16.0,12.0,13.0,15.0,7.0,15.0,17.0,7.0,22.0,11.0,14.0,6.0,10.0
88ad368895fffff,2.0,29.0,10.0,21.0,20.0,35.0,17.0,14.0,16.0,8.0,7.0,8.0,4.0,6.0,4.0,7.0,2.0,6.0,7.0,5.0,8.0,13.0,7.0,4.0,25.0,10.0,11.0,23.0,26.0,8.0,10.0,10.0,9.0,17.0,14.0,15.0,19.0,19.0,15.0,16.0,23.0,5.0,7.0,10.0,14.0,15.0,7.0,6.0,9.0,11.0,13.0,14.0,7.0
88ad368897fffff,12.0,23.0,32.0,14.0,13.0,39.0,18.0,32.0,16.0,31.0,52.0,11.0,9.0,13.0,3.0,5.0,7.0,3.0,8.0,11.0,11.0,12.0,6.0,8.0,15.0,11.0,15.0,10.0,9.0,19.0,16.0,14.0,12.0,16.0,26.0,15.0,23.0,20.0,11.0,21.0,19.0,28.0,23.0,23.0,21.0,57.0,41.0,28.0,31.0,68.0,25.0,17.0,16.0
88ad368899fffff,0.0,1.0,0.0,0.0,0.0,0.0,0.0,0.0,0.0,0.0,0.0,0.0,0.0,0.0,0.0,1.0,0.0,0.0,0.0,0.0,0.0,0.0,0.0,0.0,1.0,0.0,0.0,0.0,0.0,0.0,0.0,0.0,0.0,0.0,0.0,0.0,0.0,0.0,0.0,0.0,0.0,0.0,0.0,0.0,0.0,0.0,0.0,0.0,0.0,0.0,0.0,0.0,0.0
88ad36889bfffff,1.0,0.0,0.0,0.0,1.0,0.0,0.0,0.0,0.0,0.0,1.0,0.0,1.0,0.0,1.0,0.0,0.0,0.0,0.0,1.0,1.0,0.0,0.0,1.0,0.0,0.0,0.0,1.0,0.0,0.0,0.0,1.0,0.0,1.0,0.0,1.0,1.0,0.0,0.0,0.0,0.0,1.0,4.0,0.0,0.0,0.0,0.0,0.0,0.0,0.0,1.0,0.0,0.0
88ad3688a1fffff,7.0,8.0,5.0,14.0,12.0,6.0,13.0,12.0,15.0,6.0,16.0,9.0,10.0,3.0,5.0,6.0,9.0,3.0,6.0,6.0,5.0,1.0,7.0,11.0,5.0,9.0,8.0,15.0,4.0,4.0,14.0,17.0,12.0,6.0,8.0,19.0,9.0,15.0,11.0,22.0,15.0,2.0,13.0,19.0,15.0,9.0,9.0,13.0,8.0,9.0,11.0,12.0,7.0
88ad3688a3fffff,1.0,3.0,1.0,2.0,6.0,1.0,3.0,1.0,1.0,1.0,1.0,0.0,1.0,0.0,1.0,1.0,2.0,0.0,4.0,0.0,0.0,0.0,1.0,2.0,1.0,2.0,0.0,0.0,4.0,2.0,1.0,1.0,2.0,2.0,2.0,3.0,2.0,0.0,0.0,1.0,3.0,2.0,3.0,1.0,0.0,4.0,2.0,4.0,1.0,2.0,3.0,2.0,0.0
88ad3688a5fffff,13.0,15.0,15.0,24.0,32.0,23.0,33.0,30.0,26.0,21.0,18.0,24.0,22.0,12.0,8.0,7.0,8.0,8.0,7.0,7.0,6.0,16.0,10.0,13.0,17.0,12.0,13.0,19.0,12.0,16.0,17.0,14.0,19.0,9.0,21.0,22.0,19.0,21.0,18.0,27.0,22.0,13.0,25.0,21.0,18.0,19.0,13.0,15.0,11.0,36.0,15.0,14.0,8.0
88ad3688a7fffff,6.0,13.0,19.0,13.0,25.0,23.0,12.0,22.0,24.0,30.0,20.0,25.0,11.0,12.0,6.0,14.0,8.0,2.0,14.0,6.0,5.0,3.0,7.0,9.0,15.0,15.0,10.0,8.0,16.0,20.0,22.0,19.0,13.0,14.0,24.0,18.0,36.0,14.0,18.0,28.0,30.0,20.0,19.0,22.0,16.0,18.0,22.0,22.0,38.0,22.0,18.0,27.0,18.0
88ad3688abfffff,0.0,15.0,10.0,19.0,19.0,11.0,13.0,22.0,8.0,18.0,17.0,9.0,17.0,5.0,8.0,17.0,5.0,3.0,4.0,5.0,10.0,10.0,11.0,11.0,13.0,9.0,8.0,5.0,10.0,5.0,10.0,6.0,14.0,2.0,6.0,4.0,13.0,5.0,19.0,16.0,11.0,19.0,27.0,25.0,19.0,6.0,24.0,14.0,16.0,7.0,12.0,20.0,5.0
88ad3688adfffff,1.0,2.0,6.0,5.0,4.0,9.0,6.0,7.0,8.0,7.0,6.0,5.0,6.0,0.0,1.0,3.0,1.0,1.0,0.0,3.0,1.0,2.0,4.0,2.0,3.0,2.0,3.0,6.0,7.0,8.0,7.0,9.0,0.0,2.0,7.0,5.0,6.0,2.0,1.0,2.0,10.0,6.0,3.0,7.0,5.0,9.0,11.0,6.0,1.0,4.0,10.0,6.0,6.0
88ad3688b1fffff,6.0,7.0,7.0,7.0,2.0,4.0,2.0,2.0,2.0,0.0,1.0,1.0,1.0,0.0,4.0,2.0,1.0,1.0,0.0,1.0,0.0,1.0,2.0,4.0,2.0,1.0,1.0,5.0,0.0,0.0,3.0,3.0,0.0,0.0,0.0,1.0,4.0,1.0,2.0,2.0,2.0,3.0,4.0,0.0,10.0,2.0,2.0,0.0,3.0,1.0,2.0,1.0,3.0
88ad3688b3fffff,0.0,1.0,0.0,0.0,0.0,0.0,1.0,0.0,0.0,0.0,0.0,0.0,1.0,0.0,0.0,0.0,0.0,0.0,0.0,0.0,0.0,0.0,0.0,0.0,0.0,0.0,0.0,1.0,2.0,0.0,0.0,0.0,0.0,0.0,0.0,0.0,1.0,0.0,0.0,0.0,0.0,0.0,0.0,0.0,0.0,0.0,0.0,0.0,0.0,0.0,0.0,0.0,0.0
88ad3688b5fffff,0.0,0.0,0.0,0.0,0.0,0.0,0.0,0.0,0.0,0.0,0.0,0.0,0.0,0.0,0.0,0.0,0.0,0.0,0.0,0.0,0.0,0.0,0.0,0.0,0.0,0.0,0.0,0.0,0.0,0.0,0.0,0.0,0.0,0.0,0.0,0.0,0.0,0.0,0.0,0.0,0.0,0.0,0.0,0.0,0.0,0.0,0.0,0.0,1.0,0.0,0.0,0.0,0.0
88ad3688b7fffff,0.0,0.0,0.0,1.0,0.0,0.0,0.0,0.0,0.0,0.0,0.0,0.0,0.0,0.0,0.0,0.0,0.0,0.0,0.0,0.0,2.0,0.0,0.0,0.0,0.0,0.0,0.0,0.0,0.0,0.0,1.0,0.0,0.0,0.0,0.0,0.0,0.0,0.0,0.0,0.0,0.0,0.0,0.0,0.0,0.0,0.0,0.0,0.0,0.0,0.0,0.0,0.0,0.0
88ad3688b9fffff,9.0,13.0,16.0,20.0,7.0,20.0,7.0,4.0,15.0,19.0,17.0,4.0,7.0,14.0,8.0,4.0,3.0,2.0,7.0,6.0,3.0,7.0,10.0,5.0,19.0,13.0,10.0,8.0,10.0,7.0,8.0,4.0,8.0,16.0,7.0,11.0,29.0,18.0,13.0,14.0,17.0,16.0,18.0,19.0,17.0,14.0,5.0,19.0,10.0,18.0,15.0,9.0,6.0
88ad3688bbfffff,7.0,21.0,19.0,10.0,17.0,22.0,15.0,17.0,13.0,22.0,33.0,10.0,3.0,1.0,0.0,3.0,3.0,4.0,7.0,14.0,7.0,23.0,8.0,10.0,11.0,7.0,12.0,9.0,6.0,5.0,17.0,8.0,12.0,13.0,8.0,17.0,19.0,36.0,28.0,46.0,58.0,50.0,34.0,19.0,12.0,24.0,18.0,18.0,20.0,20.0,17.0,9.0,9.0
88ad3688bdfffff,2.0,8.0,23.0,11.0,9.0,6.0,5.0,12.0,7.0,7.0,5.0,7.0,3.0,6.0,4.0,3.0,1.0,1.0,3.0,3.0,4.0,0.0,3.0,2.0,6.0,6.0,12.0,4.0,12.0,5.0,6.0,5.0,6.0,6.0,10.0,9.0,9.0,14.0,1.0,12.0,13.0,8.0,13.0,20.0,15.0,14.0,9.0,13.0,6.0,4.0,10.0,9.0,3.0
88ad368923fffff,1.0,0.0,0.0,0.0,0.0,0.0,0.0,0.0,0.0,0.0,1.0,2.0,0.0,0.0,0.0,0.0,0.0,0.0,1.0,0.0,0.0,0.0,0.0,0.0,0.0,1.0,0.0,0.0,0.0,1.0,0.0,0.0,0.0,0.0,0.0,0.0,0.0,0.0,0.0,0.0,0.0,0.0,0.0,0.0,0.0,0.0,0.0,1.0,0.0,0.0,0.0,0.0,0.0
88ad368925fffff,0.0,0.0,0.0,0.0,1.0,0.0,1.0,1.0,0.0,0.0,0.0,1.0,0.0,1.0,0.0,0.0,0.0,0.0,0.0,0.0,1.0,0.0,0.0,0.0,0.0,0.0,1.0,0.0,0.0,0.0,0.0,0.0,0.0,2.0,0.0,0.0,1.0,0.0,1.0,0.0,3.0,1.0,0.0,0.0,0.0,0.0,0.0,1.0,1.0,0.0,1.0,0.0,0.0
88ad368927fffff,0.0,0.0,0.0,0.0,0.0,0.0,0.0,0.0,0.0,0.0,0.0,0.0,0.0,0.0,0.0,0.0,0.0,0.0,0.0,0.0,0.0,0.0,0.0,0.0,0.0,0.0,0.0,0.0,0.0,0.0,0.0,0.0,0.0,1.0,0.0,1.0,0.0,0.0,0.0,0.0,0.0,0.0,0.0,0.0,0.0,0.0,0.0,0.0,0.0,0.0,0.0,0.0,0.0
88ad368931fffff,10.0,17.0,20.0,19.0,18.0,19.0,25.0,21.0,13.0,18.0,16.0,24.0,13.0,11.0,10.0,11.0,8.0,4.0,3.0,12.0,6.0,9.0,11.0,13.0,5.0,17.0,9.0,19.0,13.0,19.0,19.0,14.0,11.0,13.0,17.0,14.0,24.0,10.0,17.0,13.0,23.0,20.0,32.0,14.0,29.0,15.0,20.0,7.0,11.0,10.0,14.0,15.0,13.0
88ad368933fffff,10.0,11.0,15.0,10.0,14.0,19.0,18.0,13.0,19.0,7.0,26.0,10.0,12.0,2.0,8.0,10.0,3.0,8.0,6.0,10.0,12.0,6.0,12.0,8.0,9.0,14.0,9.0,7.0,12.0,26.0,10.0,15.0,12.0,15.0,12.0,8.0,24.0,21.0,6.0,16.0,31.0,13.0,29.0,11.0,11.0,16.0,18.0,10.0,12.0,28.0,8.0,13.0,9.0
88ad368935fffff,10.0,8.0,3.0,2.0,6.0,7.0,5.0,3.0,5.0,18.0,4.0,14.0,5.0,5.0,7.0,8.0,12.0,3.0,6.0,5.0,7.0,3.0,3.0,2.0,2.0,11.0,4.0,3.0,10.0,8.0,19.0,9.0,11.0,19.0,3.0,12.0,15.0,7.0,9.0,9.0,15.0,18.0,77.0,72.0,15.0,88.0,167.0,1.0,27.0,67.0,3.0,19.0,10.0
88ad368937fffff,3.0,8.0,7.0,10.0,7.0,23.0,13.0,16.0,18.0,10.0,17.0,19.0,12.0,7.0,4.0,11.0,6.0,3.0,10.0,13.0,13.0,16.0,12.0,15.0,12.0,11.0,7.0,12.0,16.0,17.0,14.0,8.0,11.0,9.0,12.0,2.0,21.0,15.0,4.0,11.0,9.0,24.0,18.0,6.0,9.0,5.0,13.0,8.0,5.0,13.0,10.0,8.0,7.0
88ad368939fffff,0.0,0.0,0.0,0.0,0.0,0.0,7.0,0.0,0.0,0.0,1.0,0.0,0.0,0.0,0.0,0.0,0.0,0.0,0.0,0.0,0.0,0.0,0.0,0.0,0.0,0.0,0.0,0.0,0.0,0.0,0.0,0.0,24.0,0.0,0.0,0.0,0.0,0.0,0.0,0.0,0.0,0.0,0.0,0.0,0.0,0.0,0.0,0.0,0.0,0.0,0.0,0.0,0.0
88ad36893bfffff,6.0,23.0,26.0,33.0,12.0,27.0,22.0,13.0,18.0,23.0,22.0,20.0,21.0,15.0,20.0,11.0,20.0,12.0,14.0,17.0,18.0,10.0,8.0,6.0,9.0,15.0,9.0,22.0,24.0,23.0,31.0,28.0,33.0,20.0,20.0,19.0,32.0,30.0,19.0,20.0,26.0,26.0,48.0,10.0,17.0,17.0,19.0,19.0,25.0,22.0,25.0,12.0,27.0
88ad36893dfffff,0.0,3.0,1.0,3.0,2.0,5.0,1.0,1.0,3.0,4.0,0.0,7.0,3.0,0.0,3.0,1.0,3.0,0.0,0.0,1.0,1.0,2.0,4.0,3.0,0.0,7.0,3.0,7.0,4.0,4.0,2.0,1.0,3.0,6.0,3.0,1.0,14.0,14.0,6.0,5.0,6.0,0.0,6.0,2.0,1.0,4.0,0.0,4.0,6.0,6.0,5.0,2.0,3.0
88ad368981fffff,11.0,11.0,17.0,18.0,18.0,9.0,11.0,18.0,25.0,18.0,19.0,23.0,10.0,16.0,7.0,7.0,13.0,12.0,8.0,7.0,8.0,7.0,17.0,19.0,19.0,12.0,16.0,29.0,20.0,15.0,19.0,15.0,16.0,19.0,6.0,25.0,24.0,28.0,12.0,23.0,11.0,11.0,7.0,11.0,15.0,20.0,46.0,25.0,13.0,26.0,11.0,8.0,8.0
88ad368983fffff,13.0,33.0,15.0,32.0,19.0,48.0,100.0,31.0,38.0,45.0,31.0,22.0,34.0,26.0,20.0,12.0,14.0,15.0,19.0,19.0,18.0,28.0,27.0,17.0,25.0,47.0,37.0,73.0,47.0,87.0,96.0,86.0,26.0,39.0,27.0,62.0,60.0,31.0,29.0,40.0,23.0,20.0,27.0,19.0,22.0,24.0,31.0,18.0,29.0,23.0,15.0,28.0,19.0
88ad368985fffff,26.0,100.0,98.0,92.0,92.0,65.0,65.0,48.0,46.0,21.0,39.0,62.0,45.0,38.0,47.0,56.0,67.0,48.0,41.0,51.0,50.0,31.0,41.0,46.0,53.0,73.0,65.0,66.0,62.0,58.0,72.0,56.0,69.0,91.0,62.0,60.0,85.0,122.0,49.0,74.0,112.0,88.0,88.0,75.0,90.0,69.0,76.0,71.0,61.0,72.0,42.0,63.0,54.0
88ad368987fffff,5.0,13.0,13.0,8.0,10.0,12.0,19.0,11.0,20.0,13.0,18.0,26.0,14.0,5.0,2.0,10.0,7.0,4.0,7.0,15.0,5.0,12.0,21.0,14.0,7.0,12.0,20.0,12.0,7.0,8.0,5.0,11.0,9.0,15.0,8.0,8.0,22.0,20.0,10.0,10.0,13.0,11.0,16.0,7.0,6.0,9.0,6.0,8.0,9.0,15.0,8.0,6.0,10.0
88ad368989fffff,14.0,33.0,27.0,50.0,30.0,48.0,50.0,45.0,45.0,38.0,26.0,47.0,26.0,22.0,29.0,26.0,24.0,12.0,19.0,17.0,23.0,37.0,34.0,35.0,26.0,35.0,40.0,48.0,39.0,28.0,32.0,38.0,31.0,36.0,32.0,35.0,43.0,49.0,27.0,27.0,20.0,34.0,34.0,34.0,28.0,43.0,26.0,49.0,53.0,34.0,22.0,30.0,32.0
88ad36898bfffff,18.0,36.0,30.0,23.0,23.0,43.0,25.0,21.0,28.0,30.0,22.0,31.0,15.0,23.0,21.0,24.0,16.0,18.0,16.0,17.0,16.0,15.0,28.0,13.0,17.0,19.0,29.0,22.0,30.0,24.0,35.0,25.0,17.0,34.0,27.0,28.0,33.0,30.0,23.0,30.0,43.0,81.0,23.0,37.0,26.0,24.0,26.0,41.0,28.0,33.0,25.0,47.0,16.0
88ad36898dfffff,7.0,18.0,9.0,13.0,12.0,31.0,20.0,22.0,22.0,38.0,10.0,14.0,11.0,28.0,8.0,11.0,5.0,9.0,9.0,7.0,8.0,5.0,8.0,11.0,7.0,4.0,6.0,12.0,6.0,5.0,6.0,11.0,8.0,9.0,4.0,20.0,14.0,5.0,10.0,10.0,14.0,8.0,2.0,17.0,12.0,11.0,9.0,10.0,5.0,11.0,10.0,6.0,6.0
88ad368991fffff,1.0,12.0,14.0,11.0,17.0,7.0,8.0,13.0,21.0,7.0,11.0,6.0,4.0,12.0,12.0,1.0,3.0,7.0,7.0,4.0,2.0,4.0,5.0,15.0,9.0,9.0,10.0,15.0,13.0,9.0,14.0,16.0,5.0,16.0,11.0,13.0,8.0,35.0,20.0,38.0,26.0,12.0,13.0,37.0,20.0,18.0,17.0,20.0,20.0,23.0,15.0,18.0,11.0
88ad368993fffff,8.0,24.0,25.0,28.0,29.0,25.0,14.0,23.0,20.0,24.0,17.0,25.0,15.0,28.0,9.0,6.0,5.0,7.0,22.0,8.0,9.0,2.0,18.0,4.0,13.0,14.0,14.0,11.0,15.0,31.0,18.0,15.0,18.0,24.0,16.0,22.0,40.0,27.0,20.0,29.0,69.0,50.0,32.0,27.0,21.0,24.0,38.0,32.0,47.0,45.0,18.0,17.0,11.0
88ad368995fffff,11.0,18.0,32.0,36.0,27.0,32.0,57.0,51.0,39.0,39.0,32.0,25.0,23.0,17.0,29.0,9.0,22.0,19.0,7.0,16.0,8.0,6.0,14.0,16.0,11.0,13.0,21.0,19.0,17.0,19.0,14.0,23.0,28.0,27.0,27.0,38.0,36.0,31.0,28.0,21.0,23.0,19.0,22.0,31.0,25.0,29.0,26.0,14.0,26.0,25.0,18.0,19.0,15.0
88ad368997fffff,12.0,16.0,20.0,22.0,19.0,11.0,9.0,13.0,30.0,20.0,26.0,19.0,15.0,7.0,4.0,1.0,2.0,3.0,6.0,10.0,4.0,7.0,13.0,11.0,11.0,4.0,7.0,16.0,11.0,14.0,11.0,10.0,8.0,13.0,9.0,13.0,13.0,21.0,15.0,20.0,30.0,38.0,29.0,15.0,36.0,31.0,44.0,51.0,67.0,16.0,10.0,8.0,11.0
88ad368999fffff,12.0,22.0,22.0,15.0,21.0,18.0,19.0,12.0,16.0,25.0,31.0,40.0,17.0,4.0,10.0,2.0,9.0,9.0,10.0,7.0,4.0,22.0,17.0,17.0,18.0,9.0,10.0,28.0,32.0,10.0,14.0,21.0,14.0,10.0,17.0,16.0,17.0,18.0,25.0,19.0,25.0,28.0,25.0,22.0,26.0,22.0,16.0,23.0,15.0,31.0,15.0,21.0,11.0
88ad36899bfffff,5.0,15.0,22.0,15.0,33.0,12.0,13.0,23.0,15.0,28.0,30.0,12.0,15.0,7.0,11.0,6.0,10.0,5.0,10.0,10.0,8.0,7.0,4.0,13.0,16.0,13.0,13.0,12.0,18.0,11.0,13.0,10.0,7.0,17.0,14.0,12.0,11.0,13.0,12.0,39.0,41.0,30.0,17.0,33.0,18.0,19.0,12.0,24.0,15.0,22.0,12.0,16.0,7.0
88ad36899dfffff,13.0,26.0,26.0,39.0,33.0,37.0,47.0,46.0,25.0,36.0,23.0,23.0,24.0,19.0,21.0,16.0,22.0,18.0,18.0,16.0,10.0,20.0,33.0,12.0,26.0,51.0,26.0,17.0,27.0,59.0,38.0,29.0,33.0,30.0,24.0,38.0,35.0,26.0,31.0,19.0,32.0,40.0,24.0,25.0,23.0,35.0,42.0,23.0,38.0,32.0,31.0,27.0,19.0
88ad3689a1fffff,4.0,15.0,19.0,34.0,13.0,17.0,14.0,13.0,21.0,18.0,13.0,14.0,14.0,4.0,3.0,0.0,3.0,2.0,8.0,3.0,10.0,6.0,4.0,2.0,10.0,8.0,6.0,10.0,15.0,7.0,10.0,10.0,11.0,11.0,15.0,6.0,13.0,18.0,9.0,17.0,15.0,5.0,13.0,6.0,16.0,15.0,9.0,13.0,17.0,10.0,14.0,14.0,19.0
88ad3689a3fffff,0.0,0.0,0.0,0.0,0.0,0.0,0.0,0.0,0.0,0.0,0.0,0.0,0.0,0.0,0.0,0.0,0.0,0.0,0.0,0.0,0.0,0.0,0.0,0.0,0.0,0.0,0.0,0.0,0.0,0.0,0.0,0.0,0.0,0.0,0.0,0.0,0.0,0.0,1.0,0.0,0.0,0.0,0.0,0.0,0.0,0.0,0.0,0.0,0.0,0.0,0.0,0.0,0.0
88ad3689a5fffff,4.0,15.0,14.0,12.0,14.0,29.0,11.0,14.0,14.0,23.0,10.0,7.0,7.0,5.0,4.0,2.0,0.0,2.0,1.0,4.0,4.0,1.0,4.0,9.0,5.0,2.0,14.0,16.0,9.0,16.0,6.0,9.0,8.0,12.0,14.0,12.0,13.0,9.0,11.0,11.0,16.0,15.0,7.0,23.0,10.0,11.0,7.0,6.0,14.0,8.0,11.0,7.0,4.0
88ad3689a7fffff,9.0,21.0,15.0,10.0,20.0,9.0,17.0,25.0,21.0,11.0,6.0,11.0,11.0,10.0,3.0,2.0,8.0,6.0,5.0,8.0,6.0,1.0,5.0,9.0,6.0,7.0,15.0,8.0,15.0,11.0,8.0,9.0,7.0,9.0,12.0,9.0,10.0,9.0,9.0,12.0,12.0,17.0,18.0,14.0,9.0,10.0,12.0,8.0,18.0,7.0,7.0,12.0,5.0
88ad3689a9fffff,7.0,12.0,9.0,15.0,11.0,7.0,22.0,23.0,17.0,9.0,18.0,10.0,7.0,4.0,4.0,5.0,3.0,1.0,5.0,2.0,4.0,7.0,5.0,5.0,5.0,19.0,5.0,5.0,7.0,10.0,5.0,7.0,7.0,4.0,9.0,6.0,15.0,10.0,17.0,11.0,17.0,12.0,10.0,20.0,9.0,14.0,18.0,13.0,16.0,18.0,12.0,4.0,4.0
88ad3689adfffff,3.0,18.0,11.0,26.0,14.0,7.0,11.0,19.0,13.0,21.0,13.0,21.0,9.0,14.0,5.0,7.0,7.0,8.0,4.0,9.0,8.0,2.0,6.0,9.0,8.0,12.0,7.0,12.0,20.0,18.0,12.0,14.0,9.0,11.0,17.0,17.0,21.0,20.0,20.0,23.0,32.0,31.0,26.0,22.0,23.0,26.0,7.0,10.0,21.0,15.0,15.0,9.0,6.0
88ad3689b1fffff,12.0,34.0,64.0,23.0,34.0,36.0,47.0,21.0,24.0,23.0,22.0,21.0,25.0,12.0,15.0,18.0,12.0,13.0,11.0,7.0,12.0,20.0,35.0,28.0,20.0,12.0,21.0,26.0,22.0,24.0,15.0,22.0,37.0,17.0,38.0,22.0,43.0,17.0,25.0,40.0,68.0,46.0,44.0,41.0,41.0,46.0,23.0,20.0,28.0,31.0,27.0,28.0,9.0
88ad3689b3fffff,15.0,21.0,18.0,24.0,32.0,30.0,29.0,19.0,34.0,27.0,17.0,21.0,17.0,14.0,9.0,4.0,5.0,5.0,11.0,11.0,6.0,13.0,7.0,18.0,9.0,14.0,7.0,27.0,13.0,19.0,14.0,16.0,21.0,26.0,33.0,13.0,39.0,24.0,17.0,21.0,29.0,32.0,31.0,20.0,26.0,16.0,13.0,14.0,51.0,23.0,15.0,18.0,10.0
88ad3689b5fffff,0.0,0.0,0.0,0.0,0.0,0.0,0.0,0.0,0.0,0.0,0.0,0.0,0.0,0.0,0.0,0.0,0.0,0.0,0.0,0.0,0.0,0.0,0.0,0.0,0.0,0.0,0.0,0.0,0.0,0.0,0.0,0.0,0.0,0.0,0.0,0.0,0.0,0.0,0.0,0.0,0.0,0.0,0.0,0.0,0.0,0.0,0.0,0.0,0.0,1.0,0.0,0.0,0.0
88ad3689b7fffff,18.0,22.0,15.0,21.0,38.0,16.0,24.0,14.0,20.0,13.0,9.0,12.0,19.0,16.0,7.0,14.0,8.0,4.0,14.0,14.0,12.0,3.0,9.0,15.0,12.0,5.0,11.0,14.0,23.0,29.0,16.0,30.0,29.0,18.0,12.0,24.0,31.0,15.0,16.0,42.0,27.0,41.0,19.0,28.0,19.0,13.0,20.0,23.0,28.0,10.0,17.0,13.0,6.0
88ad3689b9fffff,12.0,21.0,25.0,29.0,24.0,31.0,26.0,26.0,36.0,24.0,24.0,26.0,25.0,12.0,24.0,23.0,14.0,8.0,9.0,5.0,7.0,10.0,13.0,16.0,13.0,19.0,11.0,10.0,20.0,11.0,20.0,16.0,17.0,17.0,15.0,16.0,22.0,29.0,19.0,30.0,30.0,33.0,20.0,15.0,38.0,48.0,9.0,17.0,30.0,21.0,17.0,30.0,5.0
88ad3689bbfffff,7.0,22.0,24.0,26.0,30.0,31.0,33.0,30.0,32.0,35.0,27.0,21.0,41.0,21.0,21.0,6.0,6.0,21.0,14.0,13.0,11.0,20.0,23.0,22.0,21.0,19.0,19.0,21.0,10.0,19.0,13.0,32.0,21.0,23.0,47.0,26.0,23.0,38.0,34.0,43.0,20.0,25.0,31.0,34.0,39.0,32.0,41.0,34.0,30.0,34.0,22.0,38.0,10.0
88ad3689bdfffff,0.0,0.0,0.0,0.0,0.0,0.0,0.0,0.0,0.0,0.0,0.0,0.0,0.0,0.0,0.0,0.0,0.0,0.0,0.0,0.0,0.0,0.0,0.0,0.0,0.0,0.0,0.0,0.0,0.0,0.0,0.0,0.0,0.0,0.0,0.0,1.0,0.0,0.0,0.0,0.0,0.0,0.0,0.0,0.0,0.0,0.0,0.0,0.0,0.0,0.0,0.0,0.0,0.0
88ad3689c1fffff,0.0,0.0,0.0,0.0,0.0,0.0,0.0,0.0,0.0,0.0,0.0,0.0,0.0,0.0,0.0,0.0,0.0,0.0,0.0,0.0,0.0,0.0,0.0,0.0,0.0,0.0,0.0,0.0,0.0,0.0,0.0,0.0,0.0,0.0,0.0,1.0,0.0,0.0,0.0,0.0,0.0,0.0,0.0,0.0,0.0,0.0,0.0,0.0,0.0,0.0,0.0,0.0,0.0
88ad3689c3fffff,0.0,0.0,0.0,1.0,0.0,0.0,0.0,0.0,1.0,0.0,0.0,0.0,0.0,0.0,0.0,0.0,0.0,0.0,0.0,0.0,0.0,0.0,0.0,0.0,0.0,0.0,0.0,0.0,0.0,0.0,0.0,0.0,0.0,0.0,0.0,0.0,0.0,0.0,0.0,0.0,0.0,0.0,0.0,0.0,0.0,0.0,0.0,0.0,0.0,0.0,0.0,0.0,0.0
88ad3689c7fffff,17.0,10.0,15.0,23.0,21.0,20.0,11.0,17.0,14.0,24.0,25.0,18.0,10.0,6.0,8.0,7.0,15.0,8.0,11.0,4.0,2.0,4.0,23.0,14.0,11.0,7.0,12.0,16.0,8.0,15.0,9.0,11.0,11.0,9.0,6.0,18.0,9.0,10.0,7.0,14.0,14.0,12.0,11.0,11.0,11.0,11.0,9.0,9.0,19.0,16.0,9.0,18.0,9.0
88ad3689d1fffff,11.0,20.0,18.0,20.0,13.0,12.0,18.0,27.0,20.0,22.0,14.0,14.0,8.0,9.0,12.0,16.0,5.0,13.0,28.0,25.0,12.0,31.0,6.0,11.0,7.0,3.0,10.0,14.0,13.0,10.0,19.0,12.0,8.0,17.0,18.0,8.0,27.0,17.0,8.0,18.0,31.0,22.0,16.0,15.0,6.0,14.0,17.0,13.0,21.0,6.0,5.0,10.0,24.0
88ad3689d3fffff,9.0,17.0,9.0,8.0,25.0,21.0,16.0,9.0,10.0,13.0,24.0,20.0,16.0,10.0,12.0,9.0,7.0,9.0,2.0,8.0,11.0,26.0,8.0,12.0,7.0,8.0,9.0,10.0,10.0,10.0,8.0,11.0,6.0,11.0,10.0,10.0,19.0,11.0,2.0,11.0,13.0,15.0,20.0,10.0,14.0,13.0,12.0,5.0,16.0,18.0,12.0,10.0,10.0
88ad3689d5fffff,9.0,37.0,30.0,41.0,49.0,48.0,24.0,31.0,43.0,26.0,38.0,19.0,27.0,28.0,39.0,16.0,7.0,10.0,9.0,8.0,15.0,18.0,14.0,12.0,11.0,9.0,21.0,15.0,22.0,22.0,27.0,26.0,9.0,18.0,28.0,22.0,35.0,17.0,19.0,23.0,16.0,19.0,27.0,28.0,26.0,18.0,19.0,18.0,27.0,15.0,9.0,13.0,34.0
88ad3689d7fffff,17.0,32.0,32.0,45.0,45.0,48.0,25.0,44.0,39.0,33.0,27.0,41.0,33.0,11.0,13.0,17.0,19.0,12.0,16.0,15.0,13.0,28.0,37.0,12.0,17.0,30.0,22.0,35.0,24.0,21.0,25.0,20.0,20.0,30.0,19.0,16.0,17.0,25.0,16.0,33.0,29.0,23.0,19.0,19.0,24.0,19.0,17.0,25.0,23.0,19.0,21.0,16.0,14.0
88ad3689dbfffff,0.0,4.0,3.0,1.0,0.0,2.0,0.0,3.0,3.0,0.0,0.0,2.0,0.0,1.0,0.0,0.0,4.0,2.0,2.0,0.0,1.0,1.0,2.0,0.0,2.0,1.0,1.0,1.0,2.0,2.0,1.0,2.0,1.0,0.0,2.0,2.0,4.0,0.0,2.0,2.0,1.0,1.0,2.0,1.0,1.0,1.0,0.0,1.0,0.0,0.0,1.0,5.0,2.0
88ad3689e1fffff,8.0,26.0,20.0,29.0,27.0,21.0,25.0,26.0,37.0,34.0,32.0,25.0,20.0,17.0,11.0,13.0,18.0,10.0,3.0,9.0,4.0,9.0,15.0,9.0,7.0,12.0,16.0,15.0,15.0,28.0,19.0,23.0,13.0,13.0,25.0,15.0,19.0,15.0,19.0,21.0,25.0,23.0,10.0,11.0,18.0,20.0,17.0,17.0,9.0,20.0,29.0,11.0,13.0
88ad3689e3fffff,9.0,11.0,12.0,24.0,10.0,7.0,18.0,12.0,27.0,23.0,26.0,15.0,13.0,7.0,7.0,6.0,6.0,9.0,6.0,4.0,3.0,7.0,8.0,5.0,16.0,16.0,21.0,12.0,6.0,14.0,17.0,16.0,11.0,12.0,5.0,12.0,15.0,7.0,10.0,11.0,17.0,12.0,22.0,9.0,16.0,16.0,33.0,31.0,24.0,23.0,16.0,15.0,11.0
88ad3689e5fffff,13.0,18.0,23.0,19.0,11.0,5.0,11.0,7.0,18.0,19.0,20.0,19.0,17.0,7.0,5.0,9.0,10.0,2.0,7.0,7.0,10.0,4.0,9.0,9.0,7.0,3.0,9.0,13.0,9.0,18.0,14.0,16.0,9.0,4.0,18.0,6.0,16.0,18.0,9.0,10.0,17.0,13.0,15.0,9.0,10.0,17.0,15.0,5.0,13.0,28.0,13.0,9.0,15.0
88ad3689e7fffff,6.0,25.0,17.0,17.0,19.0,12.0,29.0,23.0,18.0,18.0,15.0,17.0,15.0,8.0,10.0,8.0,6.0,10.0,7.0,18.0,5.0,7.0,7.0,4.0,6.0,9.0,9.0,18.0,17.0,19.0,20.0,12.0,8.0,11.0,15.0,16.0,24.0,26.0,21.0,24.0,33.0,32.0,23.0,26.0,31.0,22.0,14.0,21.0,22.0,22.0,19.0,10.0,9.0
88ad3689e9fffff,0.0,0.0,1.0,1.0,0.0,0.0,102.0,1.0,0.0,2.0,0.0,0.0,0.0,7.0,0.0,1.0,28.0,1.0,1.0,0.0,1.0,7.0,6.0,0.0,7.0,16.0,0.0,0.0,1.0,8.0,0.0,0.0,0.0,0.0,39.0,2.0,29.0,2.0,0.0,6.0,37.0,65.0,1.0,4.0,1.0,1.0,56.0,0.0,2.0,16.0,0.0,0.0,0.0
88ad3689ebfffff,3.0,1.0,1.0,6.0,1.0,0.0,0.0,0.0,2.0,1.0,1.0,0.0,0.0,0.0,1.0,0.0,1.0,3.0,0.0,1.0,0.0,0.0,3.0,1.0,1.0,0.0,0.0,4.0,2.0,1.0,0.0,0.0,0.0,1.0,1.0,0.0,0.0,0.0,0.0,1.0,5.0,1.0,0.0,1.0,2.0,1.0,3.0,2.0,5.0,2.0,1.0,0.0,0.0
88ad3689edfffff,6.0,25.0,15.0,18.0,14.0,14.0,16.0,15.0,18.0,15.0,19.0,16.0,15.0,11.0,6.0,16.0,10.0,5.0,12.0,16.0,8.0,7.0,4.0,7.0,6.0,4.0,5.0,13.0,14.0,11.0,3.0,5.0,12.0,6.0,7.0,19.0,18.0,18.0,26.0,13.0,14.0,14.0,23.0,9.0,11.0,19.0,14.0,6.0,11.0,12.0,13.0,3.0,10.0
88ad368c01fffff,2.0,1.0,0.0,6.0,2.0,1.0,5.0,2.0,4.0,5.0,1.0,2.0,5.0,0.0,2.0,1.0,1.0,1.0,1.0,0.0,3.0,7.0,6.0,2.0,2.0,2.0,3.0,6.0,4.0,2.0,5.0,5.0,2.0,1.0,6.0,2.0,1.0,1.0,2.0,8.0,4.0,5.0,3.0,4.0,2.0,8.0,0.0,5.0,0.0,1.0,1.0,0.0,1.0
88ad368c03fffff,6.0,7.0,10.0,23.0,19.0,5.0,7.0,4.0,4.0,6.0,8.0,7.0,5.0,1.0,4.0,4.0,4.0,3.0,3.0,3.0,4.0,2.0,3.0,5.0,3.0,4.0,16.0,7.0,2.0,9.0,1.0,7.0,7.0,7.0,6.0,11.0,13.0,5.0,1.0,5.0,11.0,9.0,11.0,9.0,1.0,13.0,7.0,3.0,5.0,5.0,1.0,5.0,2.0
88ad368c05fffff,4.0,5.0,1.0,20.0,12.0,3.0,14.0,3.0,4.0,6.0,8.0,9.0,3.0,2.0,1.0,4.0,3.0,4.0,2.0,4.0,4.0,9.0,6.0,3.0,6.0,11.0,6.0,4.0,10.0,8.0,5.0,12.0,5.0,6.0,4.0,7.0,4.0,8.0,9.0,14.0,9.0,8.0,8.0,3.0,8.0,14.0,10.0,9.0,6.0,9.0,11.0,5.0,3.0
88ad368c07fffff,2.0,9.0,11.0,15.0,6.0,13.0,10.0,15.0,8.0,13.0,8.0,7.0,12.0,2.0,4.0,2.0,3.0,0.0,4.0,1.0,0.0,6.0,7.0,5.0,7.0,6.0,27.0,12.0,14.0,7.0,5.0,10.0,8.0,9.0,4.0,14.0,12.0,12.0,7.0,13.0,15.0,9.0,11.0,3.0,12.0,9.0,2.0,5.0,7.0,15.0,4.0,6.0,5.0
88ad368c09fffff,3.0,10.0,17.0,15.0,18.0,18.0,23.0,8.0,6.0,39.0,12.0,11.0,10.0,4.0,3.0,3.0,3.0,1.0,23.0,3.0,5.0,20.0,6.0,7.0,4.0,22.0,15.0,9.0,15.0,9.0,6.0,4.0,10.0,5.0,8.0,11.0,10.0,8.0,15.0,38.0,19.0,6.0,25.0,13.0,3.0,20.0,3.0,2.0,3.0,4.0,5.0,6.0,2.0
88ad368c0bfffff,8.0,8.0,11.0,6.0,45.0,17.0,8.0,6.0,11.0,19.0,17.0,11.0,4.0,5.0,6.0,4.0,2.0,6.0,0.0,5.0,5.0,11.0,5.0,9.0,4.0,6.0,3.0,13.0,10.0,9.0,9.0,12.0,6.0,15.0,9.0,14.0,6.0,9.0,11.0,8.0,6.0,7.0,11.0,8.0,7.0,16.0,6.0,6.0,6.0,10.0,12.0,4.0,6.0
88ad368c0dfffff,1.0,4.0,5.0,11.0,11.0,5.0,1.0,3.0,4.0,1.0,5.0,5.0,3.0,2.0,1.0,1.0,1.0,2.0,1.0,4.0,2.0,4.0,2.0,2.0,2.0,1.0,5.0,1.0,7.0,3.0,7.0,8.0,4.0,2.0,3.0,3.0,4.0,1.0,1.0,4.0,6.0,6.0,5.0,2.0,1.0,4.0,0.0,5.0,2.0,3.0,4.0,0.0,0.0
88ad368c11fffff,1.0,4.0,3.0,9.0,2.0,2.0,10.0,5.0,0.0,0.0,3.0,6.0,1.0,2.0,4.0,23.0,2.0,1.0,4.0,1.0,1.0,3.0,2.0,3.0,2.0,4.0,0.0,13.0,5.0,5.0,7.0,2.0,1.0,5.0,2.0,2.0,7.0,7.0,5.0,6.0,12.0,4.0,1.0,8.0,2.0,2.0,2.0,2.0,1.0,2.0,2.0,2.0,3.0
88ad368c13fffff,6.0,0.0,1.0,5.0,2.0,0.0,0.0,0.0,0.0,0.0,2.0,0.0,1.0,0.0,0.0,2.0,1.0,0.0,0.0,0.0,12.0,1.0,2.0,2.0,1.0,1.0,1.0,0.0,2.0,1.0,2.0,2.0,0.0,2.0,1.0,5.0,3.0,7.0,1.0,6.0,4.0,4.0,2.0,2.0,2.0,2.0,2.0,1.0,1.0,5.0,2.0,2.0,0.0
88ad368c15fffff,2.0,1.0,1.0,10.0,8.0,1.0,11.0,4.0,1.0,4.0,1.0,2.0,1.0,1.0,1.0,1.0,2.0,2.0,3.0,0.0,3.0,4.0,3.0,4.0,11.0,11.0,3.0,16.0,2.0,2.0,5.0,21.0,1.0,0.0,2.0,4.0,6.0,3.0,11.0,6.0,2.0,3.0,2.0,5.0,6.0,4.0,3.0,2.0,9.0,2.0,2.0,3.0,1.0
88ad368c17fffff,7.0,20.0,10.0,15.0,26.0,21.0,19.0,16.0,22.0,20.0,15.0,7.0,18.0,3.0,2.0,9.0,5.0,5.0,8.0,5.0,5.0,13.0,9.0,11.0,4.0,12.0,16.0,13.0,7.0,28.0,14.0,14.0,14.0,14.0,10.0,11.0,12.0,14.0,8.0,18.0,4.0,10.0,14.0,9.0,11.0,7.0,10.0,11.0,23.0,11.0,9.0,15.0,6.0
88ad368c1bfffff,0.0,0.0,0.0,0.0,0.0,0.0,0.0,0.0,0.0,0.0,0.0,1.0,0.0,0.0,0.0,0.0,0.0,0.0,1.0,0.0,0.0,0.0,0.0,0.0,0.0,0.0,0.0,1.0,1.0,0.0,0.0,0.0,0.0,0.0,1.0,0.0,0.0,0.0,0.0,0.0,0.0,1.0,0.0,0.0,0.0,0.0,0.0,0.0,0.0,0.0,0.0,0.0,0.0
88ad368c1dfffff,1.0,4.0,0.0,1.0,3.0,0.0,1.0,0.0,1.0,0.0,4.0,2.0,0.0,2.0,0.0,0.0,0.0,0.0,0.0,0.0,3.0,1.0,2.0,3.0,0.0,3.0,0.0,1.0,2.0,1.0,2.0,1.0,1.0,2.0,0.0,1.0,4.0,2.0,4.0,1.0,4.0,2.0,1.0,1.0,3.0,2.0,0.0,1.0,2.0,0.0,1.0,1.0,2.0
88ad368c21fffff,8.0,36.0,14.0,40.0,13.0,29.0,22.0,28.0,25.0,41.0,35.0,12.0,23.0,23.0,10.0,16.0,13.0,6.0,15.0,8.0,17.0,16.0,12.0,23.0,19.0,53.0,23.0,31.0,61.0,22.0,29.0,25.0,30.0,23.0,29.0,34.0,24.0,22.0,30.0,29.0,25.0,26.0,12.0,25.0,27.0,20.0,21.0,24.0,49.0,30.0,23.0,13.0,16.0
88ad368c23fffff,23.0,18.0,16.0,20.0,21.0,15.0,28.0,14.0,19.0,19.0,20.0,18.0,8.0,19.0,9.0,8.0,7.0,8.0,8.0,11.0,10.0,13.0,15.0,11.0,18.0,8.0,8.0,24.0,66.0,21.0,25.0,11.0,16.0,10.0,28.0,21.0,17.0,19.0,12.0,12.0,21.0,35.0,22.0,21.0,23.0,23.0,25.0,20.0,23.0,22.0,10.0,14.0,10.0
88ad368c25fffff,20.0,73.0,62.0,41.0,44.0,47.0,36.0,43.0,46.0,87.0,68.0,55.0,28.0,9.0,4.0,10.0,11.0,18.0,19.0,6.0,12.0,11.0,29.0,23.0,22.0,24.0,30.0,46.0,64.0,36.0,40.0,52.0,46.0,43.0,31.0,60.0,50.0,40.0,41.0,50.0,70.0,51.0,49.0,53.0,69.0,47.0,99.0,41.0,56.0,52.0,42.0,28.0,21.0
88ad368c27fffff,12.0,18.0,19.0,19.0,19.0,15.0,29.0,29.0,24.0,30.0,29.0,23.0,11.0,9.0,12.0,9.0,8.0,10.0,7.0,6.0,1.0,15.0,7.0,8.0,12.0,13.0,13.0,31.0,30.0,16.0,19.0,24.0,14.0,15.0,14.0,11.0,16.0,31.0,20.0,24.0,12.0,19.0,17.0,15.0,30.0,17.0,32.0,20.0,22.0,21.0,11.0,19.0,16.0
88ad368c29fffff,15.0,22.0,15.0,43.0,41.0,17.0,17.0,15.0,22.0,23.0,29.0,14.0,13.0,13.0,13.0,4.0,14.0,6.0,10.0,6.0,16.0,13.0,18.0,11.0,18.0,28.0,16.0,19.0,33.0,25.0,20.0,16.0,18.0,16.0,21.0,25.0,34.0,20.0,17.0,24.0,24.0,30.0,18.0,21.0,26.0,37.0,22.0,22.0,27.0,22.0,28.0,17.0,11.0
88ad368c2bfffff,9.0,12.0,27.0,30.0,25.0,20.0,20.0,20.0,17.0,23.0,16.0,20.0,14.0,23.0,10.0,10.0,9.0,7.0,15.0,9.0,9.0,20.0,22.0,16.0,11.0,32.0,19.0,15.0,36.0,11.0,21.0,27.0,15.0,15.0,15.0,24.0,14.0,14.0,15.0,21.0,9.0,25.0,24.0,16.0,29.0,31.0,17.0,17.0,23.0,21.0,11.0,13.0,16.0
88ad368c2dfffff,20.0,39.0,30.0,32.0,28.0,35.0,32.0,28.0,32.0,46.0,34.0,37.0,36.0,19.0,10.0,8.0,9.0,13.0,11.0,13.0,17.0,16.0,21.0,23.0,14.0,24.0,28.0,37.0,29.0,27.0,40.0,59.0,31.0,26.0,34.0,40.0,39.0,31.0,28.0,41.0,34.0,27.0,33.0,45.0,41.0,56.0,51.0,35.0,56.0,56.0,34.0,28.0,25.0
88ad368c31fffff,6.0,3.0,6.0,24.0,21.0,9.0,16.0,10.0,11.0,7.0,7.0,6.0,9.0,2.0,2.0,1.0,2.0,1.0,6.0,1.0,2.0,3.0,16.0,8.0,4.0,10.0,6.0,4.0,19.0,8.0,12.0,3.0,10.0,15.0,8.0,7.0,6.0,4.0,4.0,12.0,7.0,6.0,10.0,6.0,7.0,6.0,9.0,6.0,9.0,7.0,6.0,7.0,6.0
88ad368c33fffff,2.0,10.0,12.0,6.0,52.0,9.0,6.0,5.0,11.0,5.0,10.0,5.0,13.0,5.0,14.0,6.0,4.0,1.0,5.0,5.0,13.0,9.0,5.0,12.0,11.0,10.0,6.0,10.0,20.0,6.0,10.0,21.0,29.0,13.0,7.0,8.0,11.0,14.0,9.0,13.0,9.0,12.0,8.0,9.0,19.0,10.0,3.0,7.0,19.0,7.0,10.0,6.0,5.0
88ad368c35fffff,7.0,18.0,24.0,10.0,22.0,16.0,19.0,19.0,15.0,22.0,10.0,18.0,14.0,1.0,5.0,10.0,2.0,2.0,6.0,4.0,6.0,10.0,9.0,9.0,5.0,6.0,11.0,9.0,47.0,12.0,3.0,5.0,8.0,4.0,4.0,14.0,12.0,6.0,10.0,14.0,8.0,10.0,13.0,11.0,8.0,14.0,13.0,13.0,11.0,11.0,9.0,5.0,2.0
88ad368c37fffff,7.0,10.0,4.0,5.0,14.0,0.0,1.0,3.0,8.0,3.0,1.0,8.0,7.0,2.0,1.0,3.0,1.0,1.0,5.0,1.0,2.0,1.0,3.0,4.0,3.0,8.0,1.0,3.0,7.0,5.0,0.0,5.0,5.0,4.0,7.0,1.0,8.0,2.0,0.0,1.0,6.0,3.0,5.0,8.0,6.0,7.0,5.0,2.0,2.0,4.0,12.0,3.0,0.0
88ad368c39fffff,5.0,7.0,6.0,19.0,27.0,16.0,11.0,4.0,15.0,8.0,6.0,14.0,12.0,3.0,8.0,10.0,9.0,12.0,13.0,3.0,3.0,10.0,14.0,23.0,18.0,10.0,21.0,27.0,29.0,20.0,10.0,68.0,8.0,26.0,48.0,7.0,23.0,12.0,10.0,16.0,10.0,23.0,10.0,12.0,13.0,16.0,15.0,14.0,15.0,11.0,10.0,7.0,10.0
88ad368c3bfffff,0.0,0.0,1.0,4.0,6.0,1.0,4.0,4.0,4.0,2.0,2.0,0.0,0.0,2.0,1.0,1.0,0.0,0.0,0.0,0.0,2.0,1.0,1.0,2.0,10.0,2.0,3.0,4.0,1.0,6.0,1.0,1.0,2.0,6.0,2.0,1.0,0.0,3.0,6.0,8.0,1.0,1.0,1.0,1.0,1.0,2.0,1.0,2.0,1.0,0.0,5.0,2.0,1.0
88ad368c3dfffff,0.0,6.0,3.0,5.0,7.0,5.0,9.0,7.0,7.0,2.0,7.0,3.0,1.0,1.0,0.0,1.0,0.0,2.0,1.0,2.0,2.0,2.0,2.0,3.0,1.0,2.0,5.0,14.0,10.0,6.0,8.0,7.0,3.0,2.0,7.0,5.0,11.0,8.0,4.0,5.0,5.0,5.0,10.0,4.0,5.0,4.0,7.0,4.0,4.0,5.0,6.0,3.0,0.0
88ad368c41fffff,3.0,15.0,11.0,8.0,7.0,13.0,5.0,14.0,6.0,10.0,20.0,15.0,13.0,3.0,1.0,9.0,7.0,1.0,10.0,5.0,7.0,0.0,7.0,15.0,10.0,14.0,13.0,5.0,10.0,15.0,8.0,9.0,10.0,9.0,9.0,12.0,12.0,5.0,16.0,11.0,4.0,6.0,16.0,19.0,26.0,8.0,8.0,13.0,7.0,10.0,5.0,7.0,3.0
88ad368c43fffff,5.0,20.0,6.0,7.0,25.0,28.0,13.0,11.0,15.0,9.0,6.0,9.0,3.0,3.0,0.0,1.0,1.0,4.0,13.0,7.0,2.0,4.0,5.0,4.0,7.0,6.0,4.0,6.0,12.0,12.0,8.0,6.0,2.0,4.0,12.0,11.0,6.0,3.0,5.0,5.0,6.0,11.0,7.0,8.0,9.0,9.0,2.0,9.0,6.0,9.0,3.0,3.0,1.0
88ad368c45fffff,0.0,4.0,4.0,10.0,6.0,4.0,6.0,1.0,5.0,2.0,1.0,5.0,2.0,1.0,2.0,1.0,0.0,0.0,2.0,1.0,1.0,4.0,5.0,2.0,2.0,2.0,4.0,4.0,5.0,9.0,1.0,2.0,6.0,4.0,4.0,9.0,0.0,3.0,8.0,3.0,5.0,3.0,3.0,3.0,3.0,5.0,4.0,1.0,1.0,6.0,9.0,2.0,1.0
88ad368c47fffff,4.0,5.0,12.0,14.0,12.0,12.0,12.0,8.0,4.0,6.0,5.0,12.0,6.0,1.0,6.0,5.0,2.0,1.0,3.0,4.0,9.0,8.0,1.0,7.0,5.0,15.0,11.0,3.0,14.0,4.0,6.0,3.0,7.0,22.0,5.0,14.0,10.0,9.0,5.0,6.0,13.0,8.0,10.0,11.0,5.0,23.0,7.0,11.0,10.0,12.0,11.0,5.0,2.0
88ad368c4bfffff,5.0,8.0,8.0,4.0,4.0,9.0,3.0,6.0,5.0,5.0,2.0,8.0,6.0,7.0,5.0,6.0,1.0,1.0,8.0,3.0,3.0,1.0,5.0,3.0,8.0,0.0,4.0,3.0,5.0,5.0,2.0,9.0,2.0,7.0,4.0,4.0,8.0,4.0,3.0,9.0,5.0,9.0,12.0,6.0,3.0,7.0,5.0,2.0,3.0,3.0,2.0,0.0,2.0
88ad368c53fffff,0.0,0.0,0.0,0.0,0.0,0.0,0.0,0.0,0.0,1.0,0.0,0.0,0.0,0.0,0.0,0.0,0.0,0.0,0.0,0.0,0.0,0.0,0.0,0.0,0.0,0.0,0.0,0.0,0.0,0.0,0.0,0.0,0.0,0.0,0.0,0.0,0.0,0.0,0.0,0.0,0.0,0.0,0.0,0.0,0.0,0.0,0.0,0.0,0.0,0.0,0.0,0.0,0.0
88ad368c61fffff,3.0,4.0,4.0,0.0,8.0,6.0,18.0,9.0,4.0,5.0,10.0,14.0,4.0,3.0,11.0,3.0,0.0,5.0,5.0,8.0,7.0,10.0,2.0,10.0,4.0,5.0,18.0,3.0,9.0,6.0,5.0,8.0,19.0,7.0,6.0,6.0,9.0,7.0,9.0,15.0,9.0,6.0,14.0,11.0,27.0,16.0,8.0,9.0,12.0,7.0,26.0,7.0,1.0
88ad368c63fffff,5.0,15.0,19.0,17.0,26.0,22.0,17.0,24.0,12.0,25.0,24.0,11.0,10.0,8.0,13.0,13.0,13.0,4.0,9.0,20.0,6.0,13.0,7.0,7.0,7.0,17.0,18.0,10.0,19.0,14.0,10.0,20.0,11.0,19.0,19.0,20.0,14.0,16.0,8.0,13.0,13.0,19.0,18.0,10.0,13.0,13.0,10.0,8.0,14.0,12.0,8.0,5.0,7.0
88ad368c67fffff,15.0,25.0,19.0,29.0,41.0,32.0,43.0,40.0,44.0,34.0,45.0,26.0,17.0,18.0,11.0,17.0,13.0,17.0,12.0,20.0,24.0,26.0,19.0,20.0,21.0,28.0,27.0,24.0,69.0,21.0,36.0,37.0,34.0,26.0,13.0,25.0,18.0,15.0,27.0,30.0,38.0,26.0,44.0,27.0,37.0,30.0,16.0,22.0,40.0,29.0,22.0,19.0,19.0
88ad368c69fffff,0.0,4.0,1.0,3.0,7.0,13.0,2.0,4.0,9.0,3.0,1.0,5.0,3.0,4.0,2.0,0.0,0.0,0.0,0.0,0.0,1.0,0.0,1.0,1.0,1.0,2.0,2.0,0.0,5.0,2.0,1.0,1.0,2.0,2.0,3.0,3.0,2.0,2.0,0.0,2.0,2.0,4.0,2.0,5.0,2.0,2.0,1.0,3.0,2.0,4.0,4.0,0.0,1.0
88ad368c6bfffff,5.0,14.0,12.0,15.0,19.0,15.0,8.0,12.0,4.0,3.0,13.0,8.0,9.0,5.0,2.0,2.0,2.0,2.0,10.0,4.0,2.0,7.0,5.0,4.0,3.0,6.0,7.0,4.0,20.0,7.0,6.0,9.0,10.0,4.0,10.0,9.0,7.0,15.0,1.0,19.0,8.0,19.0,19.0,17.0,14.0,11.0,9.0,12.0,7.0,9.0,11.0,3.0,9.0
88ad368c85fffff,0.0,0.0,0.0,0.0,1.0,0.0,0.0,0.0,0.0,0.0,0.0,0.0,0.0,0.0,0.0,0.0,0.0,0.0,0.0,0.0,0.0,0.0,0.0,0.0,0.0,0.0,0.0,0.0,0.0,0.0,0.0,0.0,0.0,0.0,0.0,0.0,0.0,0.0,0.0,0.0,0.0,0.0,0.0,0.0,0.0,0.0,0.0,0.0,0.0,0.0,0.0,0.0,0.0
88ad368c89fffff,0.0,0.0,0.0,0.0,0.0,0.0,0.0,0.0,0.0,0.0,0.0,0.0,0.0,0.0,0.0,0.0,0.0,0.0,0.0,0.0,0.0,0.0,0.0,0.0,0.0,0.0,0.0,0.0,0.0,0.0,0.0,1.0,0.0,0.0,0.0,0.0,0.0,0.0,0.0,0.0,0.0,0.0,0.0,0.0,0.0,0.0,0.0,0.0,0.0,0.0,0.0,0.0,0.0
88ad368c93fffff,0.0,0.0,0.0,1.0,0.0,0.0,0.0,1.0,0.0,1.0,1.0,0.0,1.0,0.0,0.0,0.0,0.0,0.0,0.0,1.0,0.0,0.0,0.0,0.0,0.0,0.0,1.0,0.0,0.0,1.0,0.0,0.0,0.0,1.0,0.0,0.0,0.0,0.0,0.0,0.0,0.0,0.0,1.0,0.0,0.0,1.0,0.0,0.0,0.0,0.0,1.0,1.0,0.0
88ad368c97fffff,0.0,0.0,0.0,2.0,1.0,0.0,0.0,0.0,0.0,0.0,0.0,0.0,0.0,0.0,0.0,0.0,0.0,0.0,0.0,0.0,0.0,0.0,0.0,0.0,0.0,0.0,0.0,0.0,0.0,0.0,0.0,0.0,0.0,0.0,0.0,0.0,0.0,0.0,0.0,0.0,0.0,1.0,0.0,0.0,0.0,1.0,0.0,0.0,0.0,1.0,0.0,0.0,0.0
88ad368ca1fffff,0.0,1.0,1.0,0.0,0.0,0.0,0.0,1.0,0.0,1.0,0.0,1.0,0.0,0.0,1.0,0.0,3.0,0.0,0.0,0.0,0.0,1.0,1.0,0.0,0.0,0.0,1.0,1.0,1.0,1.0,1.0,0.0,0.0,0.0,0.0,0.0,3.0,0.0,0.0,2.0,0.0,1.0,0.0,1.0,0.0,0.0,0.0,0.0,0.0,2.0,0.0,1.0,0.0
88ad368ca3fffff,0.0,1.0,0.0,0.0,0.0,0.0,0.0,0.0,0.0,0.0,0.0,0.0,0.0,0.0,0.0,0.0,0.0,0.0,0.0,0.0,0.0,0.0,0.0,0.0,0.0,0.0,0.0,0.0,0.0,0.0,0.0,0.0,0.0,0.0,0.0,0.0,0.0,0.0,0.0,0.0,0.0,0.0,0.0,0.0,0.0,0.0,0.0,0.0,0.0,0.0,0.0,0.0,0.0
88ad368ca5fffff,0.0,2.0,6.0,4.0,2.0,1.0,1.0,0.0,0.0,2.0,2.0,1.0,0.0,2.0,0.0,0.0,0.0,0.0,3.0,0.0,1.0,2.0,0.0,3.0,0.0,1.0,0.0,0.0,1.0,3.0,0.0,1.0,2.0,1.0,1.0,1.0,0.0,2.0,1.0,4.0,3.0,1.0,1.0,1.0,0.0,2.0,0.0,1.0,0.0,1.0,1.0,1.0,1.0
88ad368ca7fffff,0.0,0.0,0.0,0.0,0.0,0.0,0.0,0.0,1.0,0.0,0.0,0.0,0.0,0.0,0.0,0.0,0.0,0.0,0.0,0.0,0.0,0.0,0.0,0.0,0.0,0.0,1.0,0.0,0.0,0.0,0.0,1.0,0.0,0.0,1.0,0.0,0.0,0.0,0.0,1.0,0.0,0.0,0.0,0.0,0.0,0.0,0.0,0.0,0.0,0.0,0.0,0.0,0.0
88ad368ca9fffff,0.0,0.0,0.0,0.0,0.0,0.0,0.0,0.0,1.0,0.0,0.0,0.0,0.0,0.0,0.0,0.0,0.0,0.0,0.0,0.0,0.0,0.0,0.0,0.0,0.0,0.0,0.0,0.0,0.0,0.0,0.0,0.0,0.0,0.0,0.0,0.0,0.0,0.0,0.0,0.0,0.0,0.0,0.0,0.0,0.0,0.0,0.0,0.0,0.0,0.0,0.0,0.0,0.0
88ad368cadfffff,0.0,0.0,0.0,0.0,0.0,0.0,0.0,0.0,0.0,0.0,0.0,0.0,0.0,0.0,0.0,0.0,0.0,0.0,0.0,0.0,0.0,0.0,0.0,0.0,0.0,1.0,0.0,0.0,0.0,0.0,0.0,0.0,0.0,1.0,0.0,0.0,0.0,0.0,0.0,1.0,1.0,0.0,0.0,0.0,0.0,2.0,0.0,0.0,0.0,0.0,0.0,0.0,0.0
88ad368cb1fffff,0.0,0.0,0.0,0.0,0.0,0.0,0.0,0.0,0.0,0.0,0.0,0.0,0.0,0.0,0.0,0.0,0.0,0.0,0.0,0.0,0.0,0.0,0.0,0.0,0.0,0.0,0.0,1.0,0.0,0.0,0.0,0.0,0.0,0.0,0.0,0.0,0.0,0.0,0.0,0.0,0.0,0.0,0.0,0.0,0.0,1.0,0.0,0.0,0.0,0.0,0.0,0.0,0.0
88ad368cb3fffff,0.0,1.0,1.0,2.0,2.0,0.0,1.0,0.0,0.0,0.0,0.0,1.0,0.0,0.0,0.0,0.0,0.0,0.0,0.0,0.0,0.0,0.0,0.0,0.0,0.0,0.0,0.0,0.0,0.0,0.0,0.0,0.0,0.0,0.0,0.0,0.0,0.0,0.0,0.0,0.0,0.0,0.0,0.0,0.0,0.0,1.0,1.0,0.0,0.0,0.0,1.0,0.0,0.0
88ad368cb7fffff,0.0,0.0,0.0,0.0,0.0,0.0,0.0,0.0,0.0,0.0,1.0,0.0,0.0,0.0,0.0,0.0,0.0,0.0,1.0,0.0,0.0,0.0,0.0,0.0,0.0,0.0,0.0,0.0,0.0,0.0,0.0,0.0,0.0,0.0,0.0,0.0,0.0,0.0,1.0,0.0,0.0,0.0,0.0,1.0,0.0,0.0,0.0,0.0,0.0,0.0,0.0,0.0,0.0
88ad368cbbfffff,0.0,0.0,0.0,0.0,0.0,0.0,0.0,0.0,0.0,0.0,0.0,0.0,0.0,0.0,0.0,0.0,0.0,0.0,0.0,0.0,0.0,0.0,0.0,0.0,0.0,0.0,0.0,0.0,0.0,0.0,0.0,0.0,0.0,0.0,0.0,0.0,0.0,0.0,1.0,0.0,0.0,0.0,0.0,0.0,0.0,0.0,0.0,0.0,0.0,0.0,0.0,0.0,0.0
88ad368cc5fffff,0.0,0.0,0.0,0.0,1.0,0.0,0.0,0.0,0.0,0.0,1.0,0.0,0.0,0.0,0.0,0.0,0.0,0.0,0.0,0.0,0.0,0.0,0.0,0.0,0.0,0.0,0.0,0.0,0.0,0.0,0.0,0.0,0.0,0.0,0.0,0.0,0.0,1.0,0.0,0.0,0.0,0.0,0.0,1.0,0.0,0.0,0.0,1.0,0.0,3.0,0.0,0.0,0.0
88ad368cc7fffff,0.0,1.0,2.0,0.0,4.0,0.0,0.0,1.0,1.0,1.0,1.0,2.0,1.0,1.0,0.0,0.0,1.0,0.0,1.0,0.0,0.0,0.0,0.0,1.0,0.0,0.0,1.0,2.0,9.0,1.0,1.0,1.0,0.0,0.0,0.0,0.0,0.0,0.0,2.0,6.0,5.0,1.0,1.0,2.0,0.0,4.0,0.0,1.0,0.0,0.0,2.0,3.0,0.0
88ad368ccdfffff,0.0,0.0,0.0,0.0,0.0,0.0,0.0,0.0,0.0,0.0,0.0,0.0,0.0,0.0,0.0,0.0,0.0,0.0,0.0,0.0,0.0,0.0,0.0,0.0,0.0,0.0,1.0,0.0,1.0,0.0,0.0,0.0,0.0,0.0,0.0,0.0,0.0,0.0,0.0,1.0,0.0,0.0,0.0,0.0,0.0,0.0,0.0,0.0,0.0,0.0,0.0,0.0,0.0
88ad368ce1fffff,0.0,3.0,3.0,1.0,3.0,1.0,1.0,4.0,1.0,3.0,3.0,1.0,2.0,0.0,0.0,0.0,0.0,4.0,0.0,0.0,0.0,0.0,2.0,1.0,0.0,0.0,2.0,3.0,4.0,1.0,1.0,1.0,1.0,1.0,3.0,1.0,0.0,1.0,0.0,0.0,0.0,0.0,0.0,0.0,3.0,2.0,2.0,1.0,1.0,2.0,2.0,2.0,2.0
88ad368ce5fffff,2.0,2.0,6.0,8.0,23.0,1.0,8.0,5.0,3.0,5.0,5.0,2.0,6.0,8.0,9.0,7.0,2.0,1.0,4.0,5.0,3.0,6.0,4.0,30.0,7.0,2.0,3.0,1.0,11.0,6.0,7.0,3.0,6.0,9.0,7.0,8.0,3.0,12.0,3.0,6.0,5.0,7.0,4.0,3.0,3.0,4.0,4.0,5.0,3.0,7.0,14.0,1.0,1.0
88ad368ce7fffff,0.0,0.0,1.0,0.0,1.0,0.0,1.0,1.0,0.0,0.0,1.0,0.0,0.0,0.0,1.0,0.0,0.0,0.0,0.0,0.0,0.0,0.0,0.0,0.0,0.0,0.0,0.0,0.0,0.0,0.0,1.0,0.0,0.0,0.0,0.0,0.0,0.0,1.0,0.0,0.0,0.0,0.0,1.0,0.0,0.0,0.0,0.0,1.0,0.0,0.0,0.0,0.0,0.0
88ad368ce9fffff,0.0,2.0,0.0,1.0,1.0,0.0,3.0,1.0,0.0,1.0,0.0,1.0,0.0,0.0,0.0,0.0,1.0,0.0,2.0,0.0,1.0,0.0,1.0,0.0,0.0,0.0,1.0,1.0,0.0,2.0,0.0,0.0,1.0,0.0,0.0,3.0,2.0,0.0,0.0,1.0,0.0,3.0,0.0,0.0,0.0,0.0,0.0,0.0,0.0,0.0,0.0,0.0,1.0
88ad368cebfffff,0.0,2.0,5.0,3.0,6.0,3.0,3.0,0.0,5.0,1.0,7.0,0.0,5.0,1.0,2.0,1.0,3.0,4.0,0.0,1.0,2.0,2.0,2.0,2.0,1.0,2.0,2.0,4.0,3.0,3.0,1.0,1.0,5.0,2.0,6.0,3.0,7.0,1.0,4.0,10.0,8.0,4.0,4.0,2.0,1.0,3.0,2.0,0.0,9.0,5.0,2.0,1.0,2.0
88ad368cedfffff,0.0,3.0,4.0,8.0,26.0,3.0,6.0,4.0,7.0,2.0,5.0,3.0,9.0,1.0,4.0,3.0,1.0,1.0,5.0,1.0,2.0,2.0,1.0,4.0,0.0,1.0,5.0,2.0,6.0,8.0,6.0,7.0,8.0,4.0,4.0,8.0,2.0,6.0,3.0,4.0,4.0,4.0,8.0,3.0,7.0,2.0,3.0,2.0,5.0,4.0,6.0,5.0,1.0
88ad368d01fffff,18.0,21.0,11.0,10.0,21.0,18.0,15.0,23.0,22.0,23.0,14.0,6.0,21.0,14.0,9.0,5.0,5.0,18.0,5.0,5.0,13.0,6.0,9.0,6.0,6.0,7.0,19.0,25.0,7.0,15.0,10.0,17.0,9.0,24.0,14.0,15.0,18.0,11.0,14.0,19.0,18.0,6.0,17.0,9.0,28.0,8.0,7.0,23.0,29.0,22.0,9.0,10.0,8.0
88ad368d03fffff,2.0,9.0,9.0,9.0,15.0,9.0,12.0,11.0,2.0,7.0,11.0,12.0,13.0,6.0,6.0,9.0,8.0,6.0,6.0,7.0,4.0,4.0,10.0,4.0,8.0,8.0,12.0,13.0,12.0,7.0,7.0,17.0,10.0,8.0,7.0,15.0,15.0,13.0,8.0,8.0,18.0,10.0,12.0,10.0,10.0,12.0,10.0,14.0,7.0,10.0,13.0,8.0,8.0
88ad368d05fffff,14.0,19.0,15.0,16.0,25.0,32.0,20.0,24.0,23.0,26.0,19.0,18.0,19.0,10.0,9.0,7.0,7.0,9.0,3.0,6.0,7.0,10.0,31.0,4.0,9.0,14.0,29.0,31.0,20.0,28.0,15.0,20.0,19.0,34.0,20.0,10.0,17.0,24.0,13.0,23.0,23.0,20.0,12.0,15.0,24.0,16.0,22.0,18.0,24.0,30.0,19.0,11.0,12.0
88ad368d07fffff,10.0,5.0,15.0,10.0,15.0,14.0,8.0,8.0,8.0,5.0,5.0,11.0,8.0,2.0,5.0,4.0,3.0,4.0,8.0,5.0,8.0,6.0,24.0,4.0,4.0,6.0,6.0,8.0,15.0,15.0,6.0,8.0,9.0,15.0,14.0,9.0,9.0,13.0,12.0,11.0,13.0,8.0,10.0,7.0,8.0,11.0,9.0,17.0,7.0,11.0,16.0,5.0,7.0
88ad368d09fffff,0.0,9.0,3.0,3.0,10.0,3.0,5.0,9.0,7.0,8.0,7.0,3.0,4.0,1.0,3.0,2.0,1.0,2.0,2.0,4.0,0.0,3.0,8.0,9.0,7.0,9.0,5.0,17.0,7.0,8.0,4.0,1.0,5.0,9.0,3.0,9.0,6.0,5.0,5.0,9.0,6.0,8.0,3.0,5.0,9.0,6.0,7.0,6.0,3.0,10.0,4.0,6.0,0.0
88ad368d0bfffff,0.0,3.0,2.0,0.0,3.0,2.0,3.0,3.0,0.0,1.0,2.0,2.0,3.0,2.0,3.0,5.0,0.0,1.0,1.0,1.0,0.0,0.0,5.0,2.0,0.0,3.0,2.0,2.0,1.0,2.0,8.0,3.0,2.0,2.0,4.0,3.0,1.0,1.0,3.0,1.0,3.0,2.0,3.0,1.0,1.0,3.0,0.0,1.0,3.0,0.0,5.0,3.0,0.0
88ad368d0dfffff,19.0,31.0,27.0,24.0,20.0,9.0,41.0,19.0,21.0,32.0,27.0,15.0,21.0,18.0,14.0,11.0,6.0,16.0,9.0,9.0,15.0,15.0,15.0,14.0,26.0,19.0,13.0,17.0,34.0,26.0,19.0,25.0,20.0,29.0,17.0,26.0,28.0,22.0,17.0,29.0,38.0,22.0,18.0,25.0,34.0,17.0,25.0,28.0,51.0,38.0,31.0,34.0,20.0
88ad368d11fffff,7.0,31.0,14.0,26.0,33.0,22.0,17.0,13.0,24.0,11.0,19.0,16.0,16.0,6.0,2.0,4.0,5.0,5.0,13.0,3.0,11.0,6.0,8.0,11.0,7.0,14.0,18.0,33.0,61.0,16.0,22.0,24.0,14.0,26.0,18.0,15.0,13.0,22.0,11.0,17.0,14.0,33.0,16.0,28.0,32.0,28.0,20.0,19.0,33.0,31.0,19.0,17.0,11.0
88ad368d13fffff,4.0,3.0,6.0,15.0,11.0,3.0,16.0,8.0,6.0,14.0,4.0,21.0,6.0,2.0,4.0,2.0,0.0,1.0,1.0,2.0,1.0,3.0,4.0,7.0,3.0,5.0,8.0,14.0,22.0,7.0,13.0,1.0,2.0,11.0,8.0,6.0,9.0,9.0,5.0,15.0,7.0,12.0,4.0,3.0,7.0,8.0,10.0,12.0,7.0,9.0,8.0,6.0,6.0
88ad368d15fffff,15.0,9.0,27.0,25.0,21.0,31.0,22.0,25.0,28.0,18.0,25.0,34.0,25.0,6.0,2.0,10.0,13.0,16.0,7.0,8.0,30.0,26.0,21.0,24.0,22.0,35.0,25.0,49.0,44.0,21.0,25.0,19.0,12.0,19.0,21.0,23.0,13.0,23.0,13.0,28.0,47.0,28.0,28.0,32.0,44.0,19.0,19.0,21.0,46.0,43.0,34.0,25.0,16.0
88ad368d17fffff,11.0,15.0,29.0,30.0,37.0,17.0,21.0,17.0,18.0,25.0,19.0,22.0,25.0,9.0,11.0,17.0,13.0,4.0,5.0,6.0,13.0,18.0,15.0,19.0,12.0,24.0,47.0,32.0,52.0,37.0,21.0,21.0,11.0,27.0,31.0,43.0,21.0,19.0,12.0,13.0,62.0,63.0,19.0,35.0,22.0,15.0,15.0,21.0,19.0,19.0,9.0,21.0,17.0
88ad368d19fffff,0.0,0.0,0.0,0.0,0.0,1.0,0.0,0.0,0.0,0.0,0.0,1.0,0.0,0.0,0.0,1.0,0.0,0.0,0.0,0.0,0.0,0.0,0.0,0.0,0.0,0.0,3.0,5.0,0.0,0.0,0.0,0.0,2.0,0.0,0.0,0.0,0.0,0.0,0.0,0.0,0.0,0.0,1.0,0.0,0.0,1.0,1.0,0.0,0.0,1.0,1.0,0.0,1.0
88ad368d1bfffff,11.0,18.0,21.0,22.0,23.0,33.0,18.0,15.0,22.0,19.0,15.0,11.0,15.0,14.0,7.0,8.0,7.0,6.0,7.0,10.0,12.0,7.0,14.0,11.0,11.0,15.0,19.0,15.0,42.0,24.0,15.0,13.0,18.0,27.0,21.0,29.0,26.0,18.0,28.0,19.0,27.0,23.0,17.0,16.0,15.0,15.0,17.0,12.0,28.0,16.0,11.0,13.0,6.0
88ad368d1dfffff,6.0,8.0,7.0,18.0,6.0,11.0,15.0,5.0,1.0,4.0,6.0,7.0,5.0,6.0,3.0,4.0,4.0,6.0,4.0,2.0,4.0,2.0,7.0,4.0,5.0,4.0,3.0,15.0,8.0,4.0,13.0,6.0,5.0,4.0,5.0,9.0,5.0,13.0,3.0,9.0,12.0,14.0,5.0,5.0,11.0,5.0,7.0,10.0,14.0,10.0,6.0,4.0,3.0
88ad368d21fffff,1.0,3.0,6.0,6.0,7.0,5.0,13.0,13.0,2.0,8.0,9.0,3.0,3.0,3.0,4.0,1.0,5.0,4.0,7.0,9.0,1.0,5.0,3.0,7.0,1.0,3.0,12.0,4.0,3.0,8.0,5.0,13.0,3.0,4.0,4.0,11.0,5.0,5.0,6.0,3.0,4.0,17.0,6.0,0.0,3.0,15.0,8.0,6.0,9.0,7.0,9.0,6.0,1.0
88ad368d23fffff,5.0,29.0,19.0,24.0,29.0,26.0,32.0,25.0,29.0,25.0,42.0,23.0,17.0,11.0,7.0,10.0,15.0,9.0,11.0,25.0,15.0,18.0,14.0,14.0,16.0,17.0,25.0,37.0,33.0,38.0,26.0,25.0,23.0,34.0,22.0,14.0,25.0,23.0,23.0,26.0,49.0,34.0,28.0,24.0,31.0,35.0,19.0,25.0,15.0,30.0,23.0,20.0,18.0
88ad368d25fffff,1.0,1.0,1.0,3.0,1.0,1.0,1.0,4.0,3.0,1.0,3.0,0.0,2.0,2.0,2.0,1.0,5.0,3.0,0.0,2.0,1.0,3.0,3.0,8.0,3.0,4.0,6.0,4.0,3.0,6.0,3.0,4.0,3.0,3.0,2.0,8.0,4.0,3.0,3.0,6.0,7.0,5.0,7.0,7.0,2.0,7.0,5.0,3.0,5.0,5.0,3.0,3.0,6.0
88ad368d27fffff,0.0,7.0,7.0,8.0,1.0,1.0,1.0,2.0,1.0,6.0,6.0,2.0,3.0,4.0,2.0,6.0,3.0,1.0,1.0,20.0,3.0,10.0,4.0,5.0,2.0,8.0,6.0,10.0,4.0,6.0,8.0,10.0,1.0,4.0,5.0,5.0,7.0,11.0,17.0,1.0,24.0,10.0,5.0,2.0,10.0,10.0,7.0,6.0,7.0,9.0,2.0,6.0,2.0
88ad368d29fffff,0.0,2.0,2.0,2.0,1.0,2.0,2.0,1.0,1.0,3.0,2.0,1.0,0.0,0.0,1.0,0.0,5.0,0.0,0.0,1.0,1.0,0.0,0.0,2.0,1.0,0.0,2.0,1.0,2.0,0.0,5.0,7.0,2.0,0.0,2.0,3.0,8.0,2.0,8.0,2.0,1.0,4.0,1.0,13.0,2.0,10.0,5.0,3.0,5.0,6.0,3.0,0.0,3.0
88ad368d2bfffff,13.0,17.0,22.0,31.0,25.0,23.0,43.0,24.0,27.0,22.0,27.0,27.0,13.0,14.0,11.0,17.0,9.0,12.0,19.0,27.0,13.0,14.0,37.0,28.0,26.0,13.0,28.0,33.0,20.0,29.0,34.0,22.0,38.0,34.0,20.0,32.0,25.0,21.0,21.0,30.0,48.0,43.0,22.0,22.0,19.0,11.0,31.0,20.0,28.0,19.0,23.0,15.0,20.0
88ad368d2dfffff,1.0,9.0,3.0,0.0,1.0,2.0,3.0,1.0,2.0,4.0,1.0,1.0,0.0,0.0,3.0,1.0,4.0,3.0,2.0,2.0,5.0,1.0,2.0,1.0,0.0,5.0,0.0,0.0,2.0,4.0,0.0,2.0,0.0,2.0,1.0,2.0,2.0,1.0,5.0,6.0,5.0,1.0,1.0,4.0,3.0,9.0,0.0,4.0,4.0,19.0,4.0,1.0,3.0
88ad368d31fffff,19.0,20.0,23.0,41.0,32.0,19.0,20.0,20.0,27.0,28.0,31.0,11.0,25.0,5.0,13.0,12.0,9.0,12.0,8.0,14.0,11.0,21.0,20.0,33.0,13.0,17.0,18.0,36.0,46.0,17.0,41.0,46.0,27.0,29.0,33.0,32.0,23.0,24.0,42.0,58.0,54.0,18.0,29.0,64.0,30.0,33.0,25.0,39.0,38.0,46.0,31.0,25.0,26.0
88ad368d33fffff,30.0,49.0,37.0,44.0,55.0,52.0,44.0,40.0,28.0,30.0,44.0,57.0,35.0,34.0,29.0,24.0,16.0,22.0,29.0,20.0,24.0,27.0,50.0,26.0,38.0,55.0,57.0,77.0,57.0,43.0,56.0,40.0,34.0,31.0,46.0,46.0,51.0,42.0,42.0,38.0,63.0,34.0,55.0,45.0,46.0,33.0,53.0,37.0,33.0,57.0,22.0,16.0,27.0
88ad368d35fffff,18.0,20.0,17.0,26.0,23.0,26.0,20.0,36.0,28.0,24.0,31.0,22.0,23.0,18.0,12.0,13.0,15.0,17.0,8.0,22.0,16.0,23.0,17.0,17.0,19.0,22.0,34.0,30.0,34.0,26.0,35.0,32.0,17.0,20.0,15.0,25.0,29.0,21.0,29.0,39.0,33.0,33.0,23.0,43.0,32.0,35.0,24.0,11.0,23.0,29.0,23.0,29.0,15.0
88ad368d37fffff,1.0,13.0,18.0,16.0,18.0,13.0,12.0,6.0,24.0,13.0,11.0,19.0,14.0,9.0,9.0,7.0,10.0,3.0,11.0,13.0,14.0,6.0,10.0,4.0,17.0,17.0,18.0,18.0,12.0,19.0,15.0,12.0,8.0,26.0,23.0,42.0,17.0,21.0,9.0,20.0,23.0,25.0,20.0,28.0,31.0,14.0,16.0,22.0,21.0,19.0,15.0,19.0,8.0
88ad368d39fffff,7.0,19.0,23.0,22.0,32.0,21.0,30.0,14.0,15.0,28.0,17.0,26.0,9.0,10.0,8.0,8.0,11.0,8.0,15.0,15.0,9.0,20.0,12.0,13.0,14.0,15.0,10.0,20.0,30.0,29.0,26.0,24.0,9.0,16.0,18.0,31.0,15.0,16.0,17.0,21.0,27.0,44.0,32.0,38.0,14.0,14.0,28.0,13.0,13.0,21.0,23.0,21.0,29.0
88ad368d3bfffff,7.0,24.0,27.0,22.0,34.0,20.0,14.0,22.0,20.0,29.0,26.0,39.0,25.0,9.0,3.0,7.0,10.0,10.0,7.0,12.0,9.0,13.0,11.0,15.0,24.0,22.0,16.0,29.0,47.0,25.0,10.0,16.0,11.0,21.0,21.0,21.0,34.0,19.0,30.0,26.0,34.0,31.0,31.0,38.0,30.0,16.0,22.0,19.0,20.0,22.0,21.0,21.0,27.0
88ad368d3dfffff,12.0,25.0,23.0,30.0,14.0,19.0,14.0,19.0,22.0,14.0,14.0,14.0,8.0,12.0,11.0,8.0,8.0,2.0,12.0,23.0,17.0,11.0,26.0,13.0,11.0,10.0,15.0,20.0,59.0,28.0,25.0,16.0,16.0,27.0,21.0,24.0,40.0,17.0,26.0,24.0,38.0,18.0,15.0,27.0,23.0,27.0,16.0,16.0,23.0,17.0,22.0,17.0,10.0
88ad368d43fffff,0.0,0.0,0.0,0.0,0.0,1.0,0.0,1.0,0.0,0.0,0.0,0.0,0.0,0.0,0.0,0.0,0.0,0.0,0.0,0.0,0.0,0.0,0.0,0.0,0.0,0.0,0.0,1.0,0.0,0.0,0.0,0.0,0.0,0.0,0.0,0.0,0.0,0.0,0.0,0.0,0.0,0.0,0.0,0.0,0.0,0.0,0.0,0.0,0.0,0.0,0.0,0.0,0.0
88ad368d45fffff,1.0,0.0,2.0,4.0,2.0,1.0,0.0,0.0,0.0,1.0,0.0,1.0,0.0,0.0,0.0,0.0,0.0,1.0,0.0,1.0,2.0,1.0,0.0,0.0,2.0,1.0,0.0,0.0,1.0,0.0,0.0,0.0,1.0,0.0,1.0,0.0,0.0,0.0,1.0,1.0,0.0,1.0,1.0,2.0,1.0,3.0,0.0,1.0,0.0,1.0,0.0,0.0,0.0
88ad368d47fffff,9.0,11.0,12.0,11.0,19.0,8.0,6.0,12.0,8.0,3.0,1.0,4.0,3.0,10.0,3.0,2.0,2.0,4.0,4.0,7.0,6.0,2.0,5.0,15.0,2.0,8.0,1.0,5.0,6.0,9.0,5.0,7.0,3.0,6.0,6.0,8.0,20.0,11.0,5.0,6.0,13.0,12.0,17.0,19.0,9.0,10.0,9.0,16.0,11.0,5.0,10.0,7.0,16.0
88ad368d49fffff,1.0,0.0,0.0,0.0,0.0,0.0,1.0,1.0,0.0,0.0,0.0,0.0,0.0,0.0,0.0,0.0,0.0,0.0,0.0,0.0,0.0,0.0,0.0,0.0,0.0,0.0,0.0,0.0,1.0,1.0,0.0,0.0,0.0,0.0,0.0,1.0,0.0,0.0,0.0,1.0,1.0,0.0,0.0,0.0,0.0,1.0,0.0,0.0,0.0,1.0,0.0,0.0,0.0
88ad368d4dfffff,1.0,2.0,4.0,2.0,2.0,3.0,2.0,8.0,5.0,7.0,4.0,6.0,0.0,1.0,2.0,0.0,2.0,0.0,0.0,1.0,0.0,1.0,0.0,0.0,1.0,0.0,1.0,7.0,0.0,3.0,4.0,6.0,4.0,4.0,2.0,6.0,3.0,1.0,1.0,1.0,4.0,2.0,11.0,3.0,1.0,4.0,4.0,7.0,4.0,2.0,4.0,3.0,3.0
88ad368d53fffff,6.0,6.0,3.0,6.0,13.0,12.0,5.0,14.0,8.0,8.0,12.0,8.0,8.0,5.0,1.0,3.0,3.0,4.0,4.0,10.0,8.0,7.0,4.0,12.0,10.0,5.0,5.0,16.0,15.0,8.0,8.0,10.0,10.0,8.0,6.0,12.0,6.0,5.0,8.0,5.0,11.0,4.0,3.0,4.0,4.0,11.0,7.0,6.0,6.0,11.0,6.0,5.0,3.0
88ad368d55fffff,0.0,0.0,0.0,0.0,1.0,0.0,0.0,0.0,0.0,0.0,0.0,0.0,0.0,0.0,0.0,0.0,0.0,0.0,0.0,0.0,0.0,0.0,0.0,0.0,0.0,0.0,0.0,0.0,0.0,0.0,0.0,0.0,0.0,0.0,0.0,0.0,1.0,0.0,0.0,0.0,0.0,0.0,0.0,1.0,0.0,0.0,0.0,0.0,0.0,0.0,0.0,0.0,0.0
88ad368d57fffff,3.0,3.0,3.0,3.0,3.0,2.0,1.0,0.0,0.0,3.0,1.0,1.0,3.0,1.0,3.0,1.0,1.0,4.0,1.0,3.0,1.0,1.0,3.0,2.0,1.0,4.0,0.0,4.0,6.0,4.0,3.0,2.0,1.0,2.0,3.0,4.0,5.0,3.0,3.0,3.0,5.0,3.0,8.0,2.0,2.0,2.0,7.0,3.0,1.0,2.0,1.0,3.0,5.0
88ad368d59fffff,0.0,0.0,0.0,0.0,0.0,0.0,0.0,0.0,0.0,0.0,0.0,0.0,0.0,0.0,0.0,0.0,0.0,0.0,0.0,0.0,0.0,0.0,0.0,0.0,0.0,0.0,0.0,0.0,0.0,0.0,0.0,0.0,0.0,0.0,0.0,0.0,0.0,0.0,0.0,0.0,0.0,0.0,1.0,0.0,0.0,0.0,0.0,0.0,0.0,0.0,0.0,0.0,0.0
88ad368d5bfffff,5.0,6.0,8.0,5.0,8.0,10.0,11.0,7.0,16.0,25.0,26.0,12.0,8.0,4.0,0.0,2.0,1.0,2.0,5.0,9.0,7.0,5.0,5.0,7.0,15.0,8.0,23.0,10.0,8.0,14.0,3.0,6.0,8.0,8.0,4.0,7.0,9.0,4.0,12.0,21.0,7.0,13.0,14.0,13.0,19.0,7.0,9.0,8.0,15.0,7.0,2.0,3.0,1.0
88ad368d5dfffff,0.0,0.0,0.0,1.0,0.0,0.0,0.0,0.0,0.0,0.0,0.0,0.0,0.0,0.0,0.0,0.0,0.0,0.0,0.0,0.0,0.0,0.0,0.0,0.0,0.0,0.0,0.0,0.0,0.0,0.0,0.0,0.0,0.0,0.0,0.0,0.0,0.0,0.0,0.0,0.0,0.0,0.0,0.0,0.0,0.0,0.0,0.0,0.0,0.0,0.0,0.0,0.0,0.0
88ad368d61fffff,0.0,0.0,0.0,1.0,1.0,0.0,0.0,0.0,0.0,1.0,0.0,4.0,0.0,0.0,0.0,0.0,0.0,0.0,1.0,1.0,0.0,1.0,0.0,0.0,0.0,1.0,0.0,0.0,0.0,0.0,0.0,0.0,1.0,1.0,0.0,0.0,0.0,0.0,1.0,0.0,0.0,0.0,0.0,0.0,0.0,0.0,0.0,0.0,1.0,0.0,0.0,0.0,0.0
88ad368d63fffff,0.0,0.0,0.0,0.0,1.0,0.0,1.0,0.0,0.0,0.0,0.0,0.0,0.0,0.0,0.0,0.0,0.0,0.0,0.0,0.0,0.0,0.0,0.0,0.0,0.0,0.0,1.0,0.0,0.0,0.0,0.0,0.0,0.0,1.0,2.0,0.0,1.0,1.0,0.0,0.0,1.0,0.0,0.0,1.0,0.0,0.0,2.0,0.0,1.0,0.0,0.0,1.0,1.0
88ad368d65fffff,0.0,3.0,0.0,1.0,1.0,0.0,0.0,0.0,0.0,0.0,0.0,0.0,0.0,0.0,0.0,0.0,0.0,1.0,0.0,0.0,0.0,0.0,0.0,0.0,0.0,1.0,0.0,0.0,0.0,1.0,0.0,0.0,0.0,1.0,1.0,0.0,0.0,0.0,0.0,1.0,0.0,0.0,0.0,0.0,0.0,0.0,0.0,0.0,0.0,0.0,0.0,0.0,0.0
88ad368d67fffff,2.0,1.0,0.0,1.0,0.0,4.0,2.0,0.0,0.0,1.0,1.0,0.0,0.0,0.0,0.0,0.0,1.0,1.0,0.0,0.0,3.0,2.0,5.0,1.0,0.0,0.0,1.0,2.0,2.0,0.0,0.0,1.0,0.0,2.0,0.0,0.0,1.0,1.0,1.0,1.0,1.0,0.0,0.0,1.0,7.0,0.0,0.0,0.0,0.0,4.0,1.0,0.0,0.0
88ad368d69fffff,3.0,2.0,4.0,4.0,3.0,6.0,7.0,11.0,5.0,6.0,4.0,3.0,1.0,3.0,0.0,0.0,2.0,0.0,1.0,0.0,0.0,1.0,1.0,2.0,5.0,3.0,0.0,6.0,1.0,2.0,8.0,1.0,0.0,1.0,6.0,1.0,7.0,8.0,4.0,4.0,7.0,1.0,7.0,4.0,4.0,9.0,30.0,27.0,13.0,7.0,5.0,5.0,1.0
88ad368d6bfffff,0.0,0.0,0.0,0.0,1.0,1.0,0.0,0.0,0.0,0.0,0.0,0.0,1.0,0.0,0.0,0.0,0.0,0.0,0.0,0.0,0.0,0.0,0.0,0.0,0.0,0.0,0.0,0.0,0.0,0.0,0.0,0.0,0.0,0.0,0.0,0.0,0.0,0.0,0.0,0.0,0.0,0.0,0.0,0.0,0.0,0.0,0.0,1.0,1.0,0.0,0.0,1.0,0.0
88ad368d6dfffff,0.0,0.0,0.0,0.0,0.0,0.0,0.0,0.0,0.0,0.0,0.0,0.0,0.0,0.0,0.0,0.0,1.0,0.0,0.0,0.0,0.0,0.0,0.0,0.0,0.0,0.0,0.0,0.0,0.0,0.0,0.0,0.0,0.0,0.0,0.0,0.0,0.0,0.0,0.0,0.0,0.0,1.0,0.0,0.0,0.0,0.0,0.0,0.0,0.0,0.0,0.0,0.0,0.0
88ad368d81fffff,15.0,6.0,9.0,15.0,6.0,7.0,8.0,5.0,6.0,10.0,9.0,13.0,11.0,4.0,5.0,3.0,6.0,4.0,9.0,2.0,14.0,3.0,6.0,5.0,3.0,6.0,12.0,8.0,19.0,6.0,7.0,39.0,3.0,7.0,7.0,11.0,25.0,15.0,12.0,12.0,10.0,16.0,8.0,8.0,12.0,6.0,9.0,5.0,13.0,3.0,8.0,3.0,1.0
88ad368d83fffff,5.0,12.0,13.0,15.0,12.0,13.0,8.0,7.0,9.0,8.0,10.0,13.0,12.0,8.0,4.0,1.0,3.0,10.0,7.0,4.0,6.0,5.0,0.0,6.0,4.0,7.0,12.0,9.0,2.0,11.0,23.0,27.0,18.0,36.0,31.0,38.0,14.0,22.0,11.0,12.0,3.0,15.0,10.0,7.0,11.0,4.0,9.0,2.0,4.0,4.0,4.0,4.0,2.0
88ad368d85fffff,3.0,18.0,17.0,16.0,23.0,16.0,19.0,13.0,20.0,15.0,15.0,32.0,6.0,12.0,9.0,6.0,3.0,3.0,12.0,4.0,12.0,20.0,8.0,19.0,11.0,16.0,12.0,17.0,27.0,13.0,14.0,11.0,13.0,20.0,9.0,22.0,26.0,20.0,7.0,12.0,18.0,16.0,12.0,20.0,13.0,24.0,12.0,10.0,14.0,25.0,11.0,12.0,6.0
88ad368d87fffff,8.0,10.0,11.0,6.0,10.0,7.0,11.0,8.0,18.0,13.0,11.0,9.0,14.0,9.0,6.0,3.0,6.0,5.0,6.0,7.0,8.0,7.0,5.0,7.0,10.0,8.0,5.0,15.0,26.0,9.0,5.0,7.0,4.0,13.0,8.0,10.0,10.0,9.0,10.0,10.0,7.0,15.0,15.0,6.0,6.0,5.0,7.0,9.0,10.0,8.0,9.0,5.0,9.0
88ad368d89fffff,20.0,14.0,11.0,28.0,14.0,10.0,9.0,12.0,7.0,10.0,19.0,6.0,17.0,5.0,6.0,1.0,6.0,11.0,6.0,2.0,10.0,3.0,1.0,13.0,14.0,26.0,11.0,15.0,65.0,14.0,5.0,17.0,10.0,7.0,12.0,17.0,19.0,14.0,8.0,7.0,12.0,46.0,20.0,19.0,14.0,10.0,5.0,6.0,11.0,12.0,7.0,5.0,3.0
88ad368d8bfffff,3.0,14.0,4.0,19.0,17.0,3.0,11.0,12.0,6.0,20.0,19.0,8.0,18.0,7.0,2.0,10.0,9.0,23.0,34.0,8.0,3.0,9.0,7.0,26.0,16.0,14.0,4.0,11.0,18.0,7.0,15.0,9.0,9.0,21.0,6.0,38.0,9.0,17.0,11.0,13.0,17.0,22.0,24.0,8.0,10.0,14.0,11.0,7.0,10.0,15.0,6.0,20.0,6.0
88ad368d8dfffff,14.0,17.0,10.0,14.0,17.0,11.0,14.0,19.0,3.0,14.0,20.0,15.0,19.0,6.0,4.0,16.0,2.0,6.0,12.0,5.0,5.0,8.0,25.0,16.0,8.0,38.0,19.0,17.0,17.0,23.0,12.0,25.0,17.0,18.0,10.0,17.0,30.0,10.0,11.0,23.0,16.0,20.0,28.0,24.0,13.0,20.0,10.0,32.0,14.0,13.0,13.0,12.0,6.0
88ad368d91fffff,0.0,4.0,5.0,3.0,3.0,2.0,6.0,3.0,6.0,7.0,4.0,2.0,6.0,1.0,0.0,2.0,1.0,3.0,6.0,5.0,2.0,8.0,6.0,5.0,2.0,5.0,4.0,1.0,2.0,6.0,6.0,3.0,2.0,4.0,1.0,4.0,7.0,2.0,3.0,8.0,6.0,11.0,4.0,3.0,2.0,4.0,3.0,2.0,4.0,3.0,3.0,3.0,0.0
88ad368d93fffff,1.0,4.0,1.0,10.0,3.0,4.0,1.0,4.0,4.0,4.0,3.0,0.0,5.0,2.0,2.0,1.0,14.0,2.0,6.0,0.0,0.0,1.0,5.0,5.0,1.0,5.0,2.0,1.0,4.0,14.0,2.0,4.0,3.0,5.0,2.0,5.0,9.0,3.0,5.0,10.0,9.0,3.0,3.0,5.0,0.0,3.0,7.0,5.0,4.0,8.0,5.0,6.0,2.0
88ad368d95fffff,0.0,3.0,4.0,5.0,2.0,0.0,4.0,5.0,6.0,8.0,11.0,10.0,4.0,2.0,0.0,0.0,2.0,5.0,3.0,0.0,2.0,4.0,1.0,6.0,9.0,2.0,6.0,6.0,0.0,11.0,6.0,4.0,4.0,8.0,14.0,8.0,2.0,10.0,9.0,8.0,8.0,4.0,5.0,4.0,13.0,4.0,4.0,6.0,6.0,13.0,4.0,8.0,1.0
88ad368d97fffff,8.0,5.0,5.0,12.0,5.0,2.0,8.0,4.0,3.0,6.0,3.0,5.0,5.0,2.0,3.0,2.0,4.0,4.0,1.0,3.0,2.0,7.0,9.0,6.0,8.0,7.0,8.0,2.0,9.0,11.0,5.0,5.0,2.0,8.0,1.0,5.0,3.0,9.0,3.0,7.0,7.0,11.0,5.0,4.0,3.0,5.0,3.0,1.0,4.0,1.0,6.0,6.0,5.0
88ad368d99fffff,4.0,8.0,6.0,7.0,7.0,1.0,4.0,4.0,6.0,16.0,4.0,13.0,2.0,3.0,3.0,1.0,7.0,1.0,8.0,7.0,2.0,4.0,1.0,2.0,3.0,9.0,4.0,4.0,6.0,12.0,3.0,6.0,4.0,2.0,4.0,1.0,8.0,9.0,4.0,10.0,9.0,11.0,7.0,14.0,1.0,2.0,6.0,0.0,3.0,2.0,6.0,2.0,0.0
88ad368d9bfffff,0.0,0.0,0.0,3.0,0.0,0.0,0.0,0.0,0.0,0.0,0.0,0.0,0.0,0.0,1.0,1.0,0.0,0.0,0.0,0.0,0.0,1.0,0.0,0.0,0.0,3.0,1.0,0.0,1.0,0.0,0.0,3.0,0.0,1.0,0.0,0.0,0.0,1.0,0.0,1.0,1.0,2.0,1.0,0.0,0.0,1.0,0.0,0.0,0.0,0.0,1.0,0.0,1.0
88ad368d9dfffff,0.0,2.0,3.0,1.0,4.0,3.0,2.0,5.0,6.0,4.0,2.0,3.0,0.0,1.0,2.0,1.0,3.0,0.0,1.0,1.0,2.0,3.0,4.0,3.0,2.0,4.0,2.0,3.0,1.0,5.0,9.0,5.0,0.0,1.0,0.0,3.0,1.0,2.0,4.0,3.0,7.0,2.0,3.0,3.0,0.0,2.0,2.0,3.0,1.0,7.0,3.0,1.0,0.0
88ad368da1fffff,5.0,20.0,53.0,25.0,25.0,16.0,15.0,18.0,36.0,34.0,27.0,34.0,33.0,23.0,12.0,10.0,13.0,18.0,16.0,4.0,11.0,25.0,21.0,23.0,16.0,29.0,68.0,52.0,50.0,32.0,17.0,29.0,18.0,28.0,23.0,45.0,25.0,24.0,26.0,41.0,16.0,16.0,29.0,24.0,29.0,35.0,21.0,31.0,14.0,27.0,18.0,20.0,8.0
88ad368da3fffff,12.0,20.0,28.0,33.0,20.0,15.0,13.0,35.0,32.0,30.0,25.0,14.0,21.0,7.0,50.0,26.0,11.0,5.0,11.0,17.0,17.0,43.0,26.0,30.0,11.0,41.0,25.0,25.0,63.0,63.0,23.0,20.0,11.0,30.0,13.0,22.0,37.0,17.0,19.0,27.0,26.0,20.0,23.0,17.0,26.0,23.0,16.0,22.0,19.0,13.0,16.0,12.0,15.0
88ad368da5fffff,2.0,9.0,10.0,25.0,12.0,8.0,5.0,15.0,7.0,17.0,16.0,13.0,13.0,8.0,11.0,8.0,7.0,6.0,7.0,7.0,5.0,10.0,9.0,19.0,14.0,14.0,5.0,13.0,17.0,21.0,8.0,7.0,8.0,28.0,5.0,18.0,15.0,13.0,16.0,29.0,20.0,17.0,11.0,15.0,15.0,17.0,12.0,17.0,13.0,24.0,23.0,3.0,4.0
88ad368da7fffff,11.0,18.0,41.0,45.0,25.0,25.0,28.0,21.0,21.0,23.0,45.0,23.0,12.0,6.0,8.0,7.0,16.0,19.0,10.0,11.0,13.0,27.0,23.0,21.0,19.0,38.0,37.0,34.0,36.0,47.0,21.0,14.0,26.0,31.0,25.0,20.0,41.0,23.0,39.0,37.0,32.0,33.0,26.0,23.0,34.0,36.0,33.0,30.0,25.0,19.0,26.0,15.0,30.0
88ad368da9fffff,7.0,19.0,18.0,16.0,17.0,17.0,25.0,24.0,32.0,20.0,16.0,26.0,20.0,8.0,10.0,11.0,1.0,7.0,9.0,10.0,7.0,34.0,15.0,22.0,12.0,22.0,12.0,30.0,46.0,22.0,14.0,20.0,17.0,16.0,13.0,33.0,17.0,10.0,16.0,12.0,24.0,19.0,21.0,18.0,17.0,16.0,23.0,18.0,19.0,18.0,10.0,12.0,14.0
88ad368dabfffff,10.0,20.0,26.0,35.0,32.0,37.0,25.0,11.0,26.0,25.0,17.0,10.0,10.0,8.0,5.0,8.0,9.0,8.0,14.0,14.0,13.0,16.0,16.0,21.0,28.0,27.0,17.0,25.0,18.0,17.0,16.0,15.0,28.0,24.0,17.0,19.0,22.0,19.0,6.0,18.0,21.0,32.0,32.0,19.0,33.0,21.0,26.0,26.0,24.0,15.0,29.0,15.0,7.0
88ad368dadfffff,10.0,11.0,10.0,24.0,58.0,28.0,7.0,17.0,40.0,26.0,22.0,24.0,30.0,0.0,9.0,17.0,13.0,6.0,5.0,12.0,14.0,15.0,19.0,15.0,10.0,61.0,48.0,14.0,45.0,68.0,14.0,15.0,26.0,13.0,14.0,13.0,19.0,11.0,22.0,17.0,24.0,24.0,14.0,10.0,21.0,20.0,11.0,8.0,13.0,17.0,13.0,10.0,9.0
88ad368db1fffff,1.0,10.0,5.0,7.0,14.0,5.0,10.0,7.0,5.0,6.0,7.0,6.0,2.0,1.0,3.0,5.0,5.0,1.0,5.0,0.0,3.0,2.0,5.0,4.0,0.0,7.0,8.0,11.0,9.0,13.0,1.0,3.0,8.0,7.0,4.0,5.0,3.0,8.0,6.0,7.0,6.0,4.0,7.0,7.0,7.0,4.0,1.0,8.0,7.0,2.0,8.0,10.0,2.0
88ad368db3fffff,2.0,6.0,3.0,8.0,5.0,4.0,2.0,3.0,4.0,9.0,6.0,7.0,1.0,3.0,0.0,3.0,4.0,2.0,2.0,7.0,2.0,4.0,5.0,6.0,6.0,6.0,9.0,2.0,5.0,10.0,1.0,2.0,3.0,5.0,2.0,6.0,5.0,3.0,2.0,6.0,5.0,3.0,4.0,3.0,7.0,2.0,3.0,5.0,1.0,1.0,1.0,1.0,0.0
88ad368db5fffff,1.0,0.0,0.0,1.0,1.0,0.0,1.0,2.0,1.0,2.0,0.0,2.0,0.0,1.0,1.0,0.0,0.0,0.0,0.0,0.0,0.0,1.0,1.0,0.0,0.0,4.0,0.0,2.0,1.0,1.0,1.0,0.0,0.0,0.0,1.0,1.0,0.0,0.0,1.0,0.0,0.0,2.0,2.0,0.0,0.0,0.0,1.0,0.0,0.0,0.0,0.0,0.0,0.0
88ad368db7fffff,0.0,2.0,0.0,1.0,2.0,2.0,3.0,1.0,1.0,0.0,0.0,3.0,0.0,1.0,0.0,0.0,1.0,0.0,0.0,1.0,0.0,1.0,0.0,1.0,0.0,1.0,0.0,0.0,4.0,0.0,0.0,0.0,2.0,0.0,0.0,0.0,1.0,0.0,3.0,2.0,3.0,0.0,3.0,2.0,1.0,1.0,0.0,1.0,1.0,1.0,3.0,1.0,0.0
88ad368db9fffff,5.0,10.0,12.0,4.0,2.0,0.0,2.0,4.0,3.0,3.0,5.0,4.0,6.0,0.0,0.0,5.0,4.0,0.0,2.0,3.0,7.0,7.0,5.0,11.0,8.0,11.0,9.0,6.0,9.0,6.0,7.0,4.0,8.0,6.0,4.0,2.0,3.0,5.0,5.0,16.0,6.0,9.0,6.0,4.0,9.0,5.0,7.0,6.0,13.0,4.0,3.0,0.0,2.0
88ad368dbbfffff,3.0,6.0,10.0,18.0,4.0,7.0,8.0,8.0,10.0,5.0,6.0,14.0,8.0,2.0,7.0,6.0,2.0,2.0,4.0,4.0,4.0,6.0,6.0,5.0,3.0,8.0,4.0,9.0,16.0,10.0,10.0,9.0,7.0,5.0,8.0,3.0,17.0,4.0,1.0,4.0,3.0,4.0,7.0,4.0,11.0,6.0,7.0,2.0,4.0,3.0,4.0,3.0,2.0
88ad368dbdfffff,2.0,4.0,8.0,8.0,2.0,5.0,13.0,0.0,7.0,5.0,10.0,4.0,3.0,4.0,3.0,2.0,1.0,1.0,1.0,1.0,1.0,3.0,5.0,1.0,3.0,5.0,8.0,6.0,34.0,3.0,1.0,3.0,1.0,5.0,4.0,3.0,1.0,6.0,4.0,7.0,2.0,4.0,4.0,0.0,1.0,0.0,2.0,11.0,3.0,0.0,4.0,3.0,1.0
88ad368dc1fffff,21.0,14.0,21.0,41.0,7.0,29.0,12.0,18.0,19.0,32.0,27.0,26.0,4.0,6.0,6.0,7.0,8.0,8.0,9.0,6.0,12.0,15.0,6.0,47.0,6.0,14.0,19.0,28.0,32.0,15.0,17.0,29.0,12.0,14.0,9.0,26.0,27.0,21.0,18.0,19.0,19.0,28.0,18.0,10.0,35.0,22.0,8.0,13.0,9.0,18.0,15.0,8.0,4.0
88ad368dc3fffff,7.0,12.0,23.0,21.0,21.0,18.0,27.0,9.0,10.0,19.0,12.0,20.0,17.0,7.0,11.0,10.0,11.0,14.0,11.0,3.0,6.0,8.0,15.0,33.0,15.0,31.0,10.0,19.0,32.0,18.0,11.0,19.0,14.0,15.0,13.0,20.0,8.0,16.0,18.0,13.0,21.0,13.0,20.0,5.0,14.0,22.0,9.0,11.0,17.0,16.0,4.0,11.0,3.0
88ad368dc5fffff,6.0,3.0,8.0,13.0,11.0,3.0,6.0,3.0,6.0,8.0,1.0,7.0,2.0,4.0,2.0,5.0,1.0,0.0,2.0,0.0,0.0,2.0,2.0,4.0,2.0,3.0,4.0,1.0,8.0,2.0,4.0,11.0,2.0,0.0,5.0,8.0,4.0,8.0,14.0,3.0,6.0,7.0,5.0,11.0,7.0,8.0,6.0,5.0,6.0,5.0,5.0,5.0,1.0
88ad368dc7fffff,7.0,17.0,6.0,15.0,10.0,16.0,14.0,13.0,11.0,13.0,9.0,9.0,8.0,5.0,7.0,10.0,1.0,18.0,5.0,4.0,6.0,8.0,10.0,18.0,15.0,16.0,12.0,9.0,19.0,9.0,14.0,14.0,12.0,7.0,17.0,17.0,20.0,29.0,21.0,19.0,10.0,24.0,23.0,24.0,16.0,20.0,24.0,14.0,11.0,14.0,11.0,7.0,4.0
88ad368dc9fffff,23.0,27.0,37.0,30.0,33.0,24.0,42.0,41.0,18.0,39.0,29.0,32.0,35.0,11.0,5.0,6.0,5.0,8.0,12.0,4.0,9.0,9.0,18.0,41.0,18.0,26.0,20.0,19.0,71.0,18.0,23.0,27.0,29.0,17.0,28.0,26.0,34.0,26.0,25.0,29.0,38.0,30.0,15.0,26.0,39.0,24.0,36.0,23.0,20.0,25.0,27.0,24.0,14.0
88ad368dcbfffff,5.0,7.0,10.0,11.0,22.0,9.0,26.0,21.0,9.0,11.0,2.0,9.0,13.0,4.0,7.0,6.0,5.0,3.0,6.0,7.0,6.0,8.0,7.0,25.0,11.0,7.0,8.0,15.0,35.0,12.0,8.0,17.0,12.0,13.0,14.0,9.0,10.0,30.0,13.0,10.0,15.0,21.0,7.0,8.0,13.0,11.0,13.0,12.0,4.0,14.0,18.0,8.0,5.0
88ad368dcdfffff,8.0,16.0,22.0,23.0,11.0,10.0,28.0,14.0,15.0,14.0,16.0,15.0,9.0,7.0,6.0,7.0,6.0,10.0,8.0,6.0,9.0,14.0,9.0,11.0,13.0,16.0,10.0,18.0,55.0,15.0,17.0,23.0,7.0,13.0,49.0,28.0,25.0,17.0,4.0,10.0,12.0,17.0,19.0,14.0,14.0,13.0,15.0,9.0,13.0,17.0,12.0,11.0,3.0
88ad368dd1fffff,1.0,3.0,1.0,1.0,3.0,4.0,8.0,1.0,2.0,5.0,3.0,1.0,5.0,1.0,0.0,6.0,4.0,2.0,14.0,1.0,2.0,5.0,5.0,4.0,7.0,9.0,19.0,13.0,8.0,12.0,4.0,3.0,2.0,2.0,1.0,2.0,8.0,5.0,8.0,3.0,3.0,8.0,4.0,0.0,10.0,9.0,10.0,5.0,10.0,6.0,4.0,3.0,1.0
88ad368dd3fffff,4.0,5.0,5.0,4.0,6.0,8.0,5.0,6.0,2.0,15.0,5.0,4.0,15.0,4.0,1.0,6.0,0.0,3.0,1.0,2.0,2.0,2.0,9.0,5.0,6.0,6.0,7.0,5.0,18.0,12.0,9.0,10.0,3.0,4.0,1.0,8.0,10.0,5.0,2.0,4.0,5.0,4.0,5.0,5.0,3.0,5.0,3.0,8.0,1.0,1.0,12.0,1.0,4.0
88ad368dd5fffff,3.0,7.0,7.0,7.0,7.0,11.0,5.0,6.0,8.0,6.0,7.0,17.0,9.0,6.0,17.0,3.0,4.0,17.0,7.0,6.0,6.0,13.0,9.0,35.0,6.0,11.0,8.0,33.0,46.0,5.0,9.0,6.0,13.0,6.0,10.0,24.0,11.0,12.0,13.0,18.0,18.0,10.0,5.0,7.0,10.0,10.0,9.0,9.0,9.0,7.0,2.0,8.0,6.0
88ad368dd7fffff,0.0,4.0,4.0,2.0,3.0,2.0,3.0,7.0,4.0,8.0,7.0,6.0,2.0,4.0,2.0,0.0,4.0,10.0,8.0,0.0,3.0,2.0,3.0,6.0,5.0,6.0,1.0,4.0,3.0,4.0,4.0,3.0,7.0,7.0,6.0,13.0,8.0,12.0,1.0,8.0,7.0,13.0,4.0,3.0,4.0,4.0,3.0,5.0,5.0,7.0,3.0,6.0,1.0
88ad368dd9fffff,1.0,2.0,2.0,5.0,10.0,3.0,4.0,4.0,4.0,6.0,8.0,20.0,8.0,6.0,6.0,3.0,1.0,1.0,4.0,2.0,0.0,1.0,3.0,7.0,3.0,1.0,5.0,5.0,5.0,7.0,3.0,8.0,19.0,2.0,2.0,11.0,1.0,1.0,9.0,3.0,3.0,7.0,4.0,4.0,6.0,5.0,0.0,3.0,5.0,2.0,6.0,2.0,5.0
88ad368ddbfffff,0.0,0.0,0.0,0.0,0.0,0.0,0.0,1.0,1.0,1.0,2.0,0.0,0.0,0.0,0.0,0.0,0.0,0.0,1.0,0.0,0.0,1.0,0.0,0.0,0.0,0.0,0.0,0.0,0.0,0.0,0.0,1.0,5.0,0.0,0.0,0.0,0.0,0.0,1.0,0.0,1.0,1.0,0.0,0.0,1.0,0.0,1.0,0.0,0.0,0.0,0.0,0.0,1.0
88ad368dddfffff,4.0,13.0,8.0,6.0,8.0,8.0,15.0,9.0,8.0,6.0,4.0,20.0,4.0,2.0,12.0,3.0,4.0,14.0,2.0,6.0,4.0,11.0,15.0,29.0,5.0,18.0,6.0,15.0,10.0,9.0,7.0,6.0,12.0,11.0,13.0,13.0,2.0,8.0,5.0,9.0,11.0,13.0,6.0,16.0,16.0,4.0,5.0,9.0,21.0,10.0,4.0,6.0,2.0
88ad368de1fffff,12.0,24.0,37.0,20.0,16.0,16.0,20.0,36.0,18.0,11.0,21.0,15.0,35.0,14.0,14.0,8.0,8.0,10.0,12.0,8.0,4.0,20.0,18.0,17.0,14.0,36.0,24.0,22.0,20.0,6.0,19.0,13.0,21.0,9.0,12.0,18.0,13.0,21.0,12.0,21.0,22.0,11.0,21.0,29.0,19.0,16.0,16.0,16.0,18.0,20.0,11.0,9.0,9.0
88ad368de3fffff,4.0,12.0,17.0,12.0,36.0,16.0,13.0,17.0,22.0,19.0,11.0,23.0,14.0,25.0,17.0,23.0,8.0,13.0,8.0,2.0,6.0,9.0,14.0,9.0,12.0,26.0,10.0,21.0,45.0,17.0,9.0,10.0,21.0,22.0,13.0,17.0,17.0,26.0,13.0,11.0,26.0,21.0,17.0,9.0,15.0,18.0,17.0,10.0,19.0,17.0,14.0,6.0,12.0
88ad368de5fffff,15.0,29.0,18.0,16.0,22.0,24.0,22.0,19.0,31.0,17.0,13.0,23.0,25.0,10.0,15.0,7.0,11.0,19.0,12.0,24.0,10.0,34.0,25.0,13.0,18.0,29.0,30.0,37.0,42.0,30.0,36.0,31.0,19.0,21.0,21.0,20.0,24.0,20.0,17.0,17.0,17.0,21.0,30.0,17.0,14.0,15.0,19.0,19.0,22.0,41.0,22.0,18.0,16.0
88ad368de7fffff,12.0,19.0,14.0,18.0,34.0,36.0,12.0,18.0,42.0,15.0,15.0,22.0,31.0,10.0,11.0,10.0,8.0,3.0,2.0,7.0,6.0,17.0,6.0,11.0,7.0,59.0,15.0,20.0,23.0,25.0,7.0,15.0,16.0,15.0,12.0,21.0,15.0,19.0,11.0,22.0,28.0,14.0,5.0,15.0,18.0,20.0,15.0,14.0,13.0,11.0,9.0,8.0,4.0
88ad368de9fffff,2.0,7.0,18.0,11.0,10.0,4.0,6.0,23.0,5.0,13.0,9.0,7.0,17.0,6.0,5.0,4.0,0.0,3.0,6.0,5.0,2.0,7.0,3.0,2.0,6.0,20.0,4.0,10.0,28.0,4.0,9.0,5.0,7.0,14.0,3.0,4.0,27.0,9.0,11.0,13.0,12.0,7.0,17.0,10.0,11.0,12.0,8.0,14.0,4.0,6.0,3.0,16.0,3.0
88ad368debfffff,7.0,4.0,5.0,5.0,14.0,8.0,9.0,12.0,8.0,11.0,7.0,6.0,8.0,10.0,2.0,6.0,4.0,2.0,5.0,2.0,2.0,10.0,9.0,7.0,7.0,5.0,8.0,5.0,15.0,8.0,6.0,13.0,8.0,5.0,3.0,6.0,5.0,8.0,11.0,6.0,11.0,5.0,15.0,7.0,4.0,4.0,5.0,8.0,19.0,10.0,4.0,4.0,2.0
88ad368dedfffff,9.0,13.0,38.0,44.0,62.0,39.0,67.0,45.0,72.0,28.0,32.0,28.0,17.0,4.0,12.0,10.0,5.0,7.0,2.0,9.0,7.0,10.0,6.0,8.0,1.0,7.0,15.0,14.0,15.0,14.0,32.0,48.0,34.0,32.0,36.0,32.0,42.0,35.0,20.0,38.0,42.0,29.0,42.0,50.0,54.0,52.0,50.0,43.0,39.0,20.0,2.0,20.0,21.0
88ad368e13fffff,3.0,10.0,15.0,4.0,7.0,13.0,6.0,3.0,12.0,6.0,4.0,7.0,0.0,2.0,4.0,1.0,7.0,1.0,15.0,3.0,3.0,0.0,8.0,15.0,5.0,5.0,4.0,8.0,8.0,12.0,8.0,7.0,3.0,6.0,5.0,4.0,4.0,10.0,3.0,9.0,3.0,6.0,6.0,1.0,14.0,3.0,3.0,7.0,7.0,10.0,10.0,7.0,9.0
88ad368e15fffff,0.0,0.0,0.0,0.0,0.0,0.0,0.0,1.0,0.0,1.0,0.0,0.0,0.0,0.0,0.0,0.0,0.0,0.0,0.0,0.0,0.0,0.0,0.0,0.0,0.0,0.0,0.0,0.0,0.0,0.0,0.0,0.0,0.0,0.0,0.0,0.0,0.0,0.0,1.0,0.0,0.0,0.0,0.0,0.0,0.0,0.0,2.0,0.0,0.0,0.0,0.0,0.0,0.0
88ad368e17fffff,2.0,9.0,7.0,2.0,8.0,6.0,3.0,13.0,3.0,8.0,9.0,2.0,4.0,0.0,5.0,0.0,1.0,0.0,1.0,4.0,1.0,4.0,3.0,5.0,6.0,4.0,5.0,7.0,2.0,5.0,6.0,9.0,9.0,3.0,2.0,3.0,4.0,8.0,1.0,0.0,3.0,7.0,4.0,5.0,4.0,4.0,2.0,4.0,2.0,6.0,7.0,6.0,3.0
88ad368e1bfffff,7.0,4.0,3.0,7.0,5.0,5.0,6.0,16.0,6.0,5.0,3.0,8.0,1.0,1.0,4.0,2.0,2.0,0.0,2.0,1.0,2.0,5.0,5.0,5.0,3.0,8.0,2.0,7.0,7.0,10.0,4.0,8.0,4.0,3.0,1.0,4.0,6.0,6.0,3.0,3.0,8.0,4.0,8.0,10.0,5.0,1.0,5.0,0.0,5.0,6.0,4.0,3.0,10.0
88ad368e31fffff,2.0,3.0,3.0,0.0,1.0,5.0,1.0,4.0,2.0,6.0,5.0,4.0,1.0,0.0,0.0,2.0,1.0,1.0,1.0,0.0,1.0,0.0,1.0,2.0,1.0,1.0,2.0,6.0,1.0,0.0,2.0,2.0,1.0,2.0,7.0,3.0,4.0,0.0,2.0,6.0,1.0,7.0,5.0,2.0,4.0,4.0,1.0,3.0,5.0,2.0,3.0,2.0,1.0
88ad368e33fffff,9.0,2.0,0.0,0.0,1.0,4.0,1.0,4.0,2.0,0.0,9.0,0.0,1.0,0.0,1.0,0.0,0.0,0.0,0.0,1.0,1.0,0.0,0.0,0.0,1.0,2.0,3.0,3.0,0.0,2.0,1.0,2.0,5.0,2.0,2.0,1.0,2.0,4.0,2.0,0.0,3.0,0.0,0.0,2.0,2.0,2.0,1.0,2.0,4.0,2.0,3.0,3.0,0.0
88ad368e35fffff,0.0,0.0,0.0,0.0,0.0,0.0,0.0,0.0,0.0,1.0,0.0,0.0,0.0,0.0,0.0,0.0,0.0,0.0,0.0,0.0,0.0,0.0,0.0,0.0,0.0,0.0,0.0,0.0,0.0,0.0,0.0,0.0,0.0,0.0,0.0,0.0,0.0,0.0,0.0,0.0,0.0,0.0,0.0,0.0,0.0,0.0,0.0,0.0,0.0,0.0,0.0,0.0,0.0
88ad368e37fffff,3.0,6.0,0.0,5.0,4.0,5.0,1.0,2.0,2.0,4.0,1.0,2.0,1.0,0.0,1.0,0.0,8.0,1.0,3.0,0.0,1.0,2.0,2.0,0.0,1.0,0.0,0.0,4.0,0.0,1.0,0.0,3.0,0.0,5.0,4.0,6.0,2.0,3.0,0.0,4.0,2.0,5.0,3.0,4.0,2.0,3.0,1.0,1.0,2.0,3.0,5.0,3.0,1.0
88ad368e3bfffff,1.0,10.0,5.0,3.0,6.0,8.0,16.0,7.0,4.0,5.0,5.0,8.0,5.0,1.0,2.0,1.0,1.0,1.0,2.0,1.0,1.0,1.0,8.0,11.0,0.0,1.0,4.0,8.0,5.0,3.0,9.0,7.0,6.0,12.0,3.0,4.0,7.0,2.0,2.0,2.0,14.0,9.0,18.0,6.0,3.0,3.0,3.0,0.0,7.0,4.0,4.0,1.0,3.0
88ad368e83fffff,0.0,0.0,0.0,0.0,0.0,1.0,0.0,1.0,0.0,0.0,0.0,0.0,0.0,0.0,0.0,0.0,1.0,0.0,0.0,0.0,0.0,0.0,0.0,0.0,1.0,0.0,0.0,0.0,0.0,0.0,0.0,0.0,0.0,0.0,0.0,0.0,0.0,0.0,0.0,0.0,2.0,0.0,0.0,0.0,0.0,0.0,0.0,2.0,0.0,0.0,0.0,0.0,0.0
88ad368e87fffff,0.0,0.0,0.0,0.0,0.0,0.0,0.0,0.0,0.0,0.0,0.0,0.0,0.0,0.0,0.0,0.0,0.0,0.0,0.0,0.0,0.0,0.0,0.0,0.0,0.0,0.0,0.0,0.0,0.0,0.0,0.0,0.0,0.0,0.0,1.0,0.0,0.0,0.0,0.0,0.0,0.0,0.0,0.0,0.0,0.0,0.0,0.0,0.0,0.0,0.0,0.0,1.0,0.0
88ad368e89fffff,0.0,0.0,1.0,0.0,1.0,0.0,0.0,0.0,0.0,2.0,0.0,0.0,1.0,0.0,0.0,0.0,0.0,0.0,0.0,0.0,0.0,0.0,0.0,0.0,1.0,0.0,0.0,1.0,0.0,0.0,0.0,0.0,0.0,0.0,0.0,0.0,0.0,0.0,0.0,0.0,0.0,0.0,0.0,0.0,1.0,0.0,0.0,0.0,0.0,0.0,0.0,0.0,0.0
88ad368e8bfffff,0.0,4.0,2.0,4.0,2.0,4.0,2.0,5.0,1.0,4.0,1.0,5.0,0.0,0.0,0.0,0.0,0.0,1.0,0.0,5.0,2.0,3.0,6.0,5.0,1.0,1.0,1.0,3.0,3.0,2.0,1.0,0.0,2.0,1.0,1.0,4.0,5.0,5.0,2.0,2.0,2.0,4.0,2.0,1.0,4.0,2.0,2.0,4.0,6.0,0.0,2.0,3.0,0.0
88ad368e91fffff,1.0,3.0,1.0,7.0,3.0,0.0,0.0,3.0,1.0,1.0,2.0,1.0,1.0,0.0,0.0,0.0,0.0,0.0,0.0,0.0,0.0,0.0,0.0,3.0,0.0,0.0,0.0,1.0,1.0,0.0,1.0,0.0,7.0,0.0,0.0,2.0,2.0,1.0,1.0,0.0,0.0,2.0,0.0,0.0,1.0,0.0,0.0,0.0,5.0,1.0,1.0,1.0,1.0
88ad368e93fffff,0.0,2.0,0.0,1.0,1.0,0.0,1.0,0.0,0.0,0.0,0.0,2.0,2.0,0.0,0.0,5.0,0.0,0.0,0.0,1.0,0.0,0.0,0.0,0.0,1.0,0.0,0.0,0.0,0.0,1.0,1.0,0.0,0.0,0.0,1.0,1.0,0.0,1.0,0.0,0.0,0.0,0.0,0.0,0.0,0.0,0.0,0.0,0.0,1.0,1.0,0.0,0.0,1.0
88ad368e95fffff,2.0,5.0,1.0,5.0,6.0,1.0,6.0,9.0,5.0,7.0,2.0,2.0,3.0,1.0,2.0,1.0,0.0,1.0,1.0,2.0,3.0,0.0,1.0,3.0,8.0,1.0,2.0,3.0,1.0,7.0,2.0,4.0,1.0,1.0,1.0,2.0,3.0,2.0,4.0,2.0,4.0,2.0,4.0,6.0,2.0,4.0,6.0,2.0,4.0,1.0,6.0,5.0,3.0
88ad368e97fffff,1.0,3.0,1.0,7.0,5.0,4.0,2.0,2.0,2.0,2.0,2.0,6.0,2.0,1.0,1.0,3.0,0.0,3.0,2.0,1.0,1.0,1.0,3.0,0.0,0.0,3.0,2.0,7.0,10.0,2.0,2.0,3.0,2.0,5.0,4.0,4.0,3.0,5.0,3.0,1.0,3.0,10.0,3.0,3.0,2.0,1.0,5.0,3.0,7.0,6.0,7.0,0.0,1.0
88ad368e99fffff,1.0,1.0,0.0,14.0,4.0,5.0,3.0,0.0,1.0,3.0,0.0,1.0,1.0,0.0,1.0,0.0,2.0,1.0,2.0,2.0,0.0,1.0,0.0,0.0,1.0,0.0,1.0,2.0,0.0,1.0,1.0,3.0,1.0,0.0,2.0,2.0,0.0,0.0,0.0,0.0,4.0,1.0,2.0,1.0,1.0,1.0,1.0,0.0,1.0,8.0,0.0,1.0,0.0
88ad368e9bfffff,1.0,0.0,0.0,2.0,0.0,0.0,0.0,0.0,0.0,0.0,0.0,1.0,0.0,0.0,0.0,0.0,0.0,0.0,0.0,0.0,0.0,0.0,0.0,0.0,0.0,0.0,0.0,0.0,1.0,1.0,0.0,0.0,0.0,0.0,0.0,0.0,0.0,0.0,0.0,0.0,0.0,0.0,0.0,0.0,2.0,0.0,0.0,0.0,0.0,0.0,1.0,0.0,0.0
88ad368e9dfffff,1.0,2.0,1.0,5.0,5.0,2.0,2.0,1.0,4.0,4.0,3.0,4.0,2.0,3.0,2.0,0.0,1.0,0.0,4.0,0.0,2.0,1.0,0.0,1.0,3.0,3.0,1.0,5.0,3.0,3.0,3.0,3.0,0.0,2.0,4.0,1.0,2.0,1.0,2.0,3.0,1.0,4.0,2.0,4.0,1.0,1.0,4.0,2.0,2.0,8.0,2.0,4.0,0.0
88ad368eb1fffff,0.0,0.0,0.0,0.0,0.0,0.0,0.0,0.0,0.0,0.0,0.0,0.0,0.0,0.0,0.0,0.0,0.0,0.0,0.0,0.0,0.0,0.0,0.0,0.0,0.0,0.0,0.0,0.0,0.0,0.0,0.0,0.0,0.0,0.0,0.0,0.0,0.0,0.0,0.0,0.0,0.0,0.0,0.0,1.0,0.0,0.0,0.0,0.0,0.0,1.0,0.0,0.0,0.0
88ad368eb3fffff,0.0,0.0,0.0,0.0,1.0,0.0,0.0,0.0,0.0,0.0,0.0,0.0,0.0,0.0,0.0,0.0,0.0,1.0,0.0,0.0,0.0,0.0,0.0,0.0,0.0,0.0,0.0,0.0,0.0,0.0,1.0,1.0,0.0,0.0,0.0,0.0,0.0,0.0,0.0,0.0,0.0,0.0,0.0,0.0,0.0,0.0,0.0,0.0,0.0,0.0,0.0,0.0,0.0
88ad368eb7fffff,0.0,0.0,0.0,0.0,0.0,0.0,0.0,0.0,0.0,0.0,0.0,0.0,0.0,0.0,0.0,0.0,0.0,0.0,0.0,0.0,0.0,0.0,0.0,0.0,0.0,0.0,0.0,0.0,0.0,0.0,0.0,0.0,0.0,0.0,0.0,0.0,0.0,0.0,0.0,0.0,0.0,0.0,0.0,0.0,0.0,0.0,1.0,0.0,0.0,0.0,0.0,0.0,0.0
88ad368eb9fffff,2.0,4.0,1.0,3.0,5.0,2.0,3.0,2.0,1.0,2.0,2.0,3.0,2.0,0.0,1.0,0.0,1.0,1.0,2.0,0.0,0.0,0.0,1.0,2.0,3.0,0.0,1.0,2.0,1.0,0.0,3.0,2.0,1.0,3.0,1.0,2.0,1.0,4.0,1.0,0.0,5.0,4.0,6.0,1.0,0.0,1.0,0.0,5.0,5.0,4.0,8.0,1.0,1.0
88ad368ebbfffff,2.0,4.0,6.0,12.0,11.0,4.0,2.0,10.0,5.0,6.0,4.0,2.0,5.0,1.0,1.0,0.0,6.0,1.0,4.0,4.0,1.0,1.0,0.0,4.0,10.0,3.0,4.0,4.0,10.0,3.0,4.0,4.0,2.0,3.0,1.0,2.0,7.0,1.0,5.0,14.0,16.0,8.0,9.0,9.0,6.0,9.0,8.0,4.0,8.0,4.0,0.0,4.0,2.0
88ad368ebdfffff,0.0,0.0,0.0,0.0,0.0,0.0,0.0,0.0,0.0,0.0,0.0,0.0,0.0,0.0,0.0,0.0,0.0,0.0,0.0,0.0,0.0,0.0,0.0,0.0,0.0,0.0,0.0,0.0,0.0,0.0,0.0,0.0,0.0,0.0,0.0,0.0,1.0,0.0,0.0,0.0,0.0,0.0,0.0,0.0,0.0,0.0,0.0,0.0,0.0,0.0,0.0,0.0,0.0
88ad368ec1fffff,5.0,11.0,18.0,19.0,19.0,18.0,38.0,18.0,21.0,16.0,16.0,15.0,11.0,5.0,7.0,3.0,5.0,6.0,13.0,5.0,9.0,10.0,5.0,17.0,16.0,11.0,17.0,14.0,25.0,18.0,8.0,22.0,7.0,26.0,14.0,13.0,16.0,9.0,16.0,15.0,12.0,24.0,8.0,14.0,12.0,22.0,8.0,9.0,22.0,13.0,16.0,22.0,19.0
88ad368ec3fffff,1.0,6.0,6.0,41.0,24.0,21.0,31.0,17.0,20.0,25.0,19.0,20.0,4.0,11.0,6.0,6.0,2.0,3.0,7.0,4.0,6.0,20.0,8.0,32.0,10.0,23.0,12.0,23.0,47.0,22.0,14.0,7.0,9.0,10.0,18.0,5.0,14.0,17.0,8.0,8.0,9.0,20.0,12.0,13.0,21.0,4.0,7.0,6.0,9.0,12.0,4.0,9.0,8.0
88ad368ec5fffff,18.0,7.0,10.0,6.0,35.0,16.0,13.0,9.0,30.0,47.0,11.0,19.0,8.0,2.0,2.0,7.0,9.0,5.0,14.0,4.0,11.0,13.0,8.0,13.0,14.0,15.0,7.0,11.0,35.0,4.0,13.0,12.0,12.0,11.0,8.0,12.0,10.0,17.0,12.0,15.0,28.0,9.0,18.0,16.0,17.0,9.0,11.0,14.0,10.0,27.0,16.0,11.0,6.0
88ad368ec7fffff,0.0,6.0,4.0,4.0,4.0,6.0,6.0,4.0,10.0,9.0,19.0,9.0,3.0,1.0,0.0,1.0,5.0,3.0,5.0,1.0,6.0,10.0,7.0,40.0,12.0,2.0,3.0,3.0,7.0,10.0,11.0,7.0,14.0,7.0,5.0,4.0,2.0,4.0,5.0,4.0,6.0,3.0,9.0,5.0,6.0,5.0,4.0,8.0,7.0,8.0,5.0,3.0,4.0
88ad368ec9fffff,1.0,0.0,1.0,1.0,2.0,6.0,3.0,3.0,1.0,0.0,1.0,5.0,3.0,1.0,1.0,0.0,1.0,2.0,0.0,0.0,6.0,1.0,0.0,10.0,5.0,6.0,1.0,2.0,4.0,1.0,0.0,1.0,2.0,1.0,2.0,0.0,0.0,0.0,0.0,1.0,2.0,2.0,1.0,1.0,1.0,2.0,5.0,3.0,3.0,0.0,2.0,0.0,3.0
88ad368ecbfffff,0.0,4.0,2.0,0.0,3.0,2.0,1.0,1.0,0.0,2.0,0.0,3.0,1.0,2.0,2.0,0.0,0.0,0.0,0.0,1.0,1.0,0.0,0.0,1.0,1.0,2.0,1.0,1.0,2.0,4.0,0.0,0.0,0.0,0.0,1.0,1.0,1.0,1.0,3.0,2.0,0.0,7.0,1.0,0.0,1.0,0.0,2.0,4.0,3.0,1.0,0.0,1.0,3.0
88ad368ecdfffff,11.0,29.0,12.0,26.0,20.0,27.0,37.0,40.0,62.0,36.0,41.0,25.0,12.0,5.0,12.0,5.0,7.0,4.0,15.0,9.0,9.0,12.0,6.0,41.0,16.0,25.0,19.0,21.0,45.0,23.0,10.0,28.0,17.0,24.0,24.0,26.0,19.0,11.0,14.0,11.0,16.0,19.0,14.0,20.0,12.0,17.0,11.0,19.0,28.0,16.0,15.0,24.0,5.0
88ad368ed1fffff,1.0,11.0,5.0,7.0,28.0,17.0,17.0,6.0,9.0,10.0,5.0,12.0,10.0,3.0,2.0,1.0,1.0,2.0,1.0,1.0,2.0,1.0,8.0,2.0,3.0,1.0,5.0,1.0,17.0,7.0,5.0,7.0,8.0,9.0,1.0,4.0,7.0,5.0,6.0,7.0,11.0,15.0,6.0,4.0,11.0,6.0,6.0,6.0,4.0,7.0,8.0,2.0,2.0
88ad368ed3fffff,4.0,21.0,16.0,15.0,21.0,13.0,10.0,9.0,18.0,15.0,11.0,23.0,10.0,11.0,10.0,3.0,3.0,4.0,6.0,3.0,4.0,6.0,6.0,12.0,21.0,8.0,10.0,9.0,15.0,7.0,9.0,9.0,7.0,15.0,15.0,12.0,29.0,18.0,6.0,8.0,19.0,14.0,9.0,9.0,23.0,14.0,11.0,13.0,13.0,11.0,19.0,9.0,4.0
88ad368ed5fffff,8.0,3.0,10.0,8.0,21.0,20.0,9.0,14.0,6.0,10.0,5.0,18.0,6.0,7.0,1.0,0.0,5.0,6.0,7.0,2.0,3.0,8.0,11.0,13.0,10.0,5.0,4.0,6.0,15.0,4.0,5.0,8.0,5.0,3.0,7.0,30.0,6.0,8.0,2.0,4.0,9.0,10.0,7.0,9.0,12.0,4.0,3.0,8.0,7.0,7.0,5.0,5.0,5.0
88ad368ed7fffff,1.0,11.0,10.0,8.0,16.0,10.0,13.0,8.0,6.0,3.0,8.0,10.0,4.0,2.0,4.0,2.0,0.0,1.0,3.0,2.0,5.0,8.0,4.0,10.0,6.0,7.0,8.0,12.0,17.0,9.0,5.0,11.0,10.0,9.0,3.0,5.0,7.0,12.0,3.0,5.0,11.0,12.0,1.0,6.0,3.0,6.0,3.0,9.0,4.0,6.0,5.0,7.0,2.0
88ad368ed9fffff,0.0,1.0,1.0,2.0,0.0,4.0,3.0,1.0,1.0,0.0,0.0,1.0,0.0,0.0,1.0,1.0,3.0,0.0,1.0,1.0,1.0,1.0,0.0,0.0,2.0,1.0,3.0,1.0,3.0,1.0,2.0,2.0,0.0,4.0,4.0,2.0,3.0,3.0,0.0,1.0,0.0,3.0,2.0,6.0,3.0,1.0,3.0,0.0,1.0,0.0,6.0,0.0,0.0
88ad368edbfffff,2.0,19.0,7.0,19.0,22.0,10.0,15.0,12.0,5.0,5.0,9.0,15.0,13.0,1.0,6.0,3.0,2.0,4.0,8.0,2.0,2.0,3.0,2.0,4.0,11.0,9.0,11.0,8.0,20.0,5.0,18.0,15.0,16.0,7.0,6.0,7.0,15.0,15.0,6.0,8.0,9.0,1.0,15.0,11.0,12.0,11.0,14.0,1.0,11.0,9.0,11.0,6.0,3.0
88ad368eddfffff,0.0,0.0,2.0,1.0,1.0,1.0,1.0,1.0,2.0,0.0,0.0,3.0,0.0,2.0,1.0,0.0,0.0,0.0,1.0,0.0,1.0,2.0,1.0,0.0,0.0,1.0,1.0,1.0,0.0,0.0,0.0,0.0,0.0,1.0,0.0,0.0,1.0,1.0,5.0,4.0,0.0,0.0,1.0,0.0,1.0,2.0,2.0,1.0,2.0,0.0,0.0,0.0,1.0
88ad368ee1fffff,0.0,0.0,0.0,0.0,0.0,0.0,0.0,0.0,0.0,0.0,0.0,0.0,0.0,0.0,0.0,1.0,0.0,0.0,0.0,0.0,0.0,0.0,0.0,0.0,0.0,0.0,0.0,0.0,0.0,0.0,0.0,0.0,0.0,0.0,0.0,0.0,0.0,1.0,0.0,0.0,0.0,0.0,0.0,0.0,0.0,0.0,0.0,0.0,0.0,0.0,0.0,0.0,0.0
88ad368ee3fffff,0.0,0.0,0.0,0.0,0.0,0.0,0.0,0.0,0.0,0.0,0.0,0.0,0.0,0.0,0.0,0.0,0.0,0.0,0.0,1.0,0.0,0.0,0.0,0.0,0.0,0.0,0.0,0.0,0.0,0.0,0.0,0.0,0.0,0.0,0.0,0.0,0.0,0.0,0.0,0.0,0.0,0.0,0.0,0.0,0.0,0.0,0.0,0.0,0.0,0.0,0.0,0.0,0.0
88ad368ee9fffff,7.0,6.0,2.0,7.0,2.0,3.0,9.0,3.0,3.0,7.0,5.0,9.0,4.0,4.0,5.0,4.0,2.0,3.0,3.0,0.0,4.0,3.0,2.0,2.0,8.0,5.0,4.0,9.0,6.0,4.0,4.0,2.0,3.0,4.0,3.0,1.0,4.0,3.0,21.0,8.0,6.0,8.0,6.0,4.0,10.0,5.0,3.0,3.0,6.0,4.0,7.0,5.0,1.0
88ad368eebfffff,0.0,0.0,0.0,1.0,0.0,0.0,1.0,1.0,1.0,0.0,1.0,0.0,0.0,0.0,0.0,0.0,0.0,1.0,0.0,0.0,0.0,0.0,0.0,0.0,0.0,1.0,3.0,1.0,1.0,2.0,3.0,0.0,0.0,2.0,1.0,1.0,0.0,0.0,2.0,1.0,0.0,0.0,0.0,0.0,0.0,0.0,2.0,0.0,0.0,0.0,0.0,0.0,0.0
88ad368f23fffff,0.0,1.0,0.0,0.0,0.0,0.0,0.0,0.0,0.0,0.0,0.0,0.0,0.0,0.0,0.0,0.0,0.0,0.0,0.0,0.0,0.0,0.0,0.0,0.0,0.0,0.0,0.0,0.0,0.0,0.0,0.0,0.0,0.0,0.0,0.0,0.0,0.0,0.0,0.0,0.0,0.0,0.0,0.0,0.0,0.0,0.0,0.0,0.0,0.0,0.0,0.0,0.0,0.0
88ad368f27fffff,1.0,4.0,3.0,4.0,2.0,0.0,2.0,9.0,8.0,2.0,5.0,5.0,2.0,0.0,1.0,0.0,0.0,0.0,1.0,0.0,1.0,0.0,2.0,0.0,4.0,1.0,0.0,2.0,2.0,0.0,0.0,3.0,2.0,0.0,0.0,4.0,0.0,1.0,1.0,2.0,3.0,0.0,3.0,2.0,2.0,4.0,0.0,0.0,4.0,6.0,1.0,1.0,2.0
88ad368f3bfffff,0.0,0.0,0.0,0.0,0.0,0.0,0.0,0.0,0.0,0.0,0.0,0.0,0.0,0.0,0.0,0.0,0.0,0.0,0.0,0.0,0.0,0.0,0.0,0.0,0.0,0.0,0.0,1.0,0.0,0.0,0.0,0.0,0.0,0.0,0.0,0.0,0.0,0.0,0.0,0.0,0.0,0.0,0.0,0.0,0.0,0.0,0.0,0.0,0.0,0.0,0.0,0.0,0.0
88ad369421fffff,0.0,0.0,0.0,0.0,0.0,0.0,0.0,0.0,0.0,0.0,0.0,0.0,0.0,0.0,0.0,0.0,0.0,0.0,0.0,0.0,0.0,0.0,0.0,0.0,0.0,0.0,0.0,0.0,0.0,0.0,0.0,0.0,0.0,1.0,0.0,0.0,0.0,0.0,0.0,0.0,0.0,0.0,0.0,0.0,0.0,0.0,0.0,0.0,0.0,0.0,0.0,0.0,0.0
88ad369423fffff,0.0,0.0,0.0,0.0,0.0,0.0,0.0,1.0,0.0,0.0,0.0,0.0,0.0,0.0,0.0,0.0,0.0,0.0,0.0,0.0,0.0,0.0,0.0,0.0,0.0,0.0,1.0,0.0,0.0,0.0,0.0,0.0,0.0,0.0,0.0,0.0,0.0,0.0,0.0,0.0,0.0,0.0,0.0,0.0,0.0,0.0,0.0,0.0,0.0,0.0,0.0,0.0,0.0
88ad369427fffff,0.0,0.0,0.0,0.0,0.0,0.0,0.0,0.0,0.0,0.0,0.0,0.0,0.0,0.0,0.0,0.0,0.0,0.0,0.0,0.0,0.0,0.0,1.0,0.0,0.0,1.0,0.0,1.0,0.0,0.0,0.0,0.0,0.0,0.0,0.0,0.0,0.0,0.0,0.0,0.0,0.0,0.0,0.0,0.0,0.0,0.0,0.0,0.0,0.0,0.0,0.0,0.0,0.0
88ad36942dfffff,0.0,0.0,1.0,0.0,0.0,0.0,0.0,0.0,0.0,0.0,0.0,0.0,0.0,0.0,0.0,0.0,0.0,0.0,0.0,0.0,0.0,0.0,0.0,0.0,0.0,0.0,0.0,0.0,0.0,0.0,0.0,0.0,0.0,0.0,0.0,0.0,0.0,0.0,0.0,0.0,0.0,0.0,0.0,0.0,0.0,0.0,0.0,0.0,0.0,0.0,0.0,0.0,0.0
88ad369431fffff,0.0,0.0,0.0,0.0,0.0,0.0,0.0,0.0,0.0,0.0,0.0,0.0,0.0,0.0,0.0,0.0,0.0,0.0,0.0,0.0,0.0,0.0,0.0,0.0,0.0,1.0,0.0,0.0,0.0,0.0,0.0,0.0,0.0,0.0,0.0,0.0,0.0,0.0,0.0,0.0,0.0,0.0,0.0,0.0,0.0,0.0,0.0,0.0,0.0,0.0,0.0,0.0,0.0
88ad369435fffff,0.0,0.0,0.0,0.0,0.0,0.0,0.0,0.0,0.0,0.0,0.0,0.0,0.0,0.0,1.0,0.0,0.0,1.0,0.0,0.0,0.0,0.0,0.0,0.0,0.0,0.0,0.0,0.0,1.0,0.0,0.0,0.0,0.0,0.0,0.0,0.0,0.0,0.0,0.0,0.0,0.0,0.0,0.0,0.0,0.0,0.0,0.0,0.0,0.0,0.0,1.0,0.0,0.0
88ad369437fffff,0.0,0.0,0.0,0.0,0.0,0.0,0.0,0.0,0.0,0.0,0.0,0.0,0.0,0.0,0.0,0.0,0.0,0.0,0.0,0.0,0.0,1.0,1.0,0.0,1.0,0.0,0.0,0.0,0.0,0.0,0.0,0.0,0.0,0.0,0.0,0.0,0.0,0.0,0.0,1.0,0.0,0.0,0.0,0.0,0.0,0.0,0.0,0.0,0.0,0.0,0.0,0.0,0.0
88ad369439fffff,0.0,0.0,0.0,0.0,0.0,0.0,0.0,0.0,0.0,0.0,0.0,0.0,0.0,0.0,0.0,0.0,0.0,0.0,0.0,0.0,1.0,0.0,0.0,0.0,0.0,0.0,0.0,0.0,0.0,0.0,0.0,0.0,0.0,0.0,0.0,0.0,0.0,0.0,0.0,0.0,0.0,0.0,0.0,0.0,0.0,0.0,0.0,0.0,0.0,0.0,0.0,0.0,0.0
88ad36943dfffff,0.0,0.0,0.0,0.0,0.0,0.0,0.0,0.0,0.0,0.0,0.0,0.0,0.0,0.0,0.0,0.0,0.0,0.0,0.0,0.0,0.0,0.0,0.0,0.0,1.0,0.0,0.0,0.0,0.0,0.0,0.0,0.0,0.0,0.0,0.0,0.0,0.0,0.0,0.0,0.0,0.0,0.0,0.0,0.0,0.0,0.0,0.0,0.0,0.0,0.0,0.0,0.0,0.0
88ad3694e5fffff,0.0,0.0,0.0,0.0,0.0,0.0,0.0,0.0,0.0,0.0,0.0,0.0,0.0,0.0,0.0,0.0,0.0,0.0,0.0,0.0,0.0,0.0,0.0,0.0,0.0,0.0,0.0,1.0,0.0,0.0,0.0,0.0,0.0,0.0,0.0,0.0,0.0,0.0,0.0,0.0,0.0,0.0,0.0,0.0,0.0,0.0,0.0,0.0,0.0,0.0,0.0,0.0,0.0
88ad369513fffff,0.0,0.0,0.0,0.0,0.0,0.0,0.0,0.0,0.0,0.0,0.0,0.0,0.0,0.0,0.0,0.0,0.0,0.0,0.0,0.0,0.0,0.0,0.0,0.0,0.0,0.0,0.0,0.0,1.0,0.0,0.0,0.0,0.0,0.0,0.0,0.0,0.0,0.0,0.0,0.0,0.0,0.0,0.0,0.0,0.0,0.0,0.0,0.0,0.0,0.0,0.0,0.0,0.0
88ad369517fffff,0.0,0.0,0.0,1.0,0.0,0.0,0.0,0.0,0.0,0.0,0.0,0.0,0.0,0.0,0.0,0.0,0.0,0.0,0.0,0.0,0.0,0.0,0.0,0.0,0.0,0.0,0.0,0.0,0.0,0.0,0.0,0.0,0.0,0.0,0.0,0.0,0.0,0.0,0.0,0.0,0.0,0.0,0.0,0.0,0.0,0.0,0.0,0.0,0.0,0.0,0.0,0.0,0.0
88ad369581fffff,0.0,0.0,0.0,0.0,0.0,1.0,0.0,0.0,0.0,0.0,0.0,0.0,0.0,0.0,1.0,0.0,0.0,0.0,0.0,1.0,1.0,0.0,1.0,1.0,2.0,1.0,1.0,1.0,1.0,0.0,0.0,0.0,0.0,0.0,0.0,0.0,0.0,0.0,0.0,0.0,0.0,0.0,0.0,0.0,0.0,0.0,0.0,0.0,0.0,0.0,1.0,0.0,0.0
88ad369583fffff,0.0,0.0,0.0,0.0,0.0,0.0,0.0,0.0,0.0,0.0,0.0,0.0,0.0,0.0,0.0,0.0,0.0,0.0,0.0,0.0,1.0,0.0,2.0,1.0,0.0,1.0,3.0,3.0,1.0,1.0,0.0,0.0,0.0,0.0,0.0,0.0,0.0,0.0,0.0,0.0,0.0,0.0,0.0,0.0,0.0,0.0,0.0,0.0,0.0,0.0,0.0,0.0,0.0
88ad369585fffff,1.0,0.0,0.0,0.0,0.0,0.0,0.0,0.0,0.0,0.0,0.0,0.0,0.0,0.0,0.0,0.0,1.0,0.0,1.0,0.0,0.0,1.0,1.0,1.0,1.0,2.0,0.0,0.0,2.0,0.0,0.0,1.0,0.0,0.0,0.0,0.0,0.0,0.0,0.0,1.0,0.0,0.0,0.0,0.0,0.0,0.0,0.0,0.0,0.0,0.0,1.0,0.0,0.0
88ad369587fffff,2.0,0.0,0.0,0.0,0.0,0.0,0.0,0.0,2.0,0.0,0.0,0.0,0.0,0.0,0.0,0.0,0.0,1.0,1.0,0.0,0.0,0.0,0.0,2.0,2.0,0.0,2.0,1.0,2.0,0.0,0.0,0.0,0.0,0.0,0.0,0.0,0.0,0.0,0.0,0.0,0.0,0.0,0.0,0.0,1.0,0.0,0.0,0.0,0.0,0.0,0.0,0.0,0.0
88ad369589fffff,0.0,0.0,0.0,0.0,0.0,0.0,0.0,0.0,0.0,0.0,0.0,0.0,0.0,0.0,0.0,0.0,0.0,0.0,0.0,1.0,1.0,0.0,1.0,0.0,2.0,0.0,2.0,1.0,3.0,0.0,0.0,0.0,1.0,0.0,0.0,0.0,0.0,0.0,0.0,1.0,0.0,0.0,0.0,0.0,0.0,0.0,0.0,0.0,0.0,1.0,1.0,0.0,0.0
88ad36958bfffff,0.0,0.0,0.0,0.0,0.0,0.0,1.0,1.0,0.0,0.0,0.0,0.0,0.0,0.0,1.0,2.0,0.0,0.0,1.0,0.0,1.0,0.0,2.0,0.0,3.0,1.0,1.0,0.0,0.0,1.0,0.0,0.0,0.0,0.0,0.0,0.0,0.0,0.0,0.0,0.0,0.0,0.0,0.0,0.0,0.0,0.0,2.0,0.0,0.0,0.0,2.0,0.0,0.0
88ad36958dfffff,0.0,0.0,0.0,0.0,0.0,0.0,0.0,0.0,0.0,0.0,0.0,0.0,0.0,0.0,1.0,0.0,0.0,0.0,1.0,1.0,2.0,0.0,0.0,4.0,1.0,0.0,1.0,0.0,0.0,0.0,0.0,1.0,0.0,0.0,0.0,0.0,0.0,0.0,0.0,0.0,0.0,0.0,0.0,0.0,0.0,0.0,0.0,0.0,0.0,0.0,1.0,0.0,0.0
88ad369591fffff,0.0,0.0,0.0,0.0,0.0,0.0,0.0,0.0,0.0,0.0,0.0,0.0,0.0,0.0,0.0,1.0,0.0,0.0,0.0,1.0,0.0,0.0,0.0,0.0,0.0,0.0,1.0,0.0,0.0,0.0,0.0,0.0,0.0,0.0,0.0,0.0,0.0,0.0,0.0,0.0,0.0,0.0,0.0,0.0,0.0,0.0,0.0,0.0,0.0,0.0,0.0,0.0,0.0
88ad369593fffff,0.0,0.0,0.0,0.0,0.0,0.0,0.0,0.0,0.0,0.0,0.0,0.0,0.0,0.0,0.0,0.0,0.0,0.0,0.0,0.0,0.0,0.0,0.0,0.0,0.0,0.0,1.0,0.0,0.0,0.0,0.0,0.0,0.0,0.0,0.0,0.0,0.0,0.0,0.0,0.0,0.0,0.0,0.0,0.0,0.0,0.0,0.0,0.0,0.0,0.0,0.0,0.0,0.0
88ad369595fffff,0.0,0.0,0.0,0.0,0.0,0.0,0.0,0.0,1.0,0.0,0.0,0.0,0.0,0.0,0.0,1.0,0.0,1.0,0.0,0.0,0.0,0.0,0.0,0.0,1.0,1.0,1.0,0.0,2.0,0.0,0.0,0.0,0.0,0.0,0.0,0.0,0.0,1.0,0.0,0.0,0.0,0.0,0.0,0.0,0.0,1.0,0.0,0.0,0.0,0.0,0.0,0.0,0.0
88ad369597fffff,0.0,0.0,0.0,0.0,0.0,0.0,0.0,0.0,0.0,0.0,0.0,0.0,0.0,0.0,0.0,0.0,0.0,0.0,0.0,0.0,0.0,0.0,1.0,0.0,0.0,0.0,0.0,0.0,0.0,0.0,0.0,0.0,0.0,0.0,0.0,0.0,0.0,0.0,0.0,0.0,0.0,0.0,0.0,0.0,0.0,0.0,0.0,0.0,0.0,0.0,0.0,0.0,0.0
88ad369599fffff,0.0,0.0,0.0,0.0,0.0,0.0,0.0,0.0,0.0,0.0,0.0,0.0,0.0,0.0,0.0,0.0,0.0,0.0,0.0,0.0,0.0,0.0,0.0,1.0,0.0,0.0,0.0,0.0,0.0,0.0,0.0,0.0,0.0,0.0,0.0,0.0,0.0,0.0,0.0,0.0,0.0,0.0,0.0,0.0,0.0,0.0,0.0,0.0,0.0,0.0,1.0,0.0,0.0
88ad36959bfffff,0.0,0.0,0.0,0.0,0.0,0.0,0.0,0.0,0.0,0.0,0.0,0.0,0.0,0.0,1.0,0.0,0.0,0.0,0.0,0.0,0.0,0.0,0.0,0.0,0.0,0.0,0.0,0.0,0.0,0.0,0.0,0.0,0.0,0.0,0.0,0.0,0.0,0.0,0.0,0.0,0.0,0.0,0.0,0.0,0.0,0.0,0.0,0.0,0.0,0.0,0.0,0.0,0.0
88ad36959dfffff,0.0,0.0,0.0,0.0,0.0,0.0,0.0,0.0,0.0,0.0,0.0,0.0,0.0,0.0,0.0,0.0,0.0,0.0,0.0,0.0,0.0,0.0,0.0,0.0,0.0,0.0,1.0,1.0,0.0,0.0,0.0,0.0,0.0,0.0,0.0,0.0,1.0,0.0,0.0,0.0,0.0,0.0,0.0,0.0,0.0,0.0,0.0,0.0,0.0,0.0,1.0,0.0,0.0
88ad3695a1fffff,0.0,0.0,0.0,0.0,0.0,0.0,0.0,0.0,0.0,0.0,0.0,0.0,0.0,0.0,0.0,0.0,1.0,0.0,0.0,0.0,0.0,0.0,1.0,0.0,0.0,0.0,0.0,0.0,0.0,0.0,0.0,1.0,0.0,0.0,0.0,0.0,0.0,0.0,0.0,0.0,0.0,0.0,0.0,0.0,0.0,0.0,0.0,0.0,0.0,0.0,0.0,0.0,0.0
88ad3695a3fffff,0.0,0.0,0.0,0.0,0.0,0.0,0.0,0.0,0.0,0.0,0.0,0.0,0.0,0.0,0.0,0.0,0.0,0.0,0.0,0.0,0.0,0.0,1.0,0.0,0.0,0.0,1.0,0.0,2.0,1.0,0.0,0.0,0.0,1.0,0.0,0.0,0.0,0.0,0.0,1.0,0.0,0.0,0.0,0.0,0.0,0.0,0.0,0.0,0.0,0.0,0.0,0.0,0.0
88ad3695a5fffff,0.0,0.0,0.0,0.0,0.0,0.0,0.0,0.0,0.0,0.0,0.0,0.0,0.0,0.0,0.0,0.0,0.0,0.0,0.0,1.0,0.0,0.0,0.0,0.0,0.0,1.0,0.0,0.0,0.0,0.0,0.0,0.0,0.0,0.0,0.0,0.0,0.0,0.0,0.0,0.0,0.0,0.0,0.0,0.0,0.0,0.0,0.0,0.0,0.0,0.0,0.0,0.0,0.0
88ad3695a7fffff,0.0,0.0,0.0,0.0,0.0,0.0,0.0,0.0,0.0,0.0,0.0,0.0,0.0,0.0,0.0,0.0,0.0,0.0,0.0,0.0,0.0,0.0,0.0,0.0,0.0,0.0,0.0,0.0,0.0,0.0,0.0,0.0,0.0,0.0,0.0,0.0,0.0,0.0,0.0,0.0,0.0,0.0,1.0,0.0,0.0,0.0,0.0,0.0,0.0,0.0,0.0,0.0,0.0
88ad3695a9fffff,0.0,0.0,0.0,0.0,0.0,0.0,0.0,0.0,0.0,0.0,0.0,0.0,0.0,0.0,0.0,0.0,0.0,0.0,0.0,0.0,0.0,0.0,0.0,2.0,0.0,1.0,0.0,1.0,3.0,0.0,0.0,0.0,0.0,1.0,0.0,0.0,0.0,0.0,0.0,0.0,1.0,0.0,0.0,0.0,0.0,0.0,0.0,0.0,0.0,0.0,0.0,0.0,0.0
88ad3695abfffff,0.0,0.0,0.0,0.0,0.0,1.0,1.0,0.0,0.0,0.0,0.0,0.0,0.0,0.0,0.0,1.0,1.0,0.0,0.0,0.0,0.0,1.0,1.0,1.0,0.0,0.0,0.0,2.0,1.0,1.0,0.0,0.0,0.0,0.0,0.0,0.0,0.0,0.0,0.0,0.0,0.0,0.0,0.0,0.0,0.0,0.0,0.0,0.0,0.0,0.0,0.0,0.0,0.0
88ad3695adfffff,0.0,0.0,0.0,0.0,0.0,0.0,0.0,0.0,0.0,0.0,0.0,0.0,0.0,0.0,0.0,0.0,0.0,0.0,0.0,0.0,0.0,0.0,0.0,0.0,1.0,0.0,0.0,0.0,0.0,0.0,0.0,0.0,0.0,0.0,0.0,0.0,0.0,0.0,0.0,0.0,0.0,0.0,0.0,0.0,0.0,0.0,0.0,0.0,0.0,0.0,0.0,0.0,0.0
88ad3695b1fffff,0.0,0.0,0.0,0.0,0.0,0.0,0.0,0.0,0.0,0.0,0.0,0.0,0.0,0.0,0.0,0.0,0.0,0.0,0.0,0.0,0.0,0.0,0.0,1.0,0.0,0.0,2.0,0.0,2.0,0.0,0.0,0.0,0.0,0.0,0.0,0.0,0.0,0.0,0.0,1.0,0.0,0.0,0.0,0.0,0.0,0.0,0.0,0.0,0.0,0.0,1.0,0.0,0.0
88ad3695b3fffff,0.0,0.0,0.0,0.0,0.0,0.0,0.0,0.0,0.0,0.0,0.0,0.0,0.0,0.0,0.0,1.0,0.0,0.0,0.0,0.0,0.0,0.0,1.0,1.0,0.0,0.0,0.0,0.0,0.0,0.0,0.0,0.0,0.0,0.0,0.0,0.0,0.0,0.0,0.0,0.0,0.0,0.0,0.0,0.0,0.0,0.0,0.0,0.0,0.0,0.0,0.0,0.0,0.0
88ad3695b5fffff,0.0,0.0,0.0,0.0,0.0,0.0,0.0,0.0,0.0,0.0,0.0,0.0,0.0,0.0,0.0,0.0,0.0,0.0,0.0,1.0,0.0,0.0,0.0,2.0,0.0,0.0,0.0,0.0,1.0,0.0,0.0,0.0,0.0,0.0,0.0,0.0,0.0,1.0,0.0,0.0,0.0,0.0,0.0,0.0,0.0,0.0,0.0,0.0,0.0,0.0,0.0,0.0,0.0
88ad3695b7fffff,1.0,0.0,0.0,0.0,0.0,0.0,0.0,0.0,0.0,0.0,0.0,0.0,0.0,0.0,1.0,0.0,0.0,0.0,0.0,0.0,0.0,0.0,1.0,0.0,0.0,0.0,1.0,0.0,1.0,0.0,0.0,0.0,0.0,0.0,0.0,0.0,0.0,0.0,0.0,0.0,0.0,0.0,0.0,0.0,0.0,0.0,0.0,0.0,0.0,0.0,0.0,0.0,0.0
88ad3695b9fffff,0.0,0.0,0.0,0.0,0.0,0.0,0.0,0.0,0.0,0.0,0.0,0.0,0.0,0.0,0.0,1.0,0.0,0.0,0.0,0.0,0.0,0.0,1.0,0.0,0.0,1.0,1.0,0.0,1.0,0.0,0.0,0.0,0.0,2.0,0.0,0.0,0.0,0.0,0.0,0.0,0.0,0.0,0.0,0.0,0.0,0.0,0.0,0.0,0.0,0.0,1.0,0.0,0.0
88ad3695bbfffff,1.0,0.0,0.0,0.0,0.0,1.0,0.0,0.0,0.0,0.0,0.0,0.0,0.0,0.0,0.0,0.0,0.0,0.0,1.0,0.0,0.0,0.0,0.0,1.0,0.0,0.0,2.0,0.0,2.0,1.0,1.0,0.0,0.0,0.0,0.0,0.0,0.0,0.0,0.0,0.0,0.0,0.0,0.0,0.0,0.0,0.0,0.0,0.0,0.0,0.0,0.0,0.0,0.0
88ad3695bdfffff,0.0,0.0,0.0,0.0,0.0,0.0,0.0,0.0,0.0,0.0,0.0,1.0,0.0,1.0,0.0,1.0,0.0,0.0,0.0,0.0,0.0,0.0,0.0,1.0,0.0,1.0,1.0,0.0,0.0,1.0,1.0,0.0,0.0,0.0,0.0,0.0,0.0,0.0,0.0,0.0,0.0,0.0,0.0,0.0,1.0,0.0,0.0,0.0,0.0,0.0,0.0,0.0,0.0
88ad3695c1fffff,0.0,0.0,0.0,0.0,0.0,0.0,0.0,0.0,0.0,1.0,0.0,0.0,0.0,0.0,1.0,0.0,0.0,0.0,0.0,0.0,1.0,0.0,1.0,1.0,0.0,1.0,1.0,3.0,1.0,2.0,0.0,0.0,1.0,0.0,0.0,0.0,1.0,0.0,0.0,0.0,0.0,1.0,0.0,0.0,1.0,0.0,0.0,0.0,0.0,0.0,0.0,0.0,0.0
88ad3695c3fffff,0.0,0.0,0.0,0.0,0.0,0.0,0.0,0.0,0.0,0.0,0.0,0.0,0.0,0.0,0.0,1.0,1.0,0.0,2.0,1.0,1.0,0.0,3.0,2.0,2.0,1.0,3.0,2.0,1.0,0.0,0.0,0.0,0.0,0.0,1.0,0.0,0.0,0.0,0.0,0.0,0.0,0.0,0.0,0.0,0.0,1.0,0.0,0.0,0.0,0.0,1.0,0.0,0.0
88ad3695c5fffff,0.0,0.0,0.0,0.0,0.0,0.0,0.0,0.0,0.0,0.0,1.0,0.0,0.0,0.0,0.0,1.0,0.0,0.0,0.0,0.0,2.0,1.0,1.0,2.0,0.0,0.0,1.0,0.0,1.0,0.0,0.0,1.0,0.0,0.0,2.0,0.0,0.0,1.0,0.0,0.0,0.0,1.0,1.0,0.0,0.0,0.0,0.0,0.0,0.0,0.0,0.0,0.0,0.0
88ad3695c7fffff,0.0,0.0,0.0,0.0,0.0,0.0,0.0,0.0,0.0,0.0,0.0,0.0,0.0,0.0,1.0,0.0,1.0,0.0,0.0,0.0,0.0,0.0,1.0,1.0,0.0,1.0,0.0,0.0,2.0,0.0,0.0,0.0,0.0,0.0,0.0,0.0,0.0,0.0,0.0,0.0,0.0,0.0,0.0,0.0,0.0,0.0,1.0,0.0,0.0,0.0,2.0,0.0,0.0
88ad3695c9fffff,1.0,0.0,0.0,0.0,0.0,1.0,0.0,0.0,0.0,0.0,0.0,0.0,0.0,0.0,0.0,1.0,1.0,0.0,0.0,1.0,0.0,0.0,3.0,1.0,0.0,0.0,1.0,1.0,0.0,0.0,0.0,0.0,0.0,0.0,0.0,0.0,0.0,0.0,0.0,0.0,0.0,0.0,0.0,0.0,0.0,0.0,0.0,0.0,0.0,0.0,0.0,0.0,0.0
88ad3695cbfffff,0.0,0.0,0.0,0.0,0.0,0.0,1.0,1.0,1.0,0.0,0.0,0.0,0.0,1.0,0.0,0.0,1.0,2.0,0.0,0.0,0.0,1.0,0.0,0.0,1.0,0.0,2.0,1.0,1.0,0.0,0.0,0.0,0.0,0.0,0.0,0.0,0.0,0.0,0.0,1.0,1.0,0.0,0.0,1.0,0.0,0.0,0.0,0.0,0.0,0.0,0.0,0.0,0.0
88ad3695cdfffff,0.0,0.0,0.0,0.0,0.0,0.0,0.0,1.0,0.0,0.0,0.0,0.0,0.0,0.0,0.0,0.0,0.0,0.0,0.0,0.0,1.0,0.0,0.0,0.0,0.0,0.0,0.0,0.0,2.0,0.0,0.0,1.0,0.0,0.0,0.0,0.0,0.0,0.0,0.0,0.0,0.0,0.0,0.0,0.0,1.0,0.0,0.0,0.0,0.0,0.0,0.0,0.0,0.0
88ad3695d1fffff,0.0,0.0,0.0,0.0,0.0,0.0,0.0,1.0,0.0,0.0,0.0,0.0,0.0,0.0,0.0,0.0,0.0,0.0,0.0,0.0,0.0,0.0,1.0,2.0,0.0,0.0,0.0,1.0,0.0,0.0,0.0,0.0,0.0,0.0,0.0,0.0,0.0,0.0,0.0,0.0,0.0,0.0,0.0,0.0,0.0,0.0,0.0,0.0,0.0,0.0,0.0,0.0,0.0
88ad3695d5fffff,0.0,0.0,0.0,0.0,0.0,0.0,0.0,1.0,0.0,0.0,0.0,0.0,0.0,1.0,0.0,0.0,0.0,0.0,1.0,0.0,0.0,0.0,0.0,1.0,1.0,3.0,1.0,2.0,1.0,0.0,0.0,0.0,0.0,1.0,2.0,0.0,0.0,0.0,0.0,0.0,0.0,0.0,0.0,0.0,0.0,0.0,1.0,0.0,0.0,0.0,0.0,0.0,0.0
88ad3695d7fffff,0.0,0.0,0.0,0.0,0.0,0.0,0.0,0.0,0.0,0.0,0.0,0.0,0.0,0.0,0.0,0.0,1.0,0.0,0.0,0.0,1.0,0.0,0.0,0.0,0.0,0.0,0.0,1.0,0.0,1.0,0.0,0.0,0.0,0.0,0.0,0.0,1.0,0.0,0.0,1.0,0.0,0.0,0.0,0.0,0.0,0.0,0.0,0.0,0.0,0.0,2.0,0.0,0.0
88ad3695ddfffff,0.0,0.0,0.0,0.0,0.0,0.0,0.0,0.0,0.0,0.0,0.0,0.0,0.0,0.0,0.0,1.0,1.0,1.0,0.0,0.0,1.0,0.0,0.0,0.0,0.0,0.0,0.0,0.0,0.0,0.0,0.0,0.0,0.0,0.0,0.0,0.0,0.0,1.0,0.0,0.0,0.0,0.0,0.0,0.0,0.0,0.0,1.0,0.0,0.0,1.0,2.0,0.0,0.0
88ad3695e1fffff,0.0,0.0,0.0,0.0,0.0,0.0,0.0,0.0,0.0,0.0,0.0,0.0,0.0,0.0,0.0,0.0,0.0,1.0,0.0,0.0,0.0,0.0,0.0,0.0,0.0,0.0,0.0,0.0,1.0,0.0,0.0,0.0,0.0,0.0,0.0,0.0,0.0,0.0,0.0,0.0,0.0,0.0,0.0,0.0,0.0,0.0,0.0,0.0,0.0,1.0,0.0,0.0,0.0
88ad3695e3fffff,0.0,0.0,0.0,0.0,0.0,0.0,0.0,0.0,0.0,0.0,0.0,0.0,0.0,2.0,0.0,0.0,0.0,0.0,0.0,1.0,1.0,0.0,2.0,0.0,0.0,0.0,2.0,0.0,1.0,0.0,0.0,0.0,0.0,0.0,1.0,0.0,0.0,0.0,0.0,0.0,0.0,0.0,0.0,0.0,1.0,0.0,0.0,0.0,0.0,0.0,0.0,0.0,0.0
88ad3695e7fffff,0.0,0.0,0.0,0.0,0.0,0.0,0.0,0.0,0.0,0.0,0.0,0.0,0.0,0.0,0.0,1.0,0.0,0.0,0.0,0.0,0.0,0.0,0.0,0.0,0.0,0.0,0.0,0.0,0.0,0.0,0.0,0.0,0.0,0.0,0.0,0.0,0.0,0.0,0.0,0.0,0.0,0.0,0.0,0.0,0.0,0.0,0.0,0.0,0.0,0.0,0.0,0.0,0.0
88ad3695e9fffff,0.0,0.0,0.0,0.0,0.0,0.0,0.0,0.0,0.0,0.0,0.0,0.0,0.0,0.0,0.0,0.0,0.0,0.0,0.0,0.0,0.0,0.0,0.0,0.0,0.0,1.0,0.0,0.0,0.0,0.0,0.0,0.0,0.0,0.0,0.0,0.0,1.0,0.0,0.0,0.0,0.0,0.0,0.0,0.0,0.0,0.0,0.0,0.0,0.0,0.0,0.0,0.0,0.0
88ad3695ebfffff,0.0,0.0,0.0,0.0,0.0,1.0,1.0,0.0,0.0,0.0,0.0,0.0,0.0,0.0,1.0,0.0,0.0,0.0,0.0,3.0,0.0,0.0,3.0,0.0,0.0,1.0,0.0,0.0,1.0,1.0,0.0,0.0,0.0,0.0,0.0,1.0,0.0,0.0,0.0,0.0,0.0,0.0,0.0,0.0,1.0,0.0,0.0,0.0,0.0,0.0,0.0,0.0,0.0
88ad36973bfffff,0.0,0.0,0.0,2.0,0.0,0.0,0.0,0.0,0.0,0.0,0.0,0.0,0.0,0.0,0.0,0.0,0.0,0.0,0.0,0.0,0.0,0.0,0.0,0.0,0.0,0.0,0.0,0.0,0.0,0.0,0.0,0.0,0.0,0.0,1.0,0.0,0.0,0.0,0.0,0.0,0.0,0.0,0.0,0.0,0.0,0.0,0.0,0.0,0.0,0.0,1.0,0.0,0.0
88ad36b901fffff,1.0,4.0,3.0,2.0,2.0,3.0,3.0,2.0,1.0,1.0,2.0,1.0,0.0,2.0,0.0,3.0,1.0,2.0,0.0,0.0,3.0,2.0,3.0,5.0,5.0,2.0,2.0,7.0,4.0,7.0,5.0,5.0,6.0,5.0,2.0,6.0,7.0,3.0,10.0,6.0,10.0,8.0,7.0,6.0,7.0,9.0,1.0,6.0,7.0,9.0,6.0,4.0,4.0
88ad36b903fffff,0.0,0.0,0.0,0.0,1.0,3.0,0.0,0.0,0.0,0.0,0.0,0.0,0.0,0.0,0.0,0.0,0.0,0.0,0.0,0.0,0.0,0.0,0.0,1.0,0.0,0.0,1.0,0.0,0.0,0.0,0.0,1.0,1.0,0.0,0.0,0.0,0.0,0.0,0.0,0.0,1.0,0.0,2.0,0.0,1.0,0.0,0.0,1.0,0.0,0.0,0.0,0.0,0.0
88ad36b905fffff,2.0,5.0,7.0,4.0,3.0,13.0,8.0,7.0,8.0,4.0,7.0,3.0,10.0,0.0,2.0,3.0,0.0,3.0,1.0,3.0,5.0,5.0,2.0,3.0,2.0,13.0,8.0,5.0,11.0,12.0,9.0,5.0,5.0,5.0,4.0,7.0,4.0,22.0,12.0,13.0,4.0,4.0,3.0,12.0,8.0,9.0,9.0,6.0,9.0,22.0,5.0,8.0,3.0
88ad36b907fffff,1.0,1.0,1.0,0.0,0.0,0.0,0.0,1.0,0.0,0.0,1.0,1.0,1.0,0.0,0.0,0.0,0.0,0.0,0.0,0.0,0.0,0.0,2.0,0.0,1.0,0.0,0.0,0.0,0.0,2.0,1.0,1.0,2.0,1.0,1.0,1.0,0.0,4.0,0.0,2.0,2.0,0.0,0.0,0.0,0.0,2.0,1.0,0.0,2.0,1.0,1.0,0.0,2.0
88ad36b909fffff,0.0,1.0,7.0,3.0,7.0,6.0,10.0,4.0,3.0,4.0,0.0,7.0,4.0,0.0,1.0,2.0,2.0,3.0,4.0,3.0,4.0,4.0,3.0,0.0,3.0,1.0,2.0,3.0,2.0,5.0,4.0,2.0,5.0,6.0,3.0,2.0,3.0,4.0,0.0,6.0,5.0,3.0,12.0,6.0,7.0,4.0,3.0,3.0,3.0,7.0,3.0,5.0,5.0
88ad36b90bfffff,1.0,1.0,2.0,5.0,6.0,4.0,8.0,2.0,1.0,5.0,9.0,6.0,1.0,5.0,3.0,3.0,2.0,1.0,4.0,1.0,2.0,3.0,3.0,6.0,3.0,5.0,4.0,0.0,6.0,10.0,3.0,6.0,6.0,6.0,6.0,4.0,14.0,5.0,5.0,5.0,8.0,8.0,15.0,4.0,0.0,1.0,0.0,3.0,1.0,5.0,3.0,4.0,6.0
88ad36b90dfffff,2.0,18.0,21.0,13.0,9.0,22.0,9.0,8.0,10.0,8.0,15.0,7.0,8.0,5.0,1.0,3.0,1.0,4.0,5.0,1.0,7.0,6.0,6.0,6.0,3.0,10.0,8.0,5.0,7.0,5.0,4.0,4.0,7.0,10.0,2.0,6.0,12.0,13.0,3.0,8.0,5.0,9.0,23.0,14.0,8.0,8.0,5.0,14.0,11.0,10.0,6.0,3.0,3.0
88ad36b915fffff,0.0,1.0,0.0,0.0,0.0,0.0,0.0,0.0,0.0,0.0,1.0,0.0,0.0,0.0,0.0,0.0,0.0,0.0,0.0,0.0,0.0,0.0,0.0,0.0,0.0,0.0,0.0,0.0,0.0,0.0,0.0,0.0,0.0,0.0,0.0,0.0,0.0,0.0,0.0,0.0,0.0,0.0,0.0,0.0,0.0,0.0,0.0,0.0,0.0,0.0,0.0,0.0,0.0
88ad36b91dfffff,0.0,0.0,0.0,0.0,0.0,0.0,0.0,0.0,0.0,0.0,1.0,0.0,0.0,0.0,0.0,0.0,0.0,0.0,0.0,0.0,0.0,0.0,0.0,0.0,0.0,0.0,0.0,0.0,0.0,0.0,1.0,0.0,1.0,1.0,0.0,1.0,0.0,0.0,0.0,0.0,1.0,0.0,0.0,0.0,0.0,0.0,0.0,0.0,0.0,0.0,0.0,0.0,0.0
88ad36b921fffff,2.0,3.0,5.0,5.0,3.0,2.0,5.0,9.0,3.0,6.0,4.0,8.0,5.0,3.0,1.0,2.0,2.0,1.0,5.0,2.0,4.0,2.0,3.0,2.0,7.0,5.0,1.0,1.0,1.0,10.0,5.0,2.0,0.0,3.0,4.0,6.0,5.0,3.0,1.0,4.0,0.0,8.0,5.0,11.0,21.0,2.0,2.0,2.0,6.0,7.0,5.0,6.0,1.0
88ad36b923fffff,3.0,3.0,8.0,7.0,6.0,2.0,3.0,8.0,1.0,4.0,4.0,1.0,9.0,0.0,0.0,3.0,4.0,0.0,2.0,1.0,0.0,0.0,4.0,2.0,5.0,2.0,0.0,0.0,1.0,11.0,4.0,3.0,3.0,1.0,0.0,3.0,0.0,4.0,1.0,1.0,5.0,4.0,3.0,3.0,2.0,5.0,3.0,5.0,5.0,4.0,4.0,5.0,0.0
88ad36b925fffff,1.0,2.0,2.0,6.0,3.0,6.0,3.0,1.0,2.0,0.0,4.0,1.0,4.0,0.0,0.0,4.0,1.0,0.0,1.0,1.0,2.0,0.0,1.0,1.0,2.0,0.0,2.0,1.0,1.0,3.0,2.0,2.0,1.0,1.0,9.0,13.0,1.0,2.0,1.0,2.0,22.0,2.0,5.0,1.0,4.0,4.0,8.0,6.0,3.0,6.0,1.0,25.0,0.0
88ad36b927fffff,2.0,5.0,2.0,2.0,1.0,1.0,1.0,1.0,4.0,2.0,1.0,9.0,4.0,0.0,0.0,3.0,0.0,1.0,2.0,2.0,2.0,1.0,2.0,0.0,2.0,1.0,2.0,0.0,4.0,2.0,1.0,0.0,1.0,1.0,0.0,0.0,1.0,0.0,1.0,1.0,5.0,1.0,0.0,3.0,3.0,6.0,2.0,1.0,4.0,2.0,0.0,9.0,4.0
88ad36b929fffff,9.0,4.0,7.0,8.0,10.0,9.0,13.0,8.0,2.0,7.0,4.0,11.0,8.0,2.0,2.0,7.0,4.0,4.0,5.0,0.0,1.0,0.0,8.0,4.0,1.0,9.0,6.0,7.0,6.0,16.0,4.0,6.0,6.0,2.0,2.0,9.0,8.0,8.0,14.0,3.0,9.0,3.0,7.0,9.0,26.0,11.0,8.0,6.0,25.0,12.0,4.0,5.0,1.0
88ad36b92bfffff,0.0,1.0,3.0,4.0,1.0,1.0,0.0,0.0,1.0,0.0,0.0,1.0,2.0,0.0,0.0,0.0,1.0,0.0,0.0,0.0,1.0,0.0,0.0,0.0,0.0,1.0,0.0,0.0,0.0,1.0,0.0,0.0,0.0,0.0,0.0,0.0,1.0,1.0,1.0,2.0,0.0,0.0,1.0,0.0,0.0,0.0,1.0,1.0,2.0,0.0,0.0,0.0,0.0
88ad36b92dfffff,2.0,5.0,7.0,8.0,2.0,10.0,9.0,3.0,3.0,15.0,11.0,6.0,11.0,3.0,4.0,6.0,0.0,3.0,2.0,0.0,6.0,3.0,1.0,3.0,2.0,1.0,2.0,2.0,6.0,1.0,5.0,5.0,1.0,0.0,5.0,4.0,7.0,4.0,2.0,2.0,4.0,10.0,8.0,4.0,4.0,5.0,4.0,13.0,5.0,3.0,9.0,5.0,1.0
88ad36b935fffff,2.0,3.0,3.0,2.0,5.0,2.0,2.0,3.0,3.0,0.0,2.0,6.0,4.0,0.0,0.0,0.0,1.0,0.0,0.0,1.0,0.0,0.0,0.0,0.0,0.0,0.0,0.0,0.0,0.0,3.0,0.0,2.0,1.0,1.0,1.0,4.0,3.0,0.0,0.0,2.0,1.0,2.0,1.0,2.0,4.0,3.0,0.0,1.0,3.0,2.0,4.0,1.0,4.0
88ad36b939fffff,0.0,0.0,0.0,0.0,0.0,0.0,0.0,0.0,0.0,0.0,0.0,0.0,0.0,0.0,0.0,0.0,1.0,0.0,0.0,0.0,0.0,0.0,0.0,0.0,0.0,0.0,0.0,0.0,0.0,0.0,0.0,0.0,0.0,0.0,0.0,0.0,0.0,0.0,0.0,0.0,0.0,0.0,0.0,0.0,0.0,0.0,0.0,0.0,0.0,0.0,0.0,0.0,0.0
88ad36b93dfffff,0.0,0.0,1.0,0.0,0.0,0.0,0.0,0.0,0.0,0.0,0.0,2.0,0.0,0.0,0.0,1.0,0.0,0.0,0.0,0.0,0.0,0.0,0.0,0.0,0.0,0.0,0.0,2.0,0.0,0.0,0.0,0.0,0.0,0.0,0.0,0.0,0.0,0.0,0.0,2.0,0.0,0.0,0.0,0.0,0.0,2.0,0.0,0.0,0.0,0.0,0.0,0.0,0.0
88ad36b941fffff,3.0,4.0,3.0,3.0,7.0,7.0,7.0,2.0,7.0,4.0,7.0,2.0,1.0,1.0,3.0,3.0,7.0,6.0,7.0,3.0,2.0,4.0,6.0,3.0,2.0,7.0,5.0,2.0,7.0,5.0,5.0,0.0,1.0,5.0,2.0,7.0,5.0,9.0,4.0,9.0,4.0,8.0,6.0,9.0,5.0,5.0,0.0,4.0,2.0,3.0,2.0,0.0,0.0
88ad36b943fffff,2.0,7.0,3.0,3.0,3.0,3.0,5.0,5.0,3.0,10.0,4.0,1.0,3.0,5.0,1.0,1.0,4.0,4.0,1.0,3.0,1.0,4.0,2.0,2.0,6.0,1.0,0.0,3.0,3.0,2.0,1.0,4.0,2.0,1.0,2.0,2.0,0.0,4.0,2.0,0.0,5.0,1.0,3.0,1.0,1.0,2.0,3.0,5.0,0.0,3.0,1.0,1.0,1.0
88ad36b945fffff,1.0,1.0,0.0,2.0,0.0,0.0,0.0,3.0,0.0,2.0,0.0,0.0,0.0,0.0,0.0,0.0,0.0,0.0,0.0,2.0,0.0,0.0,0.0,0.0,0.0,0.0,0.0,0.0,0.0,1.0,1.0,0.0,0.0,0.0,0.0,0.0,0.0,0.0,1.0,0.0,0.0,0.0,0.0,0.0,0.0,1.0,0.0,0.0,1.0,0.0,1.0,0.0,0.0
88ad36b947fffff,12.0,5.0,13.0,14.0,7.0,14.0,10.0,18.0,4.0,13.0,7.0,6.0,6.0,8.0,2.0,4.0,3.0,8.0,7.0,5.0,3.0,6.0,5.0,11.0,6.0,7.0,10.0,10.0,6.0,16.0,6.0,15.0,8.0,12.0,5.0,3.0,9.0,15.0,20.0,12.0,16.0,10.0,12.0,11.0,14.0,11.0,7.0,10.0,16.0,11.0,8.0,10.0,8.0
88ad36b949fffff,0.0,1.0,0.0,0.0,2.0,0.0,3.0,0.0,0.0,0.0,5.0,1.0,1.0,1.0,0.0,0.0,0.0,1.0,1.0,1.0,0.0,0.0,0.0,1.0,0.0,2.0,2.0,0.0,2.0,1.0,1.0,0.0,1.0,0.0,1.0,3.0,0.0,3.0,1.0,3.0,1.0,1.0,1.0,0.0,1.0,2.0,0.0,2.0,2.0,2.0,2.0,0.0,2.0
88ad36b94bfffff,2.0,5.0,12.0,13.0,12.0,7.0,7.0,13.0,8.0,6.0,2.0,9.0,9.0,7.0,4.0,4.0,3.0,7.0,5.0,10.0,4.0,9.0,3.0,7.0,8.0,5.0,6.0,4.0,10.0,16.0,11.0,4.0,9.0,8.0,5.0,10.0,7.0,12.0,4.0,2.0,16.0,14.0,5.0,9.0,14.0,11.0,3.0,12.0,8.0,19.0,17.0,4.0,5.0
88ad36b955fffff,0.0,1.0,1.0,1.0,2.0,2.0,1.0,3.0,0.0,1.0,4.0,2.0,0.0,0.0,2.0,0.0,1.0,1.0,1.0,0.0,1.0,1.0,1.0,0.0,2.0,1.0,1.0,0.0,0.0,1.0,0.0,0.0,1.0,0.0,1.0,0.0,0.0,0.0,0.0,0.0,2.0,2.0,4.0,1.0,2.0,0.0,0.0,0.0,0.0,0.0,2.0,1.0,0.0
88ad36b957fffff,0.0,0.0,0.0,1.0,0.0,0.0,0.0,0.0,0.0,0.0,1.0,1.0,1.0,0.0,0.0,1.0,0.0,0.0,0.0,0.0,0.0,0.0,0.0,0.0,0.0,0.0,0.0,1.0,0.0,0.0,0.0,0.0,0.0,0.0,0.0,0.0,1.0,1.0,0.0,0.0,0.0,2.0,0.0,0.0,0.0,0.0,0.0,0.0,0.0,0.0,0.0,0.0,0.0
88ad36b95dfffff,0.0,0.0,1.0,1.0,0.0,2.0,0.0,0.0,1.0,0.0,0.0,0.0,0.0,0.0,0.0,0.0,0.0,0.0,0.0,0.0,0.0,0.0,0.0,1.0,0.0,0.0,0.0,0.0,0.0,0.0,0.0,0.0,0.0,0.0,0.0,0.0,0.0,0.0,0.0,0.0,1.0,1.0,0.0,0.0,0.0,0.0,0.0,0.0,0.0,0.0,0.0,0.0,0.0
88ad36b961fffff,0.0,4.0,14.0,15.0,11.0,8.0,7.0,21.0,10.0,7.0,9.0,7.0,2.0,4.0,1.0,2.0,1.0,4.0,4.0,2.0,2.0,2.0,4.0,2.0,2.0,1.0,2.0,13.0,5.0,5.0,3.0,2.0,3.0,8.0,6.0,5.0,6.0,7.0,1.0,10.0,16.0,9.0,13.0,9.0,8.0,10.0,8.0,15.0,15.0,12.0,16.0,8.0,7.0
88ad36b963fffff,2.0,5.0,8.0,15.0,11.0,17.0,15.0,7.0,12.0,11.0,8.0,9.0,8.0,3.0,1.0,8.0,4.0,5.0,3.0,4.0,5.0,3.0,12.0,5.0,6.0,3.0,14.0,21.0,7.0,4.0,13.0,9.0,11.0,13.0,18.0,10.0,5.0,8.0,9.0,11.0,10.0,12.0,5.0,12.0,9.0,7.0,5.0,9.0,11.0,5.0,4.0,10.0,3.0
88ad36b965fffff,0.0,0.0,1.0,2.0,2.0,1.0,0.0,1.0,0.0,1.0,0.0,0.0,1.0,0.0,0.0,0.0,0.0,0.0,0.0,1.0,0.0,0.0,0.0,0.0,0.0,0.0,0.0,0.0,0.0,0.0,0.0,0.0,0.0,1.0,0.0,0.0,0.0,0.0,0.0,0.0,0.0,0.0,0.0,1.0,0.0,1.0,0.0,0.0,1.0,1.0,0.0,1.0,0.0
88ad36b967fffff,5.0,10.0,19.0,25.0,18.0,14.0,20.0,20.0,154.0,29.0,35.0,36.0,39.0,13.0,32.0,14.0,24.0,20.0,25.0,23.0,19.0,14.0,18.0,27.0,19.0,29.0,24.0,27.0,42.0,16.0,34.0,12.0,22.0,32.0,21.0,29.0,25.0,16.0,21.0,64.0,43.0,14.0,27.0,16.0,18.0,14.0,24.0,18.0,7.0,18.0,27.0,18.0,46.0
88ad36b969fffff,4.0,15.0,8.0,6.0,2.0,1.0,13.0,6.0,6.0,13.0,9.0,8.0,12.0,1.0,2.0,2.0,2.0,2.0,1.0,3.0,2.0,1.0,12.0,8.0,7.0,5.0,2.0,10.0,10.0,12.0,4.0,6.0,3.0,5.0,13.0,15.0,11.0,7.0,6.0,10.0,17.0,17.0,15.0,10.0,9.0,12.0,7.0,6.0,7.0,5.0,17.0,13.0,8.0
88ad36b96bfffff,4.0,8.0,14.0,24.0,7.0,14.0,16.0,16.0,14.0,14.0,17.0,11.0,12.0,9.0,3.0,10.0,7.0,7.0,6.0,8.0,2.0,8.0,7.0,5.0,8.0,11.0,15.0,18.0,10.0,16.0,8.0,5.0,17.0,12.0,9.0,10.0,10.0,3.0,3.0,21.0,8.0,13.0,13.0,8.0,21.0,18.0,10.0,8.0,7.0,14.0,15.0,9.0,6.0
88ad36b96dfffff,1.0,0.0,0.0,0.0,1.0,2.0,1.0,0.0,1.0,1.0,1.0,2.0,3.0,1.0,0.0,0.0,0.0,2.0,0.0,0.0,1.0,0.0,0.0,2.0,2.0,0.0,0.0,1.0,0.0,0.0,1.0,0.0,0.0,3.0,2.0,1.0,8.0,0.0,0.0,3.0,13.0,4.0,2.0,2.0,1.0,2.0,1.0,0.0,2.0,5.0,3.0,5.0,1.0
88ad36bb25fffff,0.0,0.0,0.0,0.0,0.0,0.0,0.0,0.0,0.0,0.0,0.0,0.0,0.0,0.0,0.0,0.0,0.0,0.0,0.0,0.0,0.0,0.0,0.0,0.0,0.0,0.0,0.0,0.0,0.0,0.0,0.0,0.0,0.0,0.0,0.0,0.0,0.0,0.0,0.0,0.0,0.0,0.0,0.0,0.0,1.0,0.0,0.0,0.0,0.0,0.0,0.0,0.0,0.0
88ad36bb45fffff,1.0,4.0,2.0,21.0,9.0,1.0,4.0,8.0,6.0,0.0,2.0,2.0,3.0,4.0,4.0,2.0,3.0,1.0,2.0,2.0,3.0,2.0,2.0,6.0,3.0,1.0,3.0,4.0,18.0,5.0,3.0,3.0,3.0,5.0,1.0,4.0,5.0,4.0,5.0,3.0,10.0,6.0,2.0,7.0,3.0,1.0,3.0,2.0,5.0,1.0,2.0,0.0,1.0
88ad36bb47fffff,0.0,0.0,0.0,0.0,0.0,0.0,0.0,0.0,0.0,0.0,0.0,0.0,0.0,0.0,0.0,0.0,0.0,0.0,0.0,0.0,0.0,0.0,0.0,0.0,0.0,0.0,0.0,0.0,0.0,0.0,0.0,0.0,0.0,0.0,0.0,0.0,0.0,0.0,0.0,0.0,0.0,1.0,0.0,0.0,0.0,0.0,0.0,0.0,0.0,0.0,0.0,0.0,0.0
88ad36bb61fffff,0.0,0.0,0.0,0.0,2.0,0.0,0.0,0.0,0.0,1.0,0.0,0.0,0.0,0.0,0.0,0.0,0.0,0.0,0.0,1.0,0.0,1.0,0.0,0.0,1.0,0.0,0.0,0.0,0.0,0.0,0.0,1.0,0.0,1.0,0.0,0.0,0.0,0.0,0.0,2.0,0.0,0.0,0.0,1.0,1.0,0.0,2.0,0.0,1.0,0.0,0.0,0.0,0.0
88ad36bb65fffff,0.0,0.0,0.0,0.0,2.0,0.0,0.0,1.0,2.0,0.0,1.0,0.0,0.0,0.0,0.0,0.0,0.0,0.0,0.0,0.0,1.0,1.0,0.0,0.0,3.0,0.0,1.0,0.0,1.0,1.0,0.0,0.0,0.0,0.0,0.0,0.0,0.0,1.0,4.0,0.0,1.0,0.0,3.0,0.0,0.0,0.0,2.0,1.0,1.0,0.0,0.0,0.0,0.0
88ad36bb69fffff,4.0,4.0,6.0,25.0,15.0,7.0,6.0,7.0,9.0,5.0,4.0,6.0,15.0,3.0,6.0,4.0,4.0,5.0,6.0,10.0,5.0,4.0,4.0,11.0,13.0,12.0,3.0,7.0,17.0,7.0,9.0,3.0,6.0,6.0,8.0,5.0,6.0,10.0,5.0,7.0,4.0,10.0,3.0,11.0,8.0,4.0,7.0,6.0,12.0,11.0,6.0,8.0,8.0
88ad36bb6bfffff,1.0,2.0,2.0,9.0,3.0,0.0,1.0,0.0,1.0,1.0,5.0,2.0,3.0,3.0,1.0,1.0,1.0,0.0,1.0,1.0,1.0,1.0,1.0,3.0,3.0,0.0,2.0,1.0,0.0,3.0,0.0,2.0,1.0,1.0,5.0,2.0,5.0,2.0,0.0,3.0,3.0,6.0,1.0,5.0,2.0,3.0,3.0,3.0,0.0,5.0,2.0,1.0,1.0
88ad36bb6dfffff,0.0,2.0,1.0,1.0,6.0,0.0,0.0,1.0,0.0,2.0,0.0,1.0,2.0,3.0,0.0,0.0,0.0,1.0,2.0,2.0,0.0,1.0,0.0,3.0,5.0,1.0,0.0,3.0,2.0,0.0,1.0,1.0,2.0,1.0,1.0,1.0,5.0,0.0,1.0,2.0,1.0,1.0,2.0,4.0,4.0,2.0,0.0,0.0,3.0,2.0,3.0,0.0,1.0
88ad36c241fffff,0.0,0.0,0.0,0.0,0.0,0.0,0.0,0.0,1.0,0.0,0.0,0.0,0.0,0.0,0.0,0.0,0.0,0.0,0.0,0.0,0.0,0.0,0.0,0.0,0.0,0.0,0.0,0.0,0.0,0.0,0.0,0.0,0.0,0.0,0.0,0.0,0.0,0.0,0.0,0.0,0.0,0.0,0.0,0.0,0.0,0.0,0.0,0.0,0.0,0.0,0.0,0.0,0.0
88ad36c257fffff,0.0,0.0,0.0,0.0,0.0,0.0,0.0,0.0,0.0,0.0,0.0,0.0,0.0,0.0,0.0,0.0,0.0,0.0,0.0,0.0,0.0,0.0,0.0,0.0,0.0,0.0,0.0,0.0,0.0,0.0,0.0,0.0,0.0,0.0,0.0,1.0,0.0,0.0,0.0,0.0,0.0,0.0,0.0,0.0,0.0,0.0,0.0,0.0,0.0,0.0,0.0,0.0,0.0
88ad36c259fffff,0.0,0.0,0.0,0.0,1.0,0.0,0.0,0.0,0.0,0.0,0.0,0.0,0.0,0.0,0.0,0.0,0.0,0.0,0.0,0.0,0.0,0.0,0.0,0.0,0.0,0.0,0.0,0.0,0.0,0.0,0.0,0.0,0.0,0.0,0.0,0.0,0.0,0.0,0.0,1.0,0.0,0.0,0.0,0.0,0.0,2.0,0.0,0.0,0.0,0.0,0.0,0.0,0.0
88ad36c25bfffff,0.0,0.0,0.0,0.0,0.0,0.0,0.0,0.0,0.0,0.0,0.0,0.0,0.0,0.0,0.0,0.0,0.0,0.0,0.0,0.0,0.0,0.0,0.0,0.0,0.0,0.0,0.0,0.0,0.0,0.0,0.0,0.0,0.0,0.0,0.0,0.0,0.0,0.0,0.0,0.0,0.0,0.0,0.0,0.0,0.0,0.0,0.0,0.0,1.0,0.0,0.0,0.0,0.0
88ad36c289fffff,0.0,1.0,3.0,1.0,3.0,3.0,3.0,3.0,2.0,2.0,1.0,0.0,0.0,1.0,0.0,0.0,0.0,0.0,0.0,0.0,2.0,0.0,1.0,0.0,0.0,0.0,1.0,0.0,0.0,0.0,0.0,0.0,0.0,0.0,2.0,1.0,0.0,1.0,0.0,1.0,1.0,3.0,7.0,1.0,7.0,0.0,1.0,3.0,0.0,3.0,2.0,1.0,0.0
88ad36c291fffff,0.0,0.0,0.0,0.0,0.0,0.0,0.0,0.0,0.0,0.0,0.0,0.0,1.0,0.0,0.0,0.0,0.0,0.0,0.0,0.0,0.0,0.0,0.0,0.0,0.0,0.0,0.0,0.0,0.0,0.0,0.0,0.0,0.0,0.0,0.0,0.0,0.0,0.0,0.0,0.0,0.0,0.0,0.0,0.0,0.0,0.0,0.0,0.0,0.0,0.0,0.0,0.0,0.0
88ad36c299fffff,0.0,1.0,1.0,2.0,0.0,0.0,2.0,2.0,2.0,5.0,0.0,0.0,1.0,0.0,0.0,1.0,0.0,1.0,3.0,0.0,1.0,0.0,0.0,0.0,0.0,0.0,0.0,2.0,2.0,2.0,0.0,0.0,1.0,2.0,0.0,0.0,0.0,1.0,2.0,3.0,1.0,3.0,4.0,3.0,0.0,3.0,3.0,2.0,2.0,1.0,1.0,0.0,2.0
88ad36c29bfffff,0.0,0.0,0.0,0.0,0.0,0.0,3.0,1.0,0.0,1.0,1.0,0.0,0.0,0.0,0.0,0.0,0.0,0.0,0.0,0.0,0.0,0.0,1.0,0.0,0.0,0.0,0.0,0.0,2.0,0.0,1.0,0.0,0.0,1.0,1.0,3.0,2.0,1.0,0.0,0.0,2.0,1.0,1.0,0.0,0.0,0.0,1.0,0.0,1.0,0.0,0.0,0.0,0.0
88ad36c2c3fffff,0.0,1.0,5.0,1.0,0.0,2.0,3.0,0.0,1.0,1.0,1.0,0.0,1.0,0.0,0.0,0.0,0.0,0.0,1.0,0.0,0.0,0.0,0.0,0.0,0.0,0.0,0.0,2.0,0.0,0.0,0.0,2.0,0.0,2.0,3.0,1.0,2.0,1.0,3.0,0.0,0.0,0.0,1.0,1.0,5.0,2.0,0.0,0.0,0.0,0.0,2.0,3.0,1.0
88ad36c2c9fffff,0.0,0.0,0.0,1.0,0.0,0.0,0.0,0.0,1.0,0.0,0.0,0.0,0.0,0.0,0.0,0.0,0.0,0.0,0.0,0.0,0.0,0.0,0.0,1.0,0.0,0.0,0.0,0.0,0.0,0.0,0.0,0.0,1.0,1.0,0.0,0.0,0.0,0.0,0.0,0.0,0.0,1.0,0.0,0.0,0.0,1.0,0.0,0.0,0.0,0.0,0.0,0.0,0.0
88ad36c2cbfffff,1.0,1.0,1.0,0.0,1.0,0.0,2.0,1.0,3.0,4.0,0.0,0.0,0.0,0.0,2.0,0.0,0.0,0.0,0.0,0.0,0.0,0.0,2.0,1.0,2.0,3.0,4.0,1.0,2.0,2.0,1.0,2.0,1.0,1.0,1.0,2.0,0.0,0.0,0.0,3.0,2.0,1.0,0.0,0.0,5.0,2.0,3.0,5.0,3.0,0.0,2.0,1.0,0.0
88ad36c2d1fffff,0.0,1.0,3.0,3.0,11.0,12.0,7.0,3.0,7.0,4.0,3.0,1.0,2.0,2.0,2.0,2.0,1.0,1.0,0.0,0.0,5.0,4.0,1.0,2.0,2.0,3.0,3.0,7.0,5.0,4.0,2.0,8.0,3.0,3.0,2.0,8.0,9.0,8.0,2.0,1.0,2.0,4.0,3.0,9.0,5.0,2.0,3.0,3.0,2.0,4.0,0.0,1.0,1.0
88ad36c2d3fffff,8.0,13.0,10.0,17.0,17.0,11.0,19.0,3.0,11.0,7.0,8.0,8.0,7.0,6.0,6.0,11.0,6.0,4.0,1.0,7.0,12.0,7.0,10.0,11.0,16.0,14.0,13.0,4.0,11.0,10.0,15.0,14.0,26.0,10.0,14.0,27.0,12.0,13.0,6.0,8.0,20.0,23.0,13.0,20.0,14.0,15.0,19.0,12.0,8.0,16.0,9.0,12.0,10.0
88ad36c2d5fffff,0.0,0.0,0.0,0.0,1.0,0.0,2.0,0.0,2.0,0.0,2.0,0.0,0.0,0.0,0.0,0.0,0.0,1.0,0.0,2.0,0.0,0.0,0.0,1.0,1.0,1.0,0.0,0.0,0.0,0.0,0.0,0.0,0.0,0.0,0.0,0.0,0.0,0.0,0.0,0.0,0.0,0.0,0.0,0.0,0.0,0.0,0.0,0.0,0.0,0.0,0.0,0.0,0.0
88ad36c2d7fffff,0.0,1.0,1.0,0.0,2.0,1.0,2.0,1.0,0.0,0.0,1.0,0.0,1.0,0.0,3.0,1.0,0.0,0.0,1.0,3.0,0.0,1.0,1.0,0.0,1.0,2.0,2.0,0.0,0.0,1.0,0.0,1.0,0.0,2.0,0.0,0.0,2.0,0.0,0.0,2.0,2.0,1.0,0.0,2.0,1.0,1.0,2.0,0.0,2.0,0.0,1.0,1.0,0.0
88ad36c2d9fffff,0.0,2.0,7.0,6.0,5.0,9.0,3.0,5.0,6.0,2.0,6.0,6.0,6.0,1.0,3.0,2.0,0.0,0.0,0.0,0.0,3.0,2.0,4.0,4.0,4.0,13.0,2.0,12.0,5.0,9.0,8.0,4.0,4.0,4.0,2.0,8.0,9.0,7.0,3.0,2.0,7.0,8.0,9.0,7.0,3.0,0.0,9.0,4.0,2.0,8.0,5.0,4.0,3.0
88ad36c2dbfffff,1.0,2.0,8.0,10.0,10.0,7.0,3.0,4.0,3.0,4.0,7.0,2.0,2.0,2.0,1.0,4.0,4.0,0.0,1.0,3.0,10.0,3.0,2.0,4.0,4.0,4.0,3.0,6.0,6.0,4.0,6.0,23.0,4.0,7.0,5.0,18.0,9.0,11.0,6.0,4.0,6.0,2.0,5.0,15.0,2.0,3.0,2.0,5.0,4.0,13.0,6.0,1.0,6.0
88ad36c2ddfffff,0.0,0.0,1.0,1.0,5.0,1.0,0.0,1.0,0.0,1.0,0.0,0.0,1.0,0.0,1.0,1.0,0.0,0.0,0.0,0.0,0.0,1.0,0.0,0.0,2.0,2.0,7.0,8.0,2.0,4.0,0.0,0.0,1.0,1.0,0.0,3.0,1.0,2.0,0.0,3.0,1.0,1.0,6.0,6.0,3.0,1.0,2.0,1.0,2.0,1.0,2.0,3.0,0.0
88ad36c2e1fffff,0.0,0.0,0.0,0.0,0.0,0.0,1.0,0.0,0.0,0.0,1.0,0.0,0.0,0.0,0.0,1.0,1.0,1.0,0.0,0.0,1.0,1.0,0.0,0.0,0.0,0.0,1.0,0.0,0.0,0.0,1.0,0.0,0.0,0.0,1.0,1.0,0.0,1.0,0.0,1.0,0.0,1.0,0.0,0.0,0.0,1.0,0.0,0.0,0.0,0.0,1.0,0.0,0.0
88ad36c2ebfffff,0.0,0.0,0.0,0.0,0.0,0.0,0.0,0.0,0.0,0.0,0.0,0.0,0.0,0.0,0.0,0.0,0.0,0.0,0.0,0.0,0.0,0.0,0.0,0.0,0.0,0.0,0.0,0.0,0.0,0.0,0.0,0.0,0.0,0.0,0.0,0.0,0.0,0.0,0.0,0.0,0.0,0.0,0.0,0.0,0.0,0.0,0.0,1.0,0.0,0.0,0.0,0.0,0.0
88ad36c403fffff,0.0,0.0,0.0,0.0,0.0,0.0,0.0,0.0,0.0,0.0,0.0,0.0,0.0,0.0,0.0,0.0,0.0,0.0,0.0,0.0,0.0,1.0,0.0,0.0,0.0,0.0,0.0,0.0,0.0,1.0,0.0,0.0,0.0,0.0,0.0,0.0,0.0,0.0,0.0,1.0,0.0,0.0,0.0,0.0,0.0,0.0,0.0,0.0,1.0,0.0,0.0,0.0,0.0
88ad36c40bfffff,0.0,0.0,1.0,0.0,0.0,0.0,0.0,0.0,0.0,0.0,0.0,0.0,0.0,0.0,0.0,0.0,0.0,0.0,0.0,0.0,0.0,0.0,0.0,0.0,0.0,0.0,0.0,0.0,0.0,0.0,0.0,0.0,0.0,0.0,0.0,0.0,0.0,0.0,0.0,0.0,0.0,0.0,0.0,0.0,0.0,0.0,0.0,0.0,0.0,0.0,0.0,0.0,0.0
88ad36c411fffff,3.0,2.0,8.0,9.0,8.0,11.0,5.0,4.0,5.0,6.0,10.0,10.0,10.0,5.0,11.0,6.0,4.0,2.0,3.0,4.0,7.0,6.0,4.0,4.0,11.0,3.0,4.0,7.0,3.0,5.0,7.0,5.0,10.0,9.0,7.0,6.0,8.0,6.0,8.0,7.0,5.0,6.0,7.0,8.0,3.0,7.0,12.0,9.0,5.0,5.0,10.0,0.0,6.0
88ad36c413fffff,10.0,15.0,12.0,13.0,11.0,13.0,10.0,19.0,16.0,15.0,16.0,20.0,8.0,4.0,9.0,8.0,5.0,8.0,12.0,7.0,9.0,3.0,11.0,7.0,7.0,16.0,9.0,22.0,17.0,10.0,20.0,9.0,6.0,24.0,7.0,12.0,7.0,7.0,11.0,9.0,8.0,11.0,31.0,19.0,11.0,14.0,19.0,12.0,13.0,11.0,10.0,7.0,5.0
88ad36c415fffff,0.0,1.0,4.0,1.0,3.0,3.0,0.0,1.0,2.0,1.0,0.0,2.0,0.0,1.0,2.0,0.0,2.0,0.0,1.0,3.0,3.0,1.0,0.0,3.0,3.0,0.0,2.0,0.0,5.0,1.0,1.0,3.0,2.0,5.0,2.0,0.0,2.0,3.0,4.0,1.0,3.0,1.0,1.0,4.0,3.0,1.0,2.0,1.0,3.0,2.0,3.0,8.0,2.0
88ad36c417fffff,0.0,0.0,0.0,0.0,0.0,0.0,0.0,0.0,0.0,0.0,0.0,0.0,0.0,0.0,0.0,0.0,0.0,0.0,0.0,0.0,0.0,0.0,0.0,0.0,0.0,0.0,0.0,0.0,0.0,0.0,0.0,0.0,0.0,0.0,0.0,0.0,0.0,0.0,0.0,0.0,0.0,0.0,1.0,0.0,0.0,0.0,0.0,0.0,0.0,0.0,0.0,0.0,0.0
88ad36c419fffff,2.0,5.0,2.0,2.0,6.0,4.0,9.0,4.0,3.0,6.0,2.0,7.0,4.0,4.0,3.0,1.0,2.0,4.0,5.0,2.0,6.0,2.0,6.0,2.0,1.0,1.0,7.0,5.0,8.0,4.0,3.0,4.0,4.0,4.0,5.0,3.0,9.0,8.0,6.0,7.0,6.0,10.0,5.0,8.0,6.0,3.0,4.0,3.0,2.0,8.0,0.0,1.0,2.0
88ad36c41bfffff,12.0,18.0,15.0,16.0,15.0,16.0,15.0,23.0,29.0,26.0,17.0,17.0,13.0,11.0,11.0,2.0,6.0,3.0,10.0,17.0,8.0,9.0,16.0,12.0,7.0,14.0,18.0,23.0,26.0,19.0,19.0,12.0,18.0,24.0,14.0,23.0,28.0,23.0,14.0,26.0,30.0,18.0,22.0,25.0,32.0,20.0,23.0,16.0,22.0,22.0,19.0,15.0,9.0
88ad36c41dfffff,2.0,1.0,4.0,6.0,4.0,2.0,5.0,5.0,2.0,2.0,3.0,3.0,3.0,7.0,7.0,5.0,1.0,3.0,3.0,4.0,2.0,1.0,3.0,3.0,7.0,6.0,2.0,5.0,8.0,7.0,5.0,5.0,1.0,2.0,4.0,4.0,5.0,3.0,9.0,3.0,6.0,2.0,5.0,2.0,3.0,2.0,4.0,7.0,6.0,3.0,5.0,5.0,7.0
88ad36c451fffff,4.0,4.0,8.0,4.0,6.0,5.0,4.0,3.0,5.0,7.0,4.0,1.0,4.0,2.0,0.0,0.0,0.0,2.0,0.0,0.0,2.0,3.0,7.0,1.0,2.0,1.0,2.0,9.0,2.0,4.0,2.0,1.0,5.0,3.0,4.0,1.0,5.0,1.0,2.0,2.0,3.0,3.0,3.0,5.0,8.0,2.0,10.0,3.0,7.0,1.0,2.0,1.0,1.0
88ad36c453fffff,9.0,17.0,17.0,16.0,17.0,9.0,21.0,23.0,11.0,19.0,11.0,21.0,14.0,5.0,9.0,7.0,11.0,11.0,2.0,18.0,9.0,9.0,12.0,8.0,11.0,11.0,7.0,22.0,28.0,12.0,9.0,21.0,13.0,14.0,6.0,16.0,10.0,11.0,15.0,20.0,18.0,21.0,18.0,18.0,13.0,13.0,18.0,12.0,33.0,14.0,9.0,21.0,17.0
88ad36c455fffff,0.0,0.0,2.0,1.0,0.0,2.0,1.0,1.0,1.0,0.0,0.0,1.0,1.0,2.0,0.0,0.0,0.0,0.0,0.0,0.0,0.0,1.0,0.0,1.0,0.0,0.0,0.0,2.0,0.0,0.0,0.0,3.0,0.0,0.0,1.0,0.0,2.0,2.0,0.0,0.0,1.0,0.0,0.0,0.0,0.0,1.0,0.0,0.0,0.0,2.0,1.0,0.0,0.0
88ad36c457fffff,0.0,0.0,0.0,0.0,0.0,1.0,0.0,0.0,0.0,0.0,0.0,0.0,0.0,0.0,0.0,0.0,0.0,0.0,0.0,0.0,0.0,1.0,0.0,0.0,1.0,1.0,0.0,0.0,0.0,1.0,0.0,1.0,0.0,0.0,1.0,0.0,1.0,0.0,0.0,0.0,0.0,1.0,0.0,0.0,0.0,0.0,0.0,1.0,0.0,1.0,0.0,1.0,0.0
88ad36c459fffff,8.0,14.0,9.0,7.0,23.0,8.0,11.0,4.0,14.0,11.0,14.0,8.0,9.0,4.0,4.0,1.0,4.0,1.0,2.0,5.0,3.0,2.0,11.0,4.0,3.0,5.0,9.0,6.0,5.0,7.0,4.0,3.0,1.0,1.0,6.0,12.0,3.0,4.0,4.0,7.0,10.0,7.0,3.0,8.0,3.0,7.0,13.0,3.0,17.0,9.0,10.0,5.0,3.0
88ad36c45bfffff,4.0,10.0,20.0,13.0,25.0,23.0,29.0,21.0,27.0,17.0,22.0,21.0,6.0,8.0,11.0,18.0,11.0,6.0,8.0,7.0,11.0,7.0,14.0,10.0,10.0,14.0,12.0,11.0,7.0,8.0,18.0,13.0,18.0,16.0,6.0,8.0,11.0,17.0,8.0,12.0,31.0,20.0,10.0,12.0,16.0,18.0,17.0,21.0,24.0,25.0,21.0,16.0,12.0
88ad36c481fffff,0.0,6.0,5.0,0.0,1.0,2.0,4.0,9.0,1.0,1.0,0.0,4.0,4.0,0.0,3.0,3.0,0.0,3.0,1.0,2.0,2.0,3.0,1.0,3.0,5.0,0.0,4.0,3.0,4.0,1.0,3.0,7.0,4.0,4.0,1.0,1.0,7.0,0.0,8.0,5.0,0.0,2.0,4.0,0.0,2.0,1.0,0.0,4.0,2.0,4.0,0.0,2.0,2.0
88ad36c483fffff,11.0,19.0,4.0,8.0,18.0,13.0,16.0,10.0,11.0,14.0,6.0,12.0,12.0,5.0,12.0,5.0,7.0,1.0,4.0,7.0,10.0,3.0,18.0,9.0,12.0,11.0,16.0,12.0,8.0,19.0,17.0,14.0,12.0,14.0,19.0,12.0,9.0,10.0,8.0,9.0,25.0,28.0,17.0,24.0,23.0,17.0,12.0,16.0,17.0,16.0,18.0,8.0,5.0
88ad36c485fffff,1.0,4.0,5.0,4.0,3.0,6.0,2.0,1.0,2.0,3.0,2.0,9.0,2.0,2.0,4.0,1.0,2.0,0.0,0.0,3.0,4.0,5.0,1.0,3.0,0.0,6.0,8.0,1.0,1.0,7.0,3.0,4.0,4.0,4.0,3.0,3.0,3.0,2.0,6.0,6.0,7.0,5.0,6.0,8.0,7.0,8.0,1.0,2.0,2.0,8.0,3.0,2.0,2.0
88ad36c487fffff,1.0,1.0,7.0,6.0,5.0,3.0,1.0,1.0,2.0,1.0,1.0,0.0,5.0,3.0,3.0,0.0,3.0,0.0,1.0,1.0,2.0,0.0,5.0,4.0,4.0,3.0,3.0,1.0,3.0,3.0,6.0,1.0,3.0,2.0,3.0,1.0,5.0,7.0,6.0,4.0,3.0,5.0,5.0,10.0,6.0,2.0,5.0,6.0,3.0,6.0,6.0,2.0,2.0
88ad36c489fffff,7.0,5.0,10.0,9.0,11.0,7.0,14.0,9.0,12.0,10.0,13.0,8.0,2.0,4.0,6.0,5.0,9.0,4.0,5.0,3.0,3.0,1.0,9.0,8.0,10.0,6.0,14.0,14.0,14.0,3.0,6.0,14.0,8.0,5.0,6.0,12.0,14.0,7.0,11.0,15.0,16.0,8.0,9.0,15.0,11.0,13.0,8.0,2.0,14.0,14.0,5.0,4.0,5.0
88ad36c48bfffff,6.0,15.0,17.0,10.0,13.0,10.0,12.0,10.0,16.0,16.0,12.0,11.0,6.0,6.0,6.0,4.0,4.0,5.0,3.0,28.0,6.0,4.0,5.0,16.0,4.0,7.0,10.0,13.0,5.0,2.0,5.0,13.0,31.0,6.0,24.0,12.0,13.0,10.0,16.0,14.0,38.0,18.0,11.0,14.0,7.0,26.0,22.0,13.0,11.0,12.0,8.0,19.0,11.0
88ad36c48dfffff,4.0,5.0,7.0,8.0,4.0,6.0,1.0,7.0,1.0,6.0,8.0,8.0,6.0,7.0,3.0,7.0,2.0,6.0,8.0,6.0,11.0,3.0,4.0,2.0,6.0,3.0,7.0,11.0,8.0,15.0,7.0,16.0,5.0,10.0,4.0,9.0,7.0,2.0,6.0,12.0,11.0,15.0,11.0,8.0,18.0,12.0,12.0,7.0,9.0,14.0,6.0,11.0,10.0
88ad36c491fffff,1.0,1.0,0.0,0.0,1.0,0.0,1.0,0.0,0.0,1.0,0.0,3.0,0.0,0.0,1.0,0.0,0.0,0.0,0.0,0.0,0.0,0.0,0.0,0.0,0.0,0.0,0.0,0.0,1.0,2.0,0.0,0.0,0.0,0.0,0.0,0.0,0.0,0.0,1.0,0.0,3.0,0.0,0.0,0.0,4.0,0.0,0.0,2.0,0.0,0.0,3.0,0.0,1.0
88ad36c493fffff,19.0,27.0,30.0,35.0,61.0,32.0,77.0,53.0,56.0,52.0,44.0,32.0,20.0,19.0,13.0,9.0,14.0,18.0,16.0,8.0,15.0,10.0,12.0,12.0,8.0,13.0,14.0,48.0,16.0,18.0,16.0,32.0,18.0,31.0,17.0,25.0,33.0,37.0,30.0,43.0,38.0,27.0,13.0,29.0,34.0,33.0,29.0,29.0,25.0,34.0,33.0,22.0,15.0
88ad36c495fffff,8.0,16.0,8.0,12.0,12.0,19.0,17.0,16.0,11.0,10.0,12.0,24.0,23.0,10.0,8.0,2.0,1.0,1.0,5.0,3.0,13.0,5.0,22.0,8.0,11.0,17.0,15.0,3.0,12.0,15.0,11.0,9.0,6.0,14.0,13.0,16.0,8.0,4.0,4.0,24.0,13.0,16.0,17.0,9.0,19.0,12.0,18.0,12.0,19.0,28.0,18.0,18.0,10.0
88ad36c497fffff,9.0,21.0,18.0,5.0,13.0,12.0,11.0,17.0,14.0,17.0,6.0,12.0,5.0,6.0,9.0,7.0,0.0,1.0,4.0,6.0,3.0,0.0,11.0,4.0,0.0,9.0,8.0,22.0,6.0,1.0,4.0,9.0,8.0,3.0,9.0,9.0,9.0,7.0,3.0,6.0,12.0,7.0,9.0,8.0,13.0,5.0,4.0,13.0,9.0,10.0,9.0,9.0,5.0
88ad36c499fffff,0.0,3.0,3.0,0.0,1.0,2.0,3.0,1.0,2.0,0.0,1.0,2.0,0.0,0.0,0.0,0.0,1.0,0.0,1.0,0.0,0.0,0.0,2.0,0.0,0.0,0.0,0.0,0.0,0.0,0.0,0.0,0.0,1.0,0.0,0.0,0.0,1.0,0.0,0.0,2.0,1.0,0.0,0.0,1.0,1.0,0.0,0.0,0.0,0.0,1.0,0.0,0.0,0.0
88ad36c49bfffff,13.0,43.0,31.0,23.0,25.0,42.0,37.0,39.0,28.0,40.0,35.0,36.0,28.0,16.0,10.0,14.0,11.0,10.0,9.0,16.0,16.0,21.0,20.0,21.0,16.0,24.0,14.0,37.0,30.0,25.0,12.0,24.0,18.0,17.0,24.0,15.0,31.0,33.0,16.0,38.0,43.0,30.0,30.0,21.0,49.0,31.0,23.0,27.0,34.0,28.0,27.0,16.0,12.0
88ad36c49dfffff,5.0,6.0,25.0,5.0,10.0,6.0,10.0,6.0,13.0,11.0,7.0,6.0,7.0,3.0,5.0,4.0,2.0,3.0,0.0,10.0,3.0,0.0,8.0,10.0,2.0,4.0,9.0,6.0,19.0,4.0,6.0,13.0,21.0,6.0,12.0,8.0,11.0,15.0,10.0,11.0,13.0,10.0,11.0,8.0,13.0,7.0,8.0,10.0,12.0,4.0,18.0,7.0,11.0
88ad36c4a1fffff,0.0,1.0,4.0,2.0,2.0,1.0,4.0,1.0,2.0,2.0,4.0,3.0,2.0,0.0,0.0,1.0,1.0,1.0,3.0,1.0,0.0,2.0,4.0,0.0,2.0,2.0,0.0,6.0,3.0,1.0,1.0,1.0,0.0,2.0,0.0,2.0,7.0,2.0,3.0,1.0,3.0,1.0,1.0,3.0,0.0,4.0,1.0,5.0,0.0,2.0,0.0,3.0,1.0
88ad36c4a3fffff,1.0,5.0,4.0,3.0,7.0,4.0,6.0,6.0,4.0,7.0,5.0,5.0,1.0,3.0,2.0,0.0,0.0,1.0,1.0,2.0,4.0,4.0,2.0,3.0,1.0,4.0,2.0,2.0,9.0,4.0,11.0,8.0,0.0,2.0,3.0,4.0,5.0,8.0,1.0,7.0,7.0,4.0,13.0,3.0,7.0,8.0,2.0,3.0,2.0,4.0,5.0,2.0,1.0
88ad36c4a5fffff,0.0,1.0,0.0,1.0,0.0,1.0,0.0,0.0,0.0,0.0,0.0,0.0,0.0,0.0,0.0,0.0,0.0,0.0,0.0,0.0,0.0,0.0,0.0,0.0,0.0,0.0,0.0,0.0,0.0,0.0,0.0,0.0,0.0,0.0,0.0,1.0,0.0,0.0,0.0,0.0,0.0,0.0,0.0,0.0,0.0,1.0,0.0,0.0,0.0,0.0,0.0,0.0,0.0
88ad36c4a7fffff,5.0,7.0,2.0,4.0,4.0,8.0,3.0,3.0,2.0,6.0,8.0,3.0,4.0,0.0,0.0,2.0,2.0,3.0,2.0,4.0,1.0,2.0,9.0,1.0,5.0,2.0,7.0,12.0,6.0,7.0,6.0,5.0,6.0,4.0,1.0,3.0,2.0,3.0,3.0,3.0,7.0,4.0,12.0,15.0,14.0,8.0,2.0,5.0,2.0,5.0,2.0,3.0,2.0
88ad36c4a9fffff,0.0,0.0,0.0,4.0,1.0,2.0,2.0,5.0,1.0,4.0,0.0,2.0,2.0,4.0,0.0,0.0,1.0,0.0,1.0,4.0,0.0,1.0,2.0,2.0,1.0,0.0,2.0,4.0,1.0,0.0,1.0,0.0,2.0,2.0,1.0,2.0,1.0,2.0,1.0,5.0,1.0,2.0,2.0,3.0,4.0,5.0,0.0,2.0,1.0,3.0,0.0,1.0,0.0
88ad36c4abfffff,2.0,9.0,4.0,4.0,8.0,2.0,4.0,1.0,4.0,5.0,4.0,3.0,1.0,0.0,0.0,1.0,1.0,0.0,0.0,0.0,2.0,8.0,6.0,5.0,3.0,2.0,7.0,8.0,3.0,3.0,1.0,4.0,4.0,9.0,2.0,4.0,9.0,3.0,7.0,12.0,5.0,13.0,6.0,6.0,1.0,5.0,2.0,9.0,10.0,4.0,6.0,1.0,0.0
88ad36c4adfffff,0.0,0.0,0.0,0.0,0.0,0.0,0.0,0.0,0.0,0.0,0.0,0.0,0.0,0.0,0.0,0.0,0.0,0.0,0.0,0.0,0.0,0.0,0.0,0.0,0.0,0.0,0.0,0.0,0.0,1.0,0.0,0.0,0.0,0.0,0.0,0.0,0.0,0.0,0.0,0.0,0.0,0.0,0.0,0.0,0.0,0.0,0.0,0.0,1.0,0.0,0.0,0.0,0.0
88ad36c4b1fffff,13.0,13.0,13.0,14.0,15.0,24.0,14.0,14.0,19.0,18.0,12.0,19.0,14.0,9.0,6.0,5.0,6.0,2.0,9.0,5.0,9.0,4.0,16.0,6.0,21.0,13.0,8.0,14.0,15.0,10.0,17.0,17.0,11.0,17.0,22.0,19.0,17.0,15.0,21.0,15.0,28.0,25.0,15.0,13.0,12.0,24.0,17.0,13.0,12.0,14.0,18.0,7.0,6.0
88ad36c4b3fffff,28.0,12.0,30.0,13.0,25.0,16.0,17.0,13.0,19.0,21.0,13.0,19.0,22.0,11.0,5.0,6.0,6.0,6.0,13.0,6.0,7.0,7.0,13.0,19.0,14.0,14.0,18.0,21.0,19.0,37.0,9.0,16.0,14.0,16.0,15.0,13.0,16.0,19.0,10.0,18.0,13.0,13.0,24.0,19.0,15.0,16.0,15.0,18.0,14.0,19.0,14.0,19.0,5.0
88ad36c4b5fffff,1.0,12.0,11.0,8.0,5.0,6.0,7.0,4.0,6.0,6.0,5.0,10.0,8.0,3.0,2.0,2.0,0.0,2.0,3.0,2.0,2.0,3.0,7.0,5.0,4.0,9.0,5.0,4.0,4.0,6.0,8.0,3.0,3.0,4.0,3.0,3.0,5.0,7.0,5.0,9.0,3.0,5.0,7.0,14.0,5.0,2.0,4.0,6.0,5.0,6.0,3.0,6.0,8.0
88ad36c4b7fffff,4.0,10.0,15.0,10.0,13.0,14.0,12.0,9.0,6.0,10.0,12.0,12.0,12.0,6.0,1.0,3.0,7.0,1.0,7.0,3.0,2.0,1.0,6.0,8.0,5.0,5.0,17.0,4.0,6.0,2.0,10.0,7.0,4.0,12.0,8.0,19.0,28.0,10.0,13.0,15.0,16.0,6.0,6.0,12.0,12.0,9.0,4.0,6.0,11.0,10.0,18.0,8.0,2.0
88ad36c4b9fffff,9.0,19.0,7.0,17.0,8.0,8.0,7.0,13.0,17.0,12.0,16.0,18.0,9.0,6.0,11.0,5.0,4.0,9.0,26.0,8.0,9.0,7.0,30.0,10.0,18.0,16.0,9.0,7.0,13.0,7.0,14.0,13.0,9.0,3.0,9.0,13.0,14.0,12.0,9.0,19.0,15.0,21.0,11.0,19.0,28.0,15.0,40.0,7.0,21.0,34.0,20.0,9.0,9.0
88ad36c4bbfffff,14.0,16.0,15.0,22.0,10.0,18.0,22.0,18.0,11.0,13.0,13.0,7.0,12.0,1.0,4.0,9.0,4.0,4.0,12.0,5.0,9.0,1.0,25.0,9.0,11.0,15.0,10.0,14.0,27.0,18.0,17.0,9.0,7.0,7.0,35.0,14.0,8.0,20.0,10.0,17.0,19.0,21.0,21.0,25.0,25.0,22.0,10.0,15.0,23.0,25.0,10.0,11.0,8.0
88ad36c4bdfffff,3.0,4.0,6.0,6.0,14.0,3.0,5.0,10.0,13.0,16.0,8.0,5.0,6.0,7.0,3.0,8.0,1.0,2.0,4.0,8.0,1.0,4.0,7.0,8.0,8.0,4.0,6.0,9.0,5.0,10.0,5.0,5.0,12.0,14.0,9.0,8.0,7.0,5.0,9.0,6.0,10.0,9.0,12.0,3.0,10.0,6.0,7.0,14.0,11.0,7.0,11.0,6.0,2.0
88ad36c4c1fffff,3.0,8.0,10.0,6.0,8.0,2.0,2.0,3.0,5.0,5.0,7.0,8.0,4.0,3.0,2.0,0.0,2.0,3.0,8.0,3.0,2.0,4.0,2.0,9.0,5.0,3.0,1.0,4.0,9.0,3.0,6.0,4.0,3.0,3.0,4.0,6.0,3.0,3.0,3.0,6.0,4.0,9.0,5.0,7.0,9.0,9.0,5.0,4.0,4.0,6.0,3.0,4.0,1.0
88ad36c4c3fffff,1.0,17.0,13.0,5.0,5.0,10.0,13.0,14.0,18.0,37.0,12.0,8.0,6.0,5.0,7.0,5.0,4.0,3.0,1.0,3.0,13.0,2.0,3.0,12.0,3.0,5.0,11.0,6.0,4.0,7.0,6.0,7.0,3.0,6.0,8.0,7.0,4.0,7.0,5.0,14.0,13.0,9.0,11.0,7.0,14.0,9.0,10.0,12.0,21.0,8.0,7.0,19.0,6.0
88ad36c4c5fffff,14.0,27.0,23.0,18.0,17.0,21.0,21.0,27.0,27.0,37.0,32.0,35.0,19.0,10.0,8.0,15.0,7.0,8.0,19.0,16.0,11.0,8.0,13.0,23.0,10.0,12.0,19.0,26.0,33.0,20.0,26.0,21.0,17.0,18.0,25.0,24.0,10.0,14.0,25.0,38.0,18.0,30.0,22.0,18.0,23.0,24.0,19.0,27.0,26.0,26.0,20.0,19.0,8.0
88ad36c4c7fffff,11.0,14.0,5.0,11.0,9.0,16.0,12.0,9.0,14.0,17.0,11.0,11.0,10.0,8.0,5.0,6.0,5.0,2.0,4.0,7.0,3.0,11.0,17.0,6.0,2.0,11.0,6.0,17.0,4.0,5.0,11.0,7.0,10.0,6.0,11.0,7.0,10.0,12.0,11.0,17.0,23.0,7.0,7.0,14.0,19.0,15.0,13.0,12.0,12.0,17.0,14.0,3.0,2.0
88ad36c4c9fffff,18.0,27.0,28.0,26.0,19.0,48.0,17.0,17.0,25.0,24.0,18.0,21.0,19.0,13.0,7.0,3.0,3.0,13.0,6.0,9.0,7.0,7.0,13.0,10.0,8.0,14.0,15.0,18.0,16.0,14.0,13.0,20.0,11.0,17.0,30.0,11.0,17.0,26.0,15.0,24.0,19.0,16.0,15.0,26.0,20.0,31.0,17.0,12.0,26.0,15.0,25.0,12.0,9.0
88ad36c4cbfffff,6.0,12.0,7.0,16.0,23.0,14.0,16.0,12.0,14.0,17.0,15.0,15.0,17.0,7.0,5.0,16.0,3.0,3.0,10.0,9.0,7.0,8.0,14.0,13.0,7.0,11.0,8.0,13.0,26.0,14.0,23.0,34.0,14.0,14.0,6.0,10.0,20.0,13.0,12.0,21.0,18.0,17.0,23.0,11.0,16.0,15.0,20.0,12.0,21.0,17.0,10.0,12.0,12.0
88ad36c4cdfffff,14.0,18.0,22.0,20.0,16.0,21.0,16.0,39.0,30.0,31.0,28.0,40.0,21.0,16.0,11.0,15.0,4.0,12.0,8.0,11.0,8.0,6.0,14.0,8.0,10.0,9.0,19.0,23.0,26.0,15.0,15.0,19.0,17.0,18.0,22.0,14.0,10.0,18.0,15.0,22.0,26.0,16.0,18.0,23.0,23.0,37.0,10.0,28.0,13.0,21.0,21.0,29.0,14.0
88ad36c4d1fffff,5.0,7.0,7.0,13.0,12.0,8.0,6.0,9.0,15.0,4.0,10.0,40.0,4.0,5.0,8.0,8.0,5.0,8.0,6.0,2.0,3.0,4.0,9.0,12.0,2.0,8.0,3.0,6.0,4.0,24.0,9.0,8.0,7.0,6.0,5.0,8.0,11.0,20.0,14.0,14.0,17.0,10.0,10.0,12.0,5.0,12.0,5.0,7.0,9.0,12.0,10.0,7.0,5.0
88ad36c4d3fffff,0.0,0.0,0.0,0.0,1.0,0.0,0.0,1.0,0.0,0.0,0.0,0.0,0.0,0.0,0.0,0.0,1.0,0.0,0.0,0.0,1.0,2.0,1.0,0.0,1.0,1.0,1.0,0.0,0.0,0.0,0.0,1.0,0.0,2.0,0.0,3.0,0.0,2.0,0.0,1.0,1.0,1.0,1.0,2.0,0.0,1.0,0.0,0.0,1.0,0.0,0.0,0.0,0.0
88ad36c4d5fffff,0.0,8.0,7.0,3.0,5.0,6.0,2.0,3.0,8.0,3.0,2.0,2.0,4.0,1.0,4.0,1.0,2.0,0.0,2.0,4.0,1.0,1.0,6.0,4.0,3.0,6.0,8.0,7.0,10.0,7.0,1.0,4.0,7.0,2.0,3.0,5.0,6.0,6.0,4.0,2.0,1.0,4.0,10.0,7.0,12.0,5.0,5.0,2.0,5.0,6.0,2.0,5.0,6.0
88ad36c4d7fffff,22.0,27.0,29.0,21.0,11.0,29.0,25.0,24.0,31.0,31.0,19.0,26.0,18.0,16.0,6.0,6.0,10.0,11.0,17.0,20.0,18.0,3.0,11.0,28.0,8.0,16.0,15.0,30.0,37.0,13.0,15.0,18.0,34.0,19.0,7.0,14.0,14.0,13.0,14.0,19.0,28.0,25.0,16.0,29.0,25.0,19.0,22.0,25.0,20.0,28.0,13.0,30.0,11.0
88ad36c4d9fffff,16.0,33.0,30.0,29.0,31.0,18.0,28.0,28.0,20.0,25.0,39.0,33.0,19.0,18.0,18.0,13.0,21.0,30.0,16.0,28.0,21.0,28.0,34.0,24.0,16.0,22.0,28.0,23.0,36.0,29.0,33.0,21.0,44.0,25.0,23.0,27.0,17.0,45.0,35.0,32.0,24.0,28.0,23.0,27.0,19.0,27.0,23.0,17.0,29.0,24.0,23.0,15.0,11.0
88ad36c4dbfffff,17.0,23.0,23.0,27.0,25.0,31.0,23.0,29.0,15.0,20.0,25.0,37.0,14.0,9.0,19.0,15.0,20.0,23.0,15.0,17.0,24.0,14.0,27.0,27.0,23.0,16.0,25.0,34.0,16.0,28.0,34.0,62.0,33.0,34.0,26.0,31.0,36.0,33.0,14.0,25.0,37.0,27.0,18.0,13.0,23.0,15.0,49.0,18.0,26.0,16.0,15.0,16.0,14.0
88ad36c4ddfffff,11.0,14.0,13.0,6.0,9.0,14.0,10.0,12.0,25.0,21.0,37.0,18.0,6.0,21.0,11.0,8.0,8.0,8.0,9.0,10.0,6.0,5.0,18.0,9.0,11.0,10.0,11.0,11.0,13.0,15.0,9.0,26.0,18.0,16.0,11.0,7.0,11.0,4.0,21.0,18.0,11.0,17.0,23.0,17.0,23.0,20.0,16.0,18.0,23.0,15.0,16.0,19.0,7.0
88ad36c4e3fffff,0.0,0.0,1.0,0.0,0.0,2.0,0.0,0.0,0.0,1.0,1.0,1.0,0.0,0.0,1.0,0.0,2.0,0.0,1.0,1.0,1.0,3.0,2.0,0.0,2.0,1.0,1.0,0.0,3.0,4.0,1.0,2.0,0.0,1.0,1.0,0.0,2.0,1.0,0.0,2.0,4.0,0.0,1.0,1.0,5.0,1.0,1.0,1.0,4.0,2.0,5.0,1.0,0.0
88ad36c4e9fffff,1.0,1.0,0.0,0.0,0.0,0.0,1.0,0.0,0.0,0.0,2.0,0.0,0.0,0.0,0.0,0.0,0.0,0.0,1.0,0.0,0.0,0.0,0.0,0.0,0.0,0.0,0.0,1.0,1.0,0.0,0.0,1.0,0.0,0.0,1.0,0.0,0.0,1.0,0.0,0.0,0.0,1.0,1.0,1.0,0.0,0.0,0.0,2.0,0.0,1.0,1.0,0.0,0.0
88ad36c4ebfffff,6.0,8.0,14.0,13.0,5.0,9.0,5.0,10.0,7.0,8.0,7.0,15.0,10.0,3.0,3.0,1.0,3.0,1.0,4.0,4.0,6.0,2.0,9.0,6.0,7.0,4.0,9.0,13.0,11.0,5.0,6.0,9.0,7.0,18.0,10.0,13.0,11.0,12.0,3.0,9.0,7.0,12.0,19.0,13.0,12.0,23.0,15.0,10.0,17.0,11.0,12.0,7.0,3.0
88ad36c591fffff,0.0,0.0,4.0,0.0,1.0,0.0,3.0,0.0,1.0,1.0,0.0,0.0,0.0,0.0,0.0,0.0,0.0,0.0,0.0,0.0,2.0,0.0,0.0,0.0,1.0,0.0,0.0,0.0,2.0,1.0,0.0,0.0,2.0,1.0,1.0,2.0,0.0,1.0,0.0,0.0,0.0,2.0,0.0,3.0,2.0,1.0,1.0,1.0,2.0,1.0,0.0,0.0,1.0
88ad36c593fffff,1.0,1.0,1.0,5.0,2.0,1.0,4.0,3.0,3.0,1.0,1.0,2.0,4.0,2.0,0.0,1.0,1.0,1.0,0.0,3.0,1.0,4.0,1.0,3.0,1.0,4.0,6.0,4.0,3.0,3.0,0.0,4.0,1.0,1.0,1.0,3.0,1.0,0.0,8.0,3.0,5.0,3.0,9.0,2.0,1.0,0.0,1.0,6.0,4.0,5.0,3.0,3.0,2.0
88ad36c595fffff,0.0,0.0,0.0,0.0,0.0,0.0,0.0,0.0,0.0,0.0,0.0,0.0,0.0,0.0,0.0,0.0,0.0,0.0,0.0,0.0,0.0,0.0,0.0,0.0,0.0,0.0,0.0,0.0,0.0,2.0,0.0,0.0,0.0,0.0,0.0,0.0,0.0,0.0,0.0,0.0,0.0,0.0,0.0,0.0,0.0,0.0,0.0,0.0,0.0,1.0,0.0,0.0,0.0
88ad36c599fffff,0.0,0.0,0.0,0.0,0.0,1.0,0.0,0.0,0.0,0.0,0.0,1.0,0.0,0.0,0.0,0.0,0.0,0.0,0.0,0.0,0.0,1.0,0.0,0.0,0.0,1.0,0.0,0.0,1.0,0.0,1.0,1.0,0.0,2.0,0.0,0.0,0.0,0.0,0.0,0.0,0.0,2.0,0.0,0.0,0.0,1.0,1.0,0.0,1.0,0.0,0.0,0.0,1.0
88ad36c59bfffff,0.0,2.0,4.0,2.0,0.0,2.0,3.0,1.0,2.0,2.0,2.0,6.0,3.0,1.0,1.0,1.0,0.0,1.0,0.0,0.0,3.0,3.0,2.0,4.0,4.0,2.0,3.0,2.0,6.0,1.0,0.0,0.0,0.0,1.0,1.0,0.0,3.0,3.0,2.0,3.0,4.0,8.0,14.0,0.0,6.0,8.0,8.0,0.0,4.0,4.0,2.0,2.0,0.0
88ad36c59dfffff,0.0,0.0,0.0,0.0,0.0,0.0,0.0,0.0,0.0,0.0,0.0,0.0,0.0,0.0,0.0,0.0,0.0,0.0,0.0,0.0,0.0,0.0,0.0,0.0,0.0,0.0,0.0,0.0,0.0,0.0,0.0,0.0,0.0,0.0,0.0,0.0,0.0,0.0,0.0,0.0,0.0,1.0,0.0,0.0,0.0,0.0,0.0,0.0,0.0,0.0,0.0,0.0,0.0
88ad36c5b9fffff,0.0,0.0,0.0,0.0,0.0,0.0,0.0,0.0,0.0,0.0,0.0,0.0,0.0,0.0,0.0,0.0,0.0,0.0,0.0,0.0,0.0,0.0,0.0,0.0,0.0,0.0,0.0,0.0,0.0,0.0,0.0,0.0,0.0,0.0,0.0,0.0,0.0,0.0,0.0,0.0,0.0,0.0,0.0,0.0,0.0,0.0,1.0,0.0,0.0,0.0,0.0,0.0,0.0
88ad36c5d3fffff,0.0,0.0,0.0,0.0,0.0,0.0,0.0,0.0,0.0,0.0,0.0,0.0,0.0,0.0,0.0,0.0,0.0,0.0,0.0,0.0,0.0,0.0,0.0,0.0,0.0,0.0,0.0,0.0,0.0,0.0,0.0,0.0,0.0,0.0,1.0,0.0,0.0,0.0,0.0,0.0,0.0,0.0,0.0,0.0,0.0,0.0,0.0,0.0,0.0,0.0,0.0,0.0,0.0
88ad36c601fffff,4.0,1.0,3.0,0.0,2.0,1.0,2.0,0.0,1.0,6.0,2.0,1.0,1.0,0.0,1.0,0.0,0.0,0.0,0.0,0.0,0.0,1.0,0.0,1.0,0.0,0.0,1.0,5.0,4.0,5.0,1.0,2.0,0.0,0.0,2.0,0.0,1.0,2.0,2.0,1.0,0.0,3.0,5.0,2.0,2.0,1.0,1.0,2.0,3.0,0.0,1.0,0.0,0.0
88ad36c603fffff,1.0,6.0,7.0,12.0,3.0,2.0,6.0,10.0,4.0,4.0,6.0,9.0,4.0,5.0,5.0,6.0,1.0,3.0,6.0,5.0,3.0,6.0,5.0,4.0,5.0,2.0,4.0,3.0,3.0,8.0,10.0,6.0,5.0,9.0,9.0,29.0,7.0,7.0,4.0,5.0,3.0,11.0,1.0,12.0,7.0,9.0,5.0,5.0,6.0,4.0,4.0,7.0,2.0
88ad36c605fffff,0.0,2.0,1.0,0.0,2.0,0.0,0.0,0.0,0.0,1.0,1.0,0.0,0.0,2.0,0.0,0.0,0.0,0.0,1.0,0.0,0.0,0.0,2.0,0.0,1.0,1.0,0.0,0.0,5.0,0.0,2.0,1.0,0.0,3.0,0.0,0.0,2.0,0.0,0.0,0.0,2.0,0.0,1.0,0.0,0.0,1.0,0.0,4.0,3.0,1.0,1.0,0.0,0.0
88ad36c607fffff,3.0,15.0,0.0,3.0,6.0,4.0,3.0,5.0,4.0,6.0,3.0,2.0,2.0,0.0,2.0,0.0,1.0,7.0,4.0,7.0,4.0,0.0,0.0,0.0,1.0,4.0,2.0,1.0,0.0,4.0,2.0,5.0,0.0,5.0,1.0,3.0,3.0,1.0,1.0,3.0,2.0,8.0,4.0,3.0,2.0,2.0,2.0,3.0,3.0,3.0,5.0,4.0,1.0
88ad36c609fffff,6.0,11.0,24.0,19.0,18.0,14.0,14.0,15.0,15.0,13.0,18.0,20.0,9.0,8.0,3.0,4.0,4.0,4.0,7.0,7.0,7.0,3.0,5.0,12.0,8.0,5.0,10.0,5.0,16.0,13.0,13.0,6.0,14.0,24.0,12.0,10.0,14.0,5.0,9.0,12.0,14.0,21.0,11.0,19.0,13.0,14.0,11.0,15.0,7.0,8.0,17.0,7.0,5.0
88ad36c60bfffff,15.0,34.0,20.0,32.0,39.0,46.0,43.0,39.0,26.0,48.0,36.0,36.0,20.0,9.0,22.0,11.0,6.0,12.0,23.0,25.0,21.0,15.0,21.0,24.0,16.0,25.0,26.0,25.0,30.0,25.0,44.0,46.0,29.0,27.0,29.0,42.0,27.0,19.0,26.0,42.0,34.0,36.0,27.0,18.0,32.0,36.0,21.0,15.0,22.0,43.0,29.0,23.0,22.0
88ad36c60dfffff,4.0,5.0,7.0,7.0,3.0,3.0,4.0,5.0,8.0,5.0,1.0,9.0,5.0,1.0,1.0,3.0,1.0,3.0,1.0,1.0,3.0,1.0,7.0,5.0,1.0,4.0,1.0,7.0,6.0,5.0,5.0,7.0,5.0,4.0,4.0,3.0,4.0,2.0,3.0,5.0,9.0,4.0,4.0,6.0,3.0,4.0,4.0,6.0,1.0,3.0,6.0,6.0,3.0
88ad36c611fffff,0.0,0.0,0.0,0.0,0.0,0.0,0.0,1.0,0.0,0.0,1.0,1.0,0.0,0.0,0.0,0.0,1.0,0.0,0.0,1.0,0.0,0.0,0.0,0.0,0.0,0.0,0.0,0.0,0.0,0.0,1.0,0.0,0.0,0.0,0.0,0.0,1.0,0.0,0.0,0.0,0.0,0.0,0.0,0.0,0.0,1.0,1.0,0.0,0.0,0.0,0.0,1.0,0.0
88ad36c613fffff,0.0,0.0,0.0,0.0,0.0,0.0,0.0,0.0,0.0,0.0,0.0,0.0,0.0,0.0,0.0,0.0,0.0,0.0,0.0,0.0,0.0,0.0,0.0,0.0,0.0,0.0,0.0,0.0,0.0,0.0,0.0,0.0,0.0,1.0,0.0,0.0,0.0,0.0,0.0,0.0,0.0,0.0,0.0,0.0,0.0,0.0,0.0,0.0,0.0,0.0,1.0,0.0,0.0
88ad36c615fffff,0.0,0.0,2.0,0.0,0.0,0.0,0.0,1.0,0.0,0.0,0.0,0.0,0.0,0.0,1.0,0.0,1.0,0.0,0.0,0.0,0.0,0.0,0.0,1.0,0.0,0.0,0.0,0.0,0.0,0.0,0.0,0.0,0.0,0.0,1.0,0.0,0.0,0.0,0.0,0.0,0.0,0.0,0.0,0.0,0.0,0.0,0.0,0.0,0.0,0.0,0.0,0.0,0.0
88ad36c619fffff,0.0,0.0,3.0,0.0,0.0,0.0,2.0,0.0,0.0,1.0,0.0,0.0,0.0,0.0,0.0,0.0,1.0,0.0,0.0,2.0,1.0,0.0,0.0,0.0,0.0,0.0,0.0,0.0,0.0,0.0,0.0,0.0,1.0,1.0,2.0,1.0,1.0,1.0,0.0,0.0,0.0,1.0,0.0,2.0,0.0,0.0,1.0,0.0,2.0,0.0,2.0,0.0,0.0
88ad36c61bfffff,0.0,1.0,1.0,0.0,0.0,2.0,1.0,1.0,1.0,0.0,1.0,1.0,0.0,0.0,0.0,0.0,0.0,0.0,2.0,1.0,0.0,1.0,0.0,0.0,1.0,0.0,0.0,4.0,1.0,0.0,1.0,0.0,1.0,4.0,1.0,1.0,1.0,2.0,1.0,3.0,4.0,1.0,3.0,0.0,2.0,1.0,2.0,1.0,1.0,1.0,0.0,2.0,0.0
88ad36c61dfffff,0.0,0.0,0.0,2.0,2.0,2.0,2.0,1.0,0.0,2.0,4.0,1.0,3.0,2.0,1.0,3.0,1.0,1.0,1.0,2.0,2.0,1.0,3.0,1.0,2.0,2.0,0.0,2.0,6.0,1.0,3.0,5.0,8.0,3.0,3.0,5.0,4.0,1.0,2.0,0.0,0.0,4.0,2.0,1.0,1.0,5.0,3.0,4.0,1.0,0.0,0.0,2.0,2.0
88ad36c629fffff,0.0,0.0,0.0,0.0,0.0,0.0,0.0,0.0,0.0,0.0,0.0,0.0,0.0,0.0,0.0,0.0,0.0,0.0,0.0,0.0,0.0,0.0,0.0,0.0,0.0,0.0,0.0,1.0,0.0,0.0,0.0,0.0,0.0,0.0,0.0,0.0,0.0,0.0,0.0,0.0,0.0,0.0,0.0,0.0,0.0,1.0,0.0,0.0,0.0,0.0,0.0,0.0,0.0
88ad36c62bfffff,1.0,10.0,3.0,4.0,2.0,1.0,1.0,0.0,0.0,2.0,0.0,0.0,1.0,0.0,0.0,0.0,1.0,0.0,0.0,3.0,2.0,2.0,0.0,1.0,5.0,5.0,0.0,5.0,2.0,0.0,0.0,1.0,1.0,1.0,0.0,0.0,0.0,0.0,0.0,0.0,0.0,2.0,1.0,1.0,2.0,12.0,0.0,3.0,2.0,0.0,2.0,0.0,0.0
88ad36c631fffff,0.0,1.0,0.0,0.0,3.0,2.0,1.0,1.0,2.0,1.0,1.0,0.0,5.0,1.0,0.0,0.0,0.0,0.0,0.0,0.0,2.0,0.0,0.0,1.0,1.0,1.0,1.0,2.0,2.0,1.0,1.0,1.0,1.0,2.0,3.0,0.0,0.0,0.0,0.0,0.0,1.0,0.0,4.0,5.0,1.0,1.0,0.0,0.0,3.0,1.0,2.0,2.0,3.0
88ad36c633fffff,0.0,0.0,1.0,1.0,1.0,1.0,0.0,0.0,0.0,0.0,0.0,0.0,0.0,0.0,0.0,1.0,0.0,0.0,0.0,0.0,0.0,0.0,0.0,0.0,0.0,0.0,0.0,0.0,0.0,0.0,0.0,0.0,0.0,0.0,0.0,0.0,0.0,0.0,0.0,0.0,0.0,0.0,0.0,0.0,0.0,0.0,0.0,0.0,1.0,0.0,1.0,1.0,0.0
88ad36c637fffff,0.0,0.0,0.0,1.0,0.0,0.0,0.0,0.0,0.0,0.0,0.0,0.0,0.0,0.0,0.0,0.0,0.0,0.0,0.0,0.0,0.0,0.0,0.0,0.0,1.0,0.0,0.0,0.0,0.0,0.0,0.0,0.0,0.0,0.0,0.0,0.0,0.0,1.0,0.0,0.0,0.0,0.0,0.0,0.0,0.0,0.0,0.0,0.0,0.0,0.0,0.0,0.0,0.0
88ad36c639fffff,0.0,1.0,0.0,2.0,2.0,2.0,0.0,1.0,0.0,2.0,1.0,1.0,0.0,0.0,1.0,0.0,1.0,0.0,0.0,0.0,0.0,3.0,0.0,1.0,0.0,1.0,3.0,1.0,1.0,3.0,0.0,0.0,0.0,1.0,0.0,1.0,2.0,4.0,0.0,0.0,0.0,1.0,4.0,1.0,1.0,3.0,0.0,1.0,1.0,0.0,1.0,0.0,0.0
88ad36c63bfffff,0.0,0.0,0.0,0.0,1.0,0.0,0.0,0.0,0.0,0.0,0.0,0.0,0.0,0.0,0.0,0.0,0.0,1.0,0.0,0.0,0.0,0.0,0.0,1.0,0.0,0.0,1.0,0.0,0.0,0.0,0.0,0.0,0.0,0.0,1.0,0.0,0.0,0.0,1.0,1.0,0.0,2.0,0.0,0.0,0.0,0.0,0.0,0.0,0.0,0.0,0.0,0.0,0.0
88ad36c63dfffff,2.0,17.0,4.0,4.0,5.0,0.0,2.0,0.0,1.0,3.0,5.0,2.0,2.0,1.0,0.0,1.0,1.0,1.0,0.0,0.0,1.0,1.0,1.0,2.0,1.0,4.0,3.0,2.0,1.0,1.0,0.0,1.0,0.0,1.0,0.0,7.0,4.0,3.0,4.0,2.0,1.0,2.0,1.0,5.0,6.0,2.0,6.0,6.0,5.0,3.0,5.0,5.0,1.0
88ad36c641fffff,0.0,0.0,0.0,0.0,0.0,0.0,1.0,1.0,2.0,0.0,0.0,0.0,0.0,0.0,1.0,0.0,0.0,0.0,0.0,0.0,0.0,0.0,0.0,0.0,0.0,0.0,0.0,1.0,3.0,0.0,0.0,0.0,0.0,2.0,3.0,0.0,0.0,0.0,3.0,0.0,1.0,1.0,0.0,0.0,0.0,0.0,1.0,0.0,0.0,1.0,0.0,0.0,0.0
88ad36c643fffff,10.0,13.0,12.0,33.0,32.0,20.0,15.0,29.0,21.0,38.0,24.0,12.0,14.0,12.0,17.0,6.0,4.0,9.0,12.0,9.0,6.0,9.0,5.0,8.0,4.0,5.0,10.0,6.0,15.0,13.0,4.0,10.0,8.0,10.0,8.0,22.0,9.0,13.0,11.0,13.0,16.0,28.0,10.0,6.0,28.0,18.0,16.0,20.0,20.0,12.0,22.0,16.0,8.0
88ad36c645fffff,0.0,1.0,0.0,0.0,0.0,0.0,0.0,0.0,0.0,0.0,0.0,0.0,0.0,0.0,0.0,0.0,0.0,0.0,0.0,1.0,0.0,0.0,0.0,0.0,1.0,0.0,1.0,1.0,0.0,0.0,1.0,0.0,0.0,0.0,0.0,0.0,0.0,0.0,0.0,0.0,0.0,0.0,0.0,0.0,0.0,2.0,0.0,0.0,0.0,0.0,0.0,0.0,0.0
88ad36c647fffff,12.0,11.0,13.0,20.0,15.0,34.0,24.0,21.0,24.0,42.0,14.0,25.0,10.0,8.0,12.0,9.0,8.0,11.0,5.0,6.0,10.0,5.0,9.0,4.0,9.0,8.0,14.0,16.0,19.0,4.0,13.0,11.0,81.0,136.0,18.0,18.0,15.0,18.0,10.0,11.0,23.0,22.0,10.0,17.0,16.0,14.0,12.0,11.0,14.0,7.0,17.0,6.0,17.0
88ad36c64bfffff,0.0,0.0,0.0,0.0,0.0,0.0,0.0,0.0,0.0,0.0,0.0,1.0,0.0,0.0,0.0,0.0,0.0,0.0,0.0,0.0,0.0,0.0,0.0,0.0,0.0,0.0,0.0,0.0,0.0,0.0,0.0,0.0,0.0,0.0,0.0,0.0,0.0,0.0,0.0,0.0,0.0,1.0,0.0,0.0,0.0,0.0,0.0,0.0,0.0,0.0,0.0,0.0,0.0
88ad36c64dfffff,0.0,0.0,0.0,0.0,0.0,0.0,0.0,0.0,1.0,0.0,0.0,0.0,1.0,0.0,0.0,0.0,0.0,0.0,0.0,0.0,0.0,0.0,0.0,0.0,0.0,0.0,0.0,0.0,0.0,0.0,0.0,0.0,0.0,0.0,0.0,0.0,0.0,0.0,0.0,0.0,0.0,0.0,1.0,0.0,0.0,0.0,1.0,0.0,0.0,0.0,0.0,0.0,0.0
88ad36c651fffff,0.0,0.0,0.0,1.0,0.0,2.0,1.0,0.0,1.0,0.0,0.0,1.0,0.0,0.0,0.0,0.0,1.0,0.0,0.0,2.0,0.0,0.0,0.0,0.0,0.0,0.0,0.0,0.0,0.0,0.0,1.0,0.0,0.0,0.0,0.0,1.0,0.0,0.0,0.0,0.0,0.0,0.0,0.0,0.0,1.0,0.0,0.0,0.0,0.0,0.0,0.0,0.0,0.0
88ad36c653fffff,0.0,0.0,1.0,0.0,0.0,0.0,1.0,0.0,0.0,2.0,4.0,0.0,0.0,0.0,0.0,0.0,1.0,0.0,0.0,0.0,1.0,0.0,1.0,1.0,0.0,0.0,1.0,0.0,1.0,0.0,1.0,0.0,0.0,0.0,0.0,0.0,1.0,0.0,0.0,1.0,0.0,3.0,1.0,0.0,0.0,0.0,0.0,1.0,0.0,1.0,1.0,0.0,3.0
88ad36c655fffff,5.0,6.0,8.0,14.0,10.0,11.0,11.0,7.0,11.0,12.0,14.0,10.0,6.0,8.0,7.0,5.0,3.0,11.0,6.0,4.0,2.0,3.0,6.0,4.0,7.0,5.0,5.0,3.0,9.0,14.0,6.0,7.0,7.0,11.0,4.0,3.0,6.0,7.0,7.0,6.0,7.0,18.0,9.0,2.0,4.0,5.0,4.0,6.0,6.0,8.0,6.0,11.0,5.0
88ad36c657fffff,0.0,1.0,2.0,5.0,0.0,7.0,11.0,4.0,7.0,5.0,4.0,2.0,2.0,1.0,2.0,4.0,2.0,0.0,0.0,1.0,0.0,2.0,2.0,2.0,4.0,0.0,0.0,5.0,2.0,3.0,0.0,1.0,2.0,3.0,2.0,0.0,0.0,6.0,4.0,2.0,3.0,3.0,3.0,1.0,2.0,1.0,2.0,5.0,2.0,2.0,5.0,3.0,1.0
88ad36c659fffff,0.0,0.0,0.0,0.0,0.0,0.0,1.0,0.0,1.0,1.0,0.0,0.0,0.0,0.0,1.0,0.0,1.0,0.0,0.0,27.0,0.0,2.0,0.0,0.0,3.0,1.0,0.0,3.0,3.0,1.0,0.0,0.0,0.0,1.0,0.0,0.0,1.0,0.0,0.0,1.0,3.0,0.0,2.0,0.0,0.0,0.0,0.0,0.0,1.0,2.0,0.0,0.0,0.0
88ad36c65bfffff,0.0,0.0,0.0,0.0,0.0,0.0,0.0,0.0,0.0,0.0,0.0,0.0,0.0,0.0,0.0,0.0,0.0,0.0,0.0,0.0,0.0,0.0,0.0,0.0,0.0,0.0,1.0,0.0,0.0,0.0,0.0,0.0,0.0,0.0,0.0,0.0,0.0,0.0,0.0,0.0,0.0,0.0,1.0,0.0,0.0,0.0,0.0,0.0,0.0,0.0,0.0,0.0,0.0
88ad36c65dfffff,0.0,0.0,0.0,0.0,0.0,1.0,0.0,1.0,0.0,0.0,0.0,0.0,0.0,0.0,0.0,0.0,0.0,0.0,0.0,0.0,0.0,0.0,1.0,0.0,0.0,0.0,0.0,0.0,1.0,0.0,0.0,0.0,0.0,0.0,0.0,0.0,0.0,0.0,0.0,0.0,0.0,0.0,0.0,1.0,0.0,0.0,0.0,0.0,0.0,0.0,1.0,0.0,0.0
88ad36c661fffff,4.0,7.0,3.0,17.0,10.0,10.0,6.0,6.0,19.0,7.0,11.0,13.0,8.0,9.0,2.0,6.0,2.0,5.0,4.0,3.0,2.0,1.0,9.0,6.0,8.0,7.0,10.0,6.0,19.0,6.0,9.0,9.0,16.0,11.0,3.0,9.0,6.0,7.0,1.0,12.0,12.0,12.0,7.0,7.0,6.0,4.0,11.0,5.0,13.0,7.0,10.0,9.0,5.0
88ad36c663fffff,0.0,1.0,0.0,1.0,0.0,0.0,2.0,1.0,1.0,1.0,0.0,0.0,0.0,0.0,0.0,0.0,0.0,0.0,0.0,1.0,1.0,1.0,0.0,0.0,1.0,1.0,0.0,2.0,1.0,0.0,0.0,1.0,1.0,1.0,3.0,1.0,0.0,0.0,1.0,0.0,1.0,0.0,0.0,1.0,2.0,0.0,0.0,2.0,1.0,2.0,1.0,1.0,1.0
88ad36c66bfffff,1.0,3.0,4.0,0.0,2.0,1.0,3.0,4.0,2.0,5.0,2.0,2.0,5.0,2.0,0.0,2.0,0.0,0.0,0.0,1.0,0.0,0.0,0.0,1.0,4.0,2.0,1.0,2.0,2.0,1.0,3.0,1.0,2.0,1.0,0.0,1.0,4.0,2.0,6.0,8.0,7.0,8.0,4.0,4.0,7.0,1.0,1.0,3.0,0.0,1.0,5.0,4.0,1.0
88ad36c66dfffff,0.0,1.0,0.0,0.0,1.0,1.0,1.0,0.0,0.0,0.0,2.0,0.0,0.0,0.0,0.0,0.0,0.0,1.0,0.0,1.0,0.0,1.0,0.0,0.0,0.0,0.0,1.0,0.0,2.0,0.0,2.0,0.0,0.0,0.0,0.0,1.0,0.0,1.0,0.0,1.0,0.0,1.0,0.0,1.0,0.0,0.0,1.0,1.0,0.0,0.0,0.0,0.0,0.0
88ad36c681fffff,0.0,0.0,0.0,0.0,0.0,0.0,0.0,0.0,0.0,0.0,0.0,0.0,0.0,0.0,0.0,0.0,0.0,0.0,0.0,0.0,0.0,0.0,0.0,0.0,0.0,0.0,1.0,0.0,0.0,0.0,0.0,0.0,0.0,0.0,0.0,0.0,0.0,0.0,0.0,0.0,0.0,0.0,0.0,0.0,0.0,0.0,0.0,0.0,0.0,0.0,0.0,0.0,0.0
88ad36c683fffff,0.0,0.0,0.0,0.0,0.0,0.0,0.0,0.0,0.0,0.0,0.0,0.0,0.0,1.0,0.0,0.0,0.0,0.0,0.0,0.0,0.0,0.0,0.0,0.0,0.0,0.0,0.0,0.0,0.0,0.0,0.0,1.0,0.0,0.0,0.0,0.0,0.0,0.0,0.0,0.0,0.0,0.0,0.0,0.0,1.0,0.0,0.0,0.0,0.0,0.0,0.0,0.0,0.0
88ad36c685fffff,0.0,0.0,0.0,2.0,1.0,1.0,0.0,2.0,0.0,1.0,1.0,0.0,1.0,0.0,1.0,0.0,12.0,0.0,0.0,1.0,0.0,2.0,1.0,1.0,0.0,0.0,0.0,2.0,3.0,1.0,0.0,4.0,4.0,0.0,2.0,1.0,4.0,0.0,1.0,1.0,3.0,2.0,0.0,2.0,2.0,5.0,3.0,2.0,7.0,2.0,1.0,2.0,1.0
88ad36c687fffff,0.0,0.0,0.0,0.0,0.0,0.0,0.0,1.0,0.0,0.0,0.0,0.0,0.0,0.0,0.0,0.0,0.0,0.0,0.0,0.0,0.0,0.0,0.0,0.0,0.0,0.0,0.0,2.0,1.0,0.0,0.0,0.0,1.0,0.0,0.0,2.0,0.0,0.0,0.0,0.0,0.0,0.0,0.0,0.0,0.0,0.0,1.0,0.0,1.0,0.0,0.0,0.0,0.0
88ad36c689fffff,0.0,0.0,0.0,0.0,0.0,0.0,0.0,0.0,0.0,0.0,0.0,0.0,0.0,0.0,0.0,0.0,0.0,0.0,0.0,0.0,0.0,0.0,0.0,0.0,0.0,0.0,0.0,0.0,0.0,0.0,0.0,0.0,0.0,0.0,0.0,0.0,0.0,0.0,0.0,0.0,1.0,0.0,0.0,1.0,0.0,0.0,0.0,0.0,0.0,0.0,0.0,0.0,0.0
88ad36c68bfffff,0.0,0.0,0.0,0.0,0.0,0.0,0.0,1.0,0.0,0.0,0.0,0.0,0.0,0.0,0.0,0.0,0.0,0.0,0.0,0.0,0.0,0.0,0.0,0.0,0.0,0.0,0.0,0.0,0.0,0.0,0.0,0.0,0.0,0.0,0.0,0.0,1.0,0.0,0.0,0.0,0.0,0.0,0.0,0.0,0.0,0.0,0.0,0.0,0.0,0.0,0.0,0.0,0.0
88ad36c68dfffff,0.0,1.0,0.0,0.0,0.0,0.0,0.0,0.0,0.0,0.0,0.0,0.0,0.0,0.0,0.0,0.0,0.0,0.0,0.0,0.0,0.0,0.0,1.0,0.0,0.0,0.0,0.0,0.0,0.0,0.0,0.0,0.0,0.0,0.0,0.0,0.0,0.0,0.0,0.0,0.0,0.0,0.0,0.0,0.0,0.0,0.0,0.0,0.0,0.0,0.0,0.0,0.0,0.0
88ad36c691fffff,5.0,9.0,10.0,6.0,10.0,9.0,14.0,8.0,4.0,6.0,10.0,14.0,5.0,1.0,1.0,1.0,3.0,3.0,5.0,3.0,7.0,2.0,6.0,1.0,3.0,6.0,1.0,1.0,9.0,7.0,11.0,14.0,5.0,8.0,6.0,7.0,19.0,12.0,8.0,11.0,14.0,17.0,9.0,23.0,6.0,7.0,13.0,14.0,10.0,5.0,8.0,5.0,10.0
88ad36c693fffff,2.0,11.0,11.0,13.0,8.0,5.0,18.0,14.0,16.0,16.0,13.0,13.0,10.0,4.0,2.0,0.0,3.0,2.0,8.0,3.0,3.0,4.0,3.0,2.0,1.0,5.0,9.0,3.0,5.0,5.0,7.0,7.0,12.0,6.0,7.0,6.0,8.0,7.0,11.0,5.0,20.0,66.0,20.0,33.0,16.0,7.0,8.0,15.0,16.0,6.0,7.0,5.0,10.0
88ad36c695fffff,0.0,0.0,0.0,0.0,0.0,0.0,0.0,0.0,0.0,0.0,0.0,0.0,0.0,0.0,0.0,0.0,0.0,0.0,0.0,0.0,0.0,0.0,0.0,0.0,0.0,0.0,1.0,0.0,0.0,1.0,0.0,0.0,0.0,0.0,1.0,0.0,0.0,0.0,0.0,0.0,0.0,0.0,0.0,0.0,0.0,0.0,0.0,0.0,0.0,0.0,0.0,0.0,0.0
88ad36c699fffff,8.0,16.0,18.0,16.0,18.0,21.0,17.0,24.0,18.0,23.0,20.0,12.0,7.0,5.0,3.0,2.0,7.0,2.0,0.0,6.0,6.0,3.0,6.0,7.0,7.0,10.0,3.0,13.0,9.0,15.0,10.0,13.0,4.0,7.0,9.0,5.0,17.0,11.0,14.0,9.0,16.0,22.0,9.0,21.0,8.0,9.0,14.0,11.0,24.0,24.0,19.0,10.0,14.0
88ad36c69bfffff,7.0,25.0,22.0,20.0,22.0,16.0,23.0,18.0,23.0,21.0,14.0,18.0,15.0,5.0,5.0,3.0,8.0,4.0,9.0,5.0,10.0,2.0,9.0,5.0,4.0,3.0,15.0,14.0,5.0,8.0,10.0,19.0,11.0,22.0,8.0,18.0,11.0,16.0,21.0,12.0,29.0,34.0,20.0,24.0,31.0,15.0,12.0,32.0,20.0,14.0,13.0,6.0,16.0
88ad36c69dfffff,0.0,6.0,3.0,11.0,1.0,4.0,2.0,1.0,2.0,1.0,2.0,3.0,4.0,1.0,2.0,2.0,1.0,1.0,0.0,2.0,1.0,3.0,1.0,1.0,2.0,2.0,4.0,0.0,0.0,2.0,0.0,4.0,0.0,5.0,7.0,6.0,8.0,3.0,6.0,4.0,6.0,4.0,2.0,3.0,6.0,9.0,8.0,6.0,6.0,4.0,0.0,0.0,1.0
88ad36c6a1fffff,11.0,29.0,22.0,13.0,32.0,26.0,21.0,12.0,25.0,36.0,18.0,30.0,14.0,14.0,6.0,11.0,13.0,23.0,11.0,12.0,6.0,16.0,17.0,11.0,15.0,16.0,12.0,26.0,28.0,26.0,34.0,33.0,22.0,13.0,22.0,15.0,12.0,23.0,11.0,27.0,31.0,22.0,24.0,35.0,24.0,27.0,24.0,22.0,38.0,27.0,18.0,25.0,15.0
88ad36c6a3fffff,12.0,21.0,10.0,34.0,28.0,48.0,18.0,12.0,24.0,32.0,27.0,15.0,9.0,4.0,6.0,13.0,8.0,6.0,9.0,7.0,8.0,6.0,23.0,20.0,11.0,10.0,6.0,19.0,7.0,10.0,15.0,38.0,15.0,19.0,13.0,15.0,12.0,24.0,28.0,25.0,32.0,15.0,29.0,28.0,31.0,34.0,21.0,18.0,19.0,25.0,11.0,11.0,14.0
88ad36c6a5fffff,15.0,23.0,35.0,22.0,39.0,26.0,29.0,20.0,33.0,34.0,34.0,34.0,17.0,16.0,7.0,23.0,6.0,15.0,7.0,19.0,18.0,6.0,21.0,18.0,17.0,31.0,28.0,29.0,47.0,28.0,29.0,24.0,21.0,25.0,23.0,35.0,30.0,24.0,12.0,26.0,21.0,40.0,28.0,29.0,21.0,37.0,20.0,21.0,44.0,29.0,22.0,27.0,17.0
88ad36c6a7fffff,4.0,5.0,16.0,13.0,14.0,15.0,14.0,0.0,11.0,26.0,13.0,26.0,17.0,4.0,11.0,11.0,7.0,15.0,7.0,7.0,14.0,9.0,21.0,16.0,5.0,8.0,14.0,14.0,19.0,19.0,19.0,22.0,8.0,20.0,11.0,10.0,21.0,24.0,14.0,15.0,21.0,13.0,17.0,27.0,30.0,18.0,21.0,9.0,18.0,17.0,19.0,17.0,12.0
88ad36c6a9fffff,10.0,10.0,13.0,20.0,22.0,17.0,25.0,20.0,33.0,26.0,18.0,29.0,10.0,5.0,13.0,10.0,8.0,6.0,4.0,5.0,7.0,4.0,4.0,10.0,8.0,4.0,11.0,15.0,24.0,8.0,10.0,17.0,14.0,21.0,15.0,16.0,13.0,17.0,19.0,26.0,48.0,27.0,23.0,21.0,15.0,14.0,20.0,22.0,17.0,54.0,28.0,26.0,19.0
88ad36c6abfffff,4.0,17.0,17.0,10.0,5.0,7.0,12.0,11.0,11.0,22.0,12.0,8.0,5.0,7.0,2.0,2.0,7.0,3.0,2.0,1.0,0.0,3.0,3.0,6.0,3.0,8.0,4.0,13.0,9.0,7.0,3.0,8.0,15.0,8.0,8.0,9.0,11.0,11.0,9.0,13.0,15.0,25.0,18.0,15.0,24.0,27.0,10.0,26.0,20.0,19.0,26.0,31.0,17.0
88ad36c6adfffff,13.0,17.0,28.0,14.0,26.0,18.0,33.0,23.0,27.0,37.0,25.0,42.0,16.0,14.0,11.0,13.0,9.0,16.0,13.0,15.0,7.0,10.0,12.0,9.0,19.0,18.0,15.0,15.0,33.0,17.0,26.0,18.0,21.0,30.0,18.0,18.0,20.0,13.0,15.0,32.0,15.0,35.0,26.0,37.0,35.0,21.0,27.0,23.0,42.0,25.0,29.0,29.0,7.0
88ad36c6b1fffff,3.0,13.0,7.0,5.0,9.0,3.0,7.0,3.0,4.0,15.0,5.0,8.0,3.0,3.0,4.0,0.0,3.0,1.0,1.0,7.0,0.0,6.0,9.0,8.0,4.0,5.0,5.0,4.0,5.0,5.0,6.0,8.0,3.0,14.0,6.0,5.0,6.0,6.0,1.0,3.0,5.0,8.0,8.0,3.0,6.0,2.0,6.0,8.0,11.0,7.0,9.0,4.0,7.0
88ad36c6b3fffff,20.0,40.0,31.0,27.0,34.0,37.0,32.0,36.0,41.0,20.0,39.0,38.0,14.0,37.0,18.0,19.0,28.0,22.0,26.0,33.0,23.0,39.0,30.0,17.0,16.0,19.0,42.0,48.0,24.0,27.0,29.0,33.0,27.0,30.0,51.0,37.0,27.0,39.0,42.0,45.0,31.0,36.0,40.0,38.0,28.0,25.0,16.0,31.0,36.0,20.0,41.0,21.0,9.0
88ad36c6b5fffff,15.0,21.0,16.0,24.0,30.0,32.0,11.0,19.0,12.0,17.0,21.0,19.0,17.0,15.0,10.0,15.0,7.0,15.0,14.0,11.0,5.0,8.0,22.0,11.0,12.0,13.0,15.0,12.0,25.0,6.0,22.0,35.0,7.0,14.0,16.0,16.0,20.0,14.0,15.0,24.0,14.0,26.0,25.0,28.0,25.0,34.0,18.0,19.0,34.0,25.0,14.0,28.0,6.0
88ad36c6b7fffff,15.0,30.0,20.0,46.0,27.0,27.0,22.0,24.0,21.0,28.0,20.0,27.0,23.0,24.0,20.0,17.0,13.0,11.0,18.0,14.0,17.0,17.0,19.0,9.0,16.0,23.0,14.0,9.0,22.0,14.0,15.0,15.0,27.0,22.0,19.0,20.0,30.0,15.0,16.0,28.0,17.0,12.0,15.0,21.0,23.0,30.0,18.0,29.0,17.0,21.0,22.0,20.0,11.0
88ad36c6b9fffff,0.0,3.0,1.0,8.0,5.0,1.0,2.0,1.0,4.0,4.0,5.0,2.0,1.0,8.0,2.0,2.0,3.0,1.0,0.0,3.0,2.0,0.0,2.0,3.0,3.0,2.0,1.0,1.0,0.0,7.0,4.0,2.0,5.0,5.0,3.0,1.0,3.0,1.0,4.0,1.0,4.0,3.0,3.0,3.0,3.0,6.0,1.0,3.0,1.0,1.0,1.0,10.0,0.0
88ad36c6bbfffff,2.0,4.0,3.0,8.0,5.0,6.0,7.0,4.0,13.0,8.0,8.0,4.0,1.0,9.0,5.0,3.0,2.0,12.0,7.0,8.0,2.0,7.0,5.0,4.0,4.0,5.0,1.0,8.0,10.0,8.0,8.0,3.0,9.0,16.0,9.0,11.0,11.0,2.0,11.0,9.0,7.0,5.0,5.0,6.0,5.0,6.0,10.0,5.0,9.0,4.0,7.0,13.0,7.0
88ad36c6bdfffff,0.0,0.0,1.0,0.0,0.0,2.0,0.0,0.0,0.0,0.0,1.0,0.0,1.0,0.0,0.0,2.0,0.0,0.0,0.0,0.0,0.0,0.0,0.0,0.0,0.0,1.0,0.0,0.0,0.0,0.0,1.0,0.0,0.0,1.0,1.0,0.0,3.0,1.0,0.0,0.0,1.0,1.0,0.0,0.0,1.0,0.0,0.0,0.0,3.0,1.0,0.0,1.0,0.0
88ad36c6c1fffff,8.0,10.0,13.0,19.0,13.0,18.0,19.0,19.0,21.0,22.0,16.0,14.0,8.0,13.0,5.0,4.0,7.0,5.0,0.0,14.0,17.0,10.0,9.0,6.0,10.0,15.0,7.0,18.0,17.0,24.0,9.0,9.0,25.0,17.0,16.0,12.0,16.0,16.0,8.0,18.0,24.0,18.0,25.0,10.0,20.0,17.0,5.0,11.0,19.0,20.0,24.0,4.0,4.0
88ad36c6c3fffff,5.0,14.0,10.0,28.0,16.0,21.0,15.0,12.0,11.0,5.0,20.0,15.0,10.0,6.0,5.0,9.0,17.0,7.0,4.0,6.0,6.0,8.0,6.0,6.0,12.0,14.0,5.0,11.0,9.0,21.0,14.0,12.0,14.0,17.0,28.0,11.0,15.0,9.0,8.0,10.0,17.0,17.0,19.0,10.0,17.0,11.0,11.0,15.0,17.0,19.0,20.0,11.0,11.0
88ad36c6c5fffff,1.0,1.0,0.0,0.0,0.0,0.0,1.0,0.0,0.0,0.0,0.0,0.0,0.0,0.0,1.0,0.0,1.0,1.0,0.0,0.0,0.0,0.0,0.0,0.0,0.0,0.0,1.0,0.0,0.0,1.0,0.0,0.0,0.0,0.0,0.0,0.0,0.0,1.0,0.0,0.0,0.0,0.0,0.0,0.0,0.0,2.0,0.0,0.0,0.0,1.0,1.0,0.0,0.0
88ad36c6c7fffff,2.0,12.0,9.0,9.0,3.0,5.0,11.0,9.0,7.0,16.0,7.0,4.0,3.0,3.0,3.0,2.0,6.0,4.0,4.0,10.0,1.0,10.0,3.0,1.0,2.0,5.0,4.0,6.0,11.0,10.0,3.0,4.0,3.0,5.0,5.0,5.0,2.0,5.0,3.0,3.0,8.0,5.0,9.0,5.0,5.0,5.0,6.0,5.0,11.0,19.0,9.0,10.0,4.0
88ad36c6c9fffff,1.0,15.0,7.0,10.0,9.0,18.0,20.0,18.0,9.0,12.0,21.0,19.0,17.0,13.0,18.0,12.0,10.0,12.0,8.0,4.0,13.0,5.0,6.0,4.0,7.0,6.0,4.0,13.0,10.0,28.0,14.0,20.0,17.0,14.0,11.0,10.0,12.0,29.0,4.0,9.0,19.0,24.0,19.0,4.0,12.0,11.0,23.0,6.0,4.0,5.0,21.0,9.0,5.0
88ad36c6cbfffff,5.0,27.0,23.0,20.0,8.0,22.0,18.0,15.0,17.0,16.0,28.0,17.0,11.0,15.0,8.0,5.0,3.0,10.0,6.0,5.0,5.0,4.0,10.0,8.0,13.0,3.0,9.0,8.0,16.0,26.0,11.0,16.0,15.0,10.0,16.0,9.0,18.0,17.0,4.0,15.0,21.0,33.0,9.0,12.0,12.0,12.0,14.0,4.0,9.0,11.0,17.0,13.0,5.0
88ad36c6cdfffff,0.0,1.0,0.0,0.0,0.0,1.0,1.0,1.0,0.0,2.0,1.0,2.0,0.0,0.0,0.0,2.0,0.0,0.0,1.0,0.0,2.0,0.0,0.0,2.0,0.0,0.0,0.0,0.0,2.0,1.0,0.0,0.0,1.0,0.0,0.0,1.0,0.0,2.0,0.0,2.0,1.0,5.0,1.0,2.0,1.0,1.0,3.0,0.0,0.0,2.0,5.0,4.0,0.0
88ad36c6d1fffff,4.0,16.0,15.0,17.0,19.0,17.0,14.0,11.0,36.0,15.0,14.0,13.0,11.0,5.0,2.0,5.0,9.0,3.0,5.0,6.0,4.0,6.0,5.0,3.0,1.0,1.0,0.0,4.0,6.0,21.0,3.0,7.0,3.0,8.0,10.0,5.0,19.0,17.0,14.0,7.0,6.0,21.0,15.0,10.0,6.0,6.0,10.0,8.0,12.0,14.0,9.0,7.0,5.0
88ad36c6d3fffff,9.0,11.0,13.0,30.0,13.0,16.0,8.0,16.0,13.0,16.0,14.0,17.0,8.0,3.0,5.0,0.0,2.0,2.0,5.0,6.0,2.0,1.0,5.0,5.0,3.0,4.0,6.0,12.0,9.0,13.0,4.0,8.0,10.0,10.0,3.0,10.0,9.0,12.0,14.0,11.0,20.0,6.0,13.0,9.0,19.0,11.0,6.0,3.0,21.0,8.0,13.0,12.0,6.0
88ad36c6d5fffff,0.0,0.0,0.0,5.0,0.0,0.0,0.0,0.0,0.0,0.0,0.0,0.0,0.0,0.0,0.0,0.0,0.0,0.0,0.0,0.0,0.0,0.0,0.0,0.0,0.0,0.0,0.0,0.0,0.0,0.0,2.0,1.0,0.0,0.0,0.0,0.0,0.0,0.0,0.0,0.0,3.0,0.0,0.0,0.0,0.0,0.0,0.0,0.0,0.0,0.0,0.0,0.0,1.0
88ad36c6d7fffff,0.0,2.0,4.0,2.0,2.0,0.0,0.0,1.0,0.0,1.0,0.0,0.0,4.0,0.0,1.0,0.0,0.0,0.0,0.0,1.0,0.0,0.0,0.0,3.0,1.0,1.0,0.0,5.0,2.0,2.0,1.0,4.0,0.0,0.0,2.0,0.0,2.0,0.0,1.0,1.0,1.0,2.0,1.0,1.0,1.0,0.0,2.0,0.0,2.0,4.0,3.0,0.0,3.0
88ad36c6d9fffff,8.0,15.0,31.0,10.0,17.0,20.0,9.0,12.0,11.0,7.0,11.0,19.0,16.0,10.0,4.0,5.0,6.0,4.0,11.0,4.0,10.0,6.0,6.0,0.0,5.0,7.0,13.0,15.0,8.0,15.0,8.0,9.0,5.0,6.0,13.0,8.0,10.0,19.0,9.0,18.0,11.0,21.0,8.0,9.0,5.0,18.0,10.0,7.0,8.0,17.0,14.0,6.0,8.0
88ad36c6dbfffff,1.0,3.0,2.0,6.0,8.0,14.0,8.0,17.0,9.0,6.0,7.0,5.0,2.0,1.0,1.0,4.0,3.0,0.0,4.0,2.0,7.0,2.0,3.0,2.0,2.0,2.0,1.0,10.0,3.0,7.0,3.0,11.0,6.0,3.0,7.0,4.0,6.0,6.0,7.0,3.0,7.0,1.0,7.0,3.0,9.0,2.0,5.0,8.0,2.0,5.0,6.0,4.0,4.0
88ad36c6ddfffff,7.0,15.0,21.0,47.0,11.0,22.0,15.0,13.0,17.0,17.0,16.0,14.0,8.0,9.0,1.0,3.0,4.0,8.0,5.0,7.0,21.0,1.0,8.0,8.0,5.0,9.0,9.0,10.0,14.0,19.0,12.0,8.0,10.0,12.0,17.0,11.0,13.0,20.0,10.0,12.0,13.0,13.0,9.0,7.0,7.0,10.0,8.0,4.0,10.0,12.0,22.0,4.0,4.0
88ad36c6e3fffff,0.0,2.0,8.0,1.0,2.0,1.0,2.0,0.0,4.0,7.0,3.0,2.0,1.0,1.0,0.0,2.0,0.0,0.0,2.0,0.0,0.0,3.0,0.0,0.0,2.0,1.0,1.0,1.0,1.0,2.0,1.0,1.0,6.0,7.0,2.0,1.0,4.0,3.0,2.0,0.0,0.0,2.0,4.0,5.0,6.0,2.0,1.0,0.0,4.0,1.0,6.0,1.0,0.0
88ad36c6e5fffff,6.0,8.0,15.0,14.0,18.0,16.0,17.0,8.0,16.0,14.0,11.0,24.0,10.0,23.0,4.0,2.0,6.0,1.0,4.0,4.0,2.0,1.0,7.0,8.0,9.0,9.0,6.0,9.0,5.0,5.0,7.0,4.0,6.0,6.0,13.0,13.0,18.0,11.0,7.0,19.0,17.0,18.0,16.0,8.0,15.0,12.0,5.0,16.0,21.0,16.0,13.0,10.0,2.0
88ad36c6e7fffff,7.0,11.0,8.0,10.0,7.0,9.0,17.0,8.0,12.0,17.0,8.0,11.0,4.0,4.0,6.0,2.0,5.0,4.0,7.0,3.0,6.0,5.0,8.0,10.0,9.0,2.0,5.0,8.0,13.0,7.0,4.0,10.0,11.0,10.0,2.0,5.0,5.0,7.0,3.0,5.0,5.0,5.0,18.0,11.0,10.0,20.0,13.0,12.0,17.0,17.0,8.0,12.0,8.0
88ad36c6e9fffff,0.0,0.0,0.0,0.0,1.0,0.0,0.0,0.0,0.0,0.0,0.0,0.0,0.0,0.0,0.0,0.0,0.0,0.0,0.0,0.0,0.0,0.0,0.0,0.0,0.0,0.0,0.0,1.0,0.0,0.0,0.0,0.0,0.0,0.0,0.0,0.0,0.0,0.0,0.0,0.0,0.0,0.0,0.0,0.0,0.0,0.0,0.0,0.0,0.0,0.0,0.0,0.0,0.0
88ad36c6ebfffff,0.0,0.0,0.0,0.0,0.0,0.0,0.0,0.0,0.0,0.0,0.0,0.0,0.0,0.0,0.0,0.0,0.0,0.0,0.0,0.0,0.0,0.0,0.0,0.0,0.0,0.0,0.0,0.0,0.0,0.0,0.0,0.0,0.0,0.0,0.0,0.0,0.0,0.0,0.0,0.0,0.0,0.0,0.0,0.0,0.0,1.0,0.0,0.0,0.0,0.0,0.0,0.0,0.0
88ad36c741fffff,0.0,0.0,1.0,0.0,1.0,0.0,0.0,0.0,1.0,1.0,1.0,1.0,0.0,0.0,0.0,0.0,0.0,0.0,0.0,0.0,0.0,0.0,3.0,0.0,1.0,0.0,1.0,0.0,0.0,0.0,1.0,1.0,0.0,2.0,1.0,0.0,0.0,2.0,1.0,1.0,1.0,0.0,2.0,0.0,1.0,0.0,1.0,0.0,0.0,0.0,1.0,2.0,0.0
88ad36c743fffff,0.0,1.0,2.0,1.0,0.0,0.0,1.0,0.0,0.0,0.0,1.0,2.0,0.0,0.0,0.0,0.0,0.0,0.0,0.0,0.0,0.0,0.0,0.0,0.0,0.0,0.0,0.0,0.0,3.0,0.0,1.0,0.0,0.0,0.0,0.0,1.0,2.0,0.0,0.0,0.0,0.0,0.0,6.0,0.0,0.0,0.0,0.0,0.0,0.0,2.0,0.0,0.0,0.0
88ad36c749fffff,2.0,9.0,11.0,4.0,5.0,6.0,3.0,8.0,9.0,6.0,8.0,7.0,0.0,4.0,3.0,1.0,1.0,10.0,1.0,1.0,4.0,2.0,3.0,4.0,9.0,4.0,7.0,7.0,4.0,3.0,2.0,4.0,0.0,5.0,6.0,9.0,6.0,7.0,7.0,6.0,6.0,6.0,6.0,2.0,4.0,1.0,2.0,12.0,2.0,5.0,13.0,8.0,7.0
88ad36c74bfffff,2.0,5.0,6.0,6.0,9.0,6.0,6.0,7.0,7.0,1.0,2.0,16.0,7.0,1.0,1.0,2.0,3.0,0.0,1.0,2.0,2.0,3.0,0.0,2.0,2.0,9.0,9.0,3.0,5.0,2.0,6.0,11.0,14.0,4.0,2.0,2.0,4.0,6.0,2.0,9.0,7.0,7.0,9.0,1.0,2.0,9.0,4.0,4.0,6.0,4.0,3.0,1.0,3.0
88ad36c74dfffff,0.0,0.0,3.0,4.0,0.0,0.0,1.0,2.0,1.0,0.0,0.0,3.0,0.0,0.0,0.0,1.0,0.0,1.0,1.0,0.0,0.0,0.0,0.0,1.0,5.0,3.0,1.0,0.0,4.0,0.0,0.0,0.0,0.0,0.0,1.0,3.0,0.0,0.0,1.0,1.0,0.0,1.0,0.0,2.0,1.0,0.0,2.0,3.0,6.0,2.0,1.0,0.0,0.0
88ad36d091fffff,0.0,0.0,1.0,0.0,1.0,0.0,0.0,0.0,0.0,1.0,0.0,0.0,1.0,1.0,0.0,0.0,0.0,0.0,1.0,1.0,0.0,0.0,0.0,2.0,2.0,0.0,1.0,1.0,3.0,1.0,1.0,1.0,0.0,1.0,0.0,0.0,0.0,0.0,0.0,1.0,1.0,1.0,0.0,0.0,0.0,0.0,1.0,0.0,0.0,0.0,0.0,0.0,0.0
88ad36d093fffff,0.0,0.0,3.0,0.0,0.0,0.0,0.0,0.0,0.0,0.0,2.0,2.0,1.0,1.0,0.0,0.0,0.0,0.0,2.0,1.0,0.0,1.0,1.0,4.0,0.0,0.0,1.0,1.0,2.0,1.0,0.0,2.0,2.0,2.0,1.0,2.0,1.0,1.0,0.0,0.0,1.0,0.0,1.0,1.0,4.0,1.0,0.0,1.0,2.0,2.0,0.0,0.0,1.0
88ad36d097fffff,0.0,0.0,0.0,0.0,0.0,1.0,0.0,0.0,0.0,0.0,0.0,1.0,0.0,0.0,0.0,0.0,0.0,0.0,0.0,0.0,0.0,0.0,0.0,0.0,0.0,0.0,0.0,1.0,0.0,0.0,0.0,0.0,0.0,0.0,0.0,0.0,0.0,1.0,0.0,0.0,0.0,0.0,0.0,0.0,0.0,0.0,0.0,0.0,0.0,0.0,0.0,0.0,0.0
88ad36d09bfffff,0.0,1.0,1.0,0.0,0.0,0.0,0.0,1.0,0.0,0.0,0.0,1.0,2.0,0.0,0.0,0.0,0.0,0.0,1.0,2.0,0.0,0.0,2.0,0.0,1.0,0.0,1.0,2.0,0.0,1.0,1.0,1.0,2.0,0.0,0.0,0.0,0.0,1.0,0.0,1.0,2.0,0.0,2.0,1.0,2.0,0.0,0.0,0.0,0.0,0.0,1.0,0.0,1.0
88ad36d09dfffff,0.0,0.0,0.0,0.0,0.0,0.0,0.0,0.0,0.0,0.0,0.0,0.0,0.0,0.0,0.0,0.0,0.0,0.0,0.0,0.0,0.0,0.0,0.0,0.0,0.0,0.0,0.0,0.0,0.0,0.0,0.0,0.0,0.0,0.0,0.0,0.0,0.0,0.0,0.0,0.0,0.0,1.0,0.0,0.0,0.0,0.0,0.0,0.0,0.0,0.0,0.0,0.0,0.0
88ad36d0b7fffff,0.0,0.0,0.0,0.0,0.0,0.0,0.0,0.0,0.0,0.0,0.0,0.0,0.0,0.0,0.0,0.0,0.0,0.0,0.0,0.0,0.0,0.0,0.0,0.0,0.0,0.0,0.0,0.0,0.0,0.0,0.0,0.0,0.0,0.0,0.0,0.0,0.0,0.0,0.0,0.0,0.0,0.0,0.0,0.0,1.0,0.0,0.0,0.0,0.0,0.0,0.0,0.0,0.0
88ad36d0bdfffff,0.0,0.0,0.0,0.0,0.0,0.0,0.0,0.0,0.0,0.0,0.0,0.0,0.0,0.0,0.0,0.0,0.0,1.0,0.0,0.0,0.0,0.0,0.0,0.0,0.0,0.0,0.0,0.0,0.0,0.0,1.0,0.0,0.0,0.0,0.0,0.0,0.0,0.0,0.0,0.0,1.0,0.0,0.0,0.0,0.0,0.0,0.0,0.0,0.0,0.0,0.0,0.0,0.0
88ad36d405fffff,13.0,12.0,19.0,15.0,11.0,21.0,25.0,14.0,14.0,25.0,20.0,20.0,18.0,6.0,17.0,11.0,6.0,3.0,8.0,5.0,8.0,15.0,14.0,36.0,13.0,9.0,9.0,36.0,24.0,31.0,15.0,27.0,8.0,16.0,16.0,24.0,20.0,20.0,21.0,26.0,19.0,14.0,16.0,22.0,34.0,25.0,14.0,29.0,26.0,15.0,22.0,11.0,6.0
88ad36d407fffff,3.0,6.0,5.0,2.0,4.0,6.0,8.0,7.0,2.0,10.0,10.0,9.0,5.0,5.0,3.0,1.0,2.0,3.0,4.0,3.0,2.0,9.0,4.0,4.0,8.0,4.0,3.0,8.0,10.0,6.0,10.0,3.0,4.0,6.0,8.0,8.0,5.0,4.0,10.0,1.0,13.0,13.0,3.0,9.0,9.0,7.0,4.0,6.0,4.0,6.0,6.0,8.0,0.0
88ad36d40dfffff,1.0,3.0,5.0,3.0,3.0,0.0,0.0,1.0,4.0,0.0,2.0,3.0,1.0,0.0,0.0,0.0,0.0,0.0,0.0,0.0,1.0,1.0,1.0,1.0,5.0,3.0,0.0,5.0,1.0,0.0,2.0,1.0,0.0,1.0,1.0,4.0,3.0,3.0,3.0,2.0,2.0,6.0,3.0,1.0,1.0,3.0,7.0,3.0,1.0,2.0,0.0,2.0,0.0
88ad36d421fffff,10.0,14.0,14.0,12.0,17.0,16.0,15.0,8.0,14.0,14.0,16.0,10.0,8.0,6.0,1.0,7.0,6.0,4.0,4.0,5.0,4.0,14.0,13.0,14.0,13.0,8.0,7.0,14.0,13.0,5.0,13.0,13.0,12.0,6.0,14.0,20.0,18.0,13.0,9.0,15.0,22.0,16.0,9.0,8.0,13.0,8.0,10.0,18.0,9.0,8.0,17.0,6.0,6.0
88ad36d423fffff,13.0,48.0,22.0,23.0,31.0,32.0,29.0,23.0,25.0,12.0,26.0,31.0,16.0,13.0,9.0,12.0,6.0,10.0,25.0,8.0,18.0,13.0,27.0,19.0,11.0,20.0,20.0,25.0,27.0,11.0,29.0,24.0,28.0,24.0,32.0,42.0,37.0,38.0,27.0,19.0,32.0,27.0,34.0,43.0,43.0,35.0,18.0,29.0,38.0,29.0,24.0,16.0,9.0
88ad36d425fffff,25.0,63.0,52.0,64.0,53.0,61.0,54.0,58.0,52.0,78.0,49.0,32.0,36.0,50.0,25.0,35.0,21.0,45.0,37.0,26.0,46.0,41.0,41.0,43.0,26.0,34.0,39.0,40.0,40.0,71.0,54.0,49.0,49.0,44.0,48.0,67.0,65.0,64.0,31.0,44.0,66.0,41.0,46.0,42.0,59.0,52.0,31.0,38.0,45.0,50.0,39.0,22.0,29.0
88ad36d427fffff,19.0,36.0,25.0,29.0,25.0,31.0,20.0,38.0,35.0,37.0,14.0,30.0,23.0,14.0,8.0,9.0,16.0,16.0,17.0,11.0,11.0,29.0,19.0,12.0,22.0,9.0,33.0,30.0,29.0,27.0,33.0,25.0,30.0,40.0,32.0,35.0,43.0,37.0,11.0,19.0,23.0,35.0,20.0,25.0,32.0,19.0,22.0,21.0,17.0,22.0,26.0,13.0,13.0
88ad36d429fffff,9.0,13.0,25.0,32.0,24.0,24.0,20.0,22.0,12.0,20.0,14.0,24.0,16.0,7.0,11.0,5.0,3.0,11.0,7.0,14.0,10.0,15.0,16.0,10.0,8.0,16.0,12.0,13.0,7.0,20.0,19.0,21.0,13.0,24.0,22.0,15.0,14.0,18.0,19.0,31.0,20.0,26.0,16.0,36.0,34.0,11.0,13.0,17.0,31.0,18.0,23.0,24.0,13.0
88ad36d42bfffff,7.0,20.0,16.0,17.0,20.0,18.0,27.0,24.0,14.0,34.0,36.0,16.0,9.0,12.0,5.0,13.0,4.0,5.0,7.0,9.0,10.0,28.0,17.0,28.0,22.0,27.0,13.0,17.0,15.0,12.0,25.0,16.0,15.0,23.0,18.0,17.0,20.0,9.0,13.0,18.0,17.0,20.0,19.0,15.0,33.0,16.0,14.0,21.0,16.0,22.0,15.0,6.0,10.0
88ad36d42dfffff,9.0,10.0,16.0,29.0,8.0,15.0,25.0,19.0,28.0,24.0,12.0,15.0,10.0,7.0,17.0,6.0,5.0,8.0,14.0,10.0,18.0,13.0,7.0,11.0,14.0,15.0,9.0,7.0,25.0,18.0,13.0,12.0,15.0,13.0,7.0,16.0,23.0,26.0,13.0,8.0,37.0,12.0,26.0,13.0,17.0,20.0,17.0,14.0,16.0,10.0,12.0,22.0,6.0
88ad36d431fffff,6.0,17.0,9.0,3.0,8.0,5.0,9.0,5.0,13.0,2.0,6.0,5.0,10.0,1.0,2.0,0.0,0.0,3.0,4.0,2.0,4.0,6.0,4.0,19.0,4.0,7.0,7.0,16.0,9.0,9.0,14.0,8.0,3.0,9.0,8.0,13.0,3.0,15.0,4.0,3.0,11.0,7.0,6.0,4.0,4.0,8.0,17.0,5.0,10.0,7.0,11.0,8.0,8.0
88ad36d435fffff,21.0,24.0,17.0,14.0,18.0,29.0,6.0,15.0,10.0,17.0,6.0,11.0,9.0,3.0,4.0,4.0,6.0,1.0,7.0,4.0,9.0,17.0,18.0,11.0,14.0,11.0,12.0,50.0,38.0,16.0,8.0,20.0,12.0,18.0,21.0,37.0,26.0,11.0,13.0,21.0,20.0,11.0,21.0,16.0,16.0,15.0,9.0,12.0,12.0,8.0,5.0,8.0,7.0
88ad36d437fffff,14.0,17.0,15.0,23.0,16.0,21.0,10.0,12.0,10.0,18.0,4.0,6.0,5.0,3.0,22.0,2.0,4.0,8.0,4.0,7.0,4.0,21.0,23.0,4.0,5.0,18.0,5.0,42.0,25.0,11.0,23.0,23.0,11.0,6.0,11.0,19.0,20.0,20.0,6.0,15.0,16.0,15.0,10.0,12.0,21.0,10.0,16.0,13.0,20.0,19.0,10.0,15.0,2.0
88ad36d43dfffff,10.0,29.0,27.0,14.0,13.0,26.0,14.0,14.0,22.0,34.0,24.0,14.0,5.0,6.0,3.0,4.0,7.0,3.0,7.0,3.0,10.0,11.0,18.0,38.0,8.0,20.0,11.0,14.0,20.0,17.0,17.0,48.0,8.0,24.0,30.0,23.0,23.0,12.0,16.0,20.0,37.0,28.0,12.0,17.0,24.0,28.0,15.0,19.0,13.0,12.0,11.0,8.0,16.0
88ad36d445fffff,1.0,0.0,0.0,2.0,0.0,1.0,0.0,3.0,3.0,2.0,3.0,4.0,1.0,0.0,0.0,2.0,0.0,0.0,1.0,0.0,2.0,0.0,1.0,2.0,1.0,1.0,1.0,1.0,0.0,3.0,1.0,0.0,5.0,0.0,3.0,0.0,7.0,1.0,1.0,4.0,2.0,2.0,2.0,2.0,0.0,3.0,3.0,1.0,4.0,1.0,1.0,0.0,0.0
88ad36d461fffff,12.0,18.0,20.0,18.0,27.0,14.0,28.0,16.0,19.0,20.0,13.0,20.0,10.0,12.0,8.0,6.0,14.0,18.0,12.0,9.0,2.0,8.0,19.0,17.0,16.0,17.0,8.0,26.0,12.0,17.0,16.0,13.0,22.0,41.0,19.0,20.0,10.0,15.0,21.0,22.0,20.0,14.0,18.0,27.0,32.0,23.0,12.0,15.0,25.0,18.0,9.0,14.0,18.0
88ad36d463fffff,18.0,22.0,26.0,30.0,30.0,33.0,39.0,25.0,20.0,30.0,41.0,30.0,34.0,9.0,7.0,6.0,13.0,11.0,19.0,17.0,19.0,6.0,14.0,14.0,15.0,29.0,35.0,44.0,36.0,24.0,17.0,25.0,30.0,15.0,23.0,23.0,33.0,24.0,12.0,39.0,22.0,31.0,23.0,30.0,40.0,29.0,14.0,15.0,32.0,18.0,32.0,17.0,12.0
88ad36d465fffff,5.0,9.0,9.0,13.0,8.0,10.0,5.0,5.0,5.0,7.0,7.0,7.0,2.0,4.0,3.0,2.0,1.0,2.0,1.0,4.0,2.0,3.0,5.0,3.0,8.0,5.0,6.0,0.0,8.0,8.0,3.0,3.0,8.0,9.0,6.0,7.0,6.0,9.0,4.0,16.0,6.0,11.0,8.0,2.0,15.0,9.0,7.0,5.0,7.0,15.0,5.0,11.0,15.0
88ad36d467fffff,9.0,30.0,23.0,36.0,27.0,22.0,30.0,40.0,29.0,61.0,47.0,13.0,27.0,17.0,7.0,12.0,9.0,11.0,22.0,14.0,16.0,18.0,10.0,18.0,16.0,22.0,23.0,24.0,40.0,35.0,31.0,26.0,32.0,28.0,44.0,28.0,26.0,17.0,34.0,38.0,33.0,27.0,23.0,29.0,38.0,25.0,33.0,39.0,43.0,48.0,35.0,24.0,32.0
88ad36d469fffff,4.0,14.0,13.0,17.0,9.0,8.0,26.0,4.0,20.0,8.0,5.0,21.0,12.0,2.0,3.0,9.0,3.0,4.0,2.0,3.0,14.0,9.0,17.0,8.0,11.0,10.0,12.0,13.0,28.0,9.0,8.0,13.0,13.0,35.0,11.0,7.0,21.0,9.0,7.0,13.0,10.0,21.0,13.0,14.0,11.0,20.0,14.0,12.0,36.0,13.0,10.0,10.0,14.0
88ad36d46bfffff,6.0,15.0,10.0,11.0,13.0,14.0,15.0,10.0,4.0,12.0,10.0,6.0,16.0,5.0,6.0,3.0,1.0,4.0,3.0,4.0,4.0,9.0,14.0,9.0,3.0,11.0,24.0,8.0,13.0,6.0,11.0,12.0,16.0,9.0,8.0,8.0,13.0,10.0,6.0,23.0,17.0,11.0,10.0,18.0,11.0,13.0,16.0,11.0,13.0,10.0,10.0,9.0,3.0
88ad36d46dfffff,0.0,10.0,4.0,2.0,5.0,6.0,11.0,3.0,1.0,5.0,5.0,5.0,0.0,1.0,3.0,1.0,2.0,1.0,9.0,2.0,6.0,1.0,5.0,3.0,10.0,4.0,4.0,11.0,5.0,4.0,4.0,7.0,7.0,2.0,6.0,4.0,3.0,7.0,4.0,7.0,6.0,6.0,4.0,5.0,1.0,8.0,6.0,5.0,3.0,1.0,6.0,3.0,5.0
88ad36d503fffff,0.0,4.0,0.0,1.0,1.0,0.0,0.0,0.0,1.0,1.0,1.0,1.0,0.0,0.0,0.0,0.0,0.0,0.0,0.0,0.0,0.0,2.0,0.0,1.0,0.0,0.0,3.0,1.0,2.0,1.0,1.0,0.0,0.0,1.0,3.0,0.0,1.0,0.0,0.0,0.0,1.0,0.0,2.0,0.0,0.0,1.0,0.0,1.0,0.0,1.0,0.0,2.0,1.0
88ad36d509fffff,0.0,0.0,0.0,0.0,0.0,1.0,0.0,0.0,0.0,0.0,1.0,1.0,0.0,0.0,0.0,0.0,0.0,1.0,0.0,0.0,1.0,0.0,0.0,0.0,1.0,0.0,0.0,0.0,0.0,1.0,0.0,0.0,0.0,0.0,1.0,0.0,0.0,0.0,0.0,1.0,1.0,0.0,0.0,0.0,0.0,1.0,3.0,0.0,0.0,0.0,0.0,0.0,0.0
88ad36d50bfffff,0.0,0.0,0.0,0.0,0.0,0.0,0.0,0.0,0.0,0.0,0.0,0.0,0.0,0.0,0.0,0.0,0.0,0.0,0.0,1.0,0.0,0.0,0.0,0.0,0.0,0.0,0.0,0.0,0.0,0.0,1.0,0.0,1.0,0.0,0.0,0.0,0.0,0.0,0.0,1.0,1.0,1.0,0.0,0.0,0.0,0.0,0.0,0.0,0.0,0.0,0.0,0.0,0.0
88ad36d50dfffff,0.0,0.0,0.0,0.0,1.0,0.0,0.0,0.0,0.0,0.0,0.0,0.0,0.0,0.0,0.0,0.0,0.0,0.0,0.0,1.0,0.0,0.0,0.0,0.0,0.0,1.0,0.0,0.0,1.0,0.0,0.0,0.0,0.0,1.0,0.0,0.0,0.0,0.0,0.0,0.0,0.0,0.0,0.0,0.0,0.0,0.0,0.0,0.0,0.0,1.0,0.0,0.0,0.0
88ad36d511fffff,0.0,3.0,3.0,4.0,5.0,5.0,3.0,2.0,3.0,2.0,0.0,1.0,2.0,1.0,0.0,1.0,2.0,0.0,0.0,2.0,1.0,2.0,1.0,2.0,3.0,3.0,2.0,4.0,4.0,5.0,4.0,4.0,2.0,2.0,0.0,3.0,1.0,4.0,3.0,3.0,4.0,3.0,3.0,2.0,3.0,4.0,1.0,5.0,4.0,0.0,5.0,4.0,2.0
88ad36d513fffff,3.0,28.0,13.0,14.0,19.0,13.0,24.0,9.0,17.0,30.0,10.0,11.0,4.0,1.0,14.0,3.0,3.0,4.0,5.0,4.0,10.0,15.0,12.0,15.0,11.0,9.0,10.0,22.0,20.0,21.0,19.0,18.0,25.0,19.0,14.0,20.0,17.0,14.0,11.0,15.0,21.0,14.0,13.0,14.0,14.0,14.0,10.0,19.0,7.0,13.0,20.0,6.0,10.0
88ad36d515fffff,2.0,5.0,8.0,5.0,6.0,1.0,7.0,2.0,4.0,2.0,0.0,1.0,3.0,3.0,0.0,1.0,0.0,0.0,1.0,0.0,2.0,0.0,4.0,2.0,1.0,2.0,2.0,4.0,2.0,3.0,0.0,0.0,2.0,3.0,4.0,7.0,5.0,5.0,1.0,13.0,0.0,5.0,7.0,1.0,3.0,11.0,11.0,6.0,6.0,5.0,5.0,3.0,3.0
88ad36d517fffff,2.0,16.0,4.0,9.0,16.0,10.0,11.0,10.0,8.0,9.0,5.0,9.0,8.0,2.0,1.0,1.0,0.0,10.0,4.0,7.0,2.0,7.0,4.0,14.0,5.0,5.0,6.0,11.0,14.0,5.0,9.0,2.0,8.0,6.0,4.0,3.0,5.0,9.0,11.0,7.0,11.0,16.0,7.0,6.0,13.0,4.0,7.0,17.0,9.0,7.0,7.0,8.0,6.0
88ad36d519fffff,1.0,11.0,3.0,5.0,1.0,3.0,5.0,4.0,3.0,0.0,8.0,2.0,2.0,0.0,1.0,0.0,1.0,0.0,1.0,0.0,1.0,2.0,2.0,0.0,5.0,1.0,4.0,7.0,2.0,0.0,5.0,8.0,1.0,1.0,2.0,1.0,4.0,2.0,2.0,1.0,7.0,4.0,3.0,2.0,2.0,4.0,4.0,2.0,3.0,3.0,2.0,0.0,1.0
88ad36d51bfffff,8.0,23.0,12.0,19.0,14.0,12.0,17.0,17.0,11.0,13.0,11.0,8.0,5.0,3.0,5.0,3.0,6.0,8.0,6.0,9.0,5.0,11.0,17.0,4.0,8.0,10.0,17.0,19.0,14.0,14.0,17.0,16.0,9.0,12.0,2.0,25.0,28.0,15.0,12.0,5.0,13.0,9.0,10.0,9.0,13.0,8.0,9.0,8.0,12.0,10.0,8.0,6.0,3.0
88ad36d51dfffff,3.0,4.0,1.0,5.0,3.0,1.0,2.0,2.0,2.0,0.0,2.0,1.0,1.0,0.0,2.0,0.0,0.0,0.0,0.0,2.0,2.0,0.0,1.0,2.0,1.0,1.0,1.0,0.0,5.0,3.0,2.0,3.0,0.0,4.0,2.0,6.0,1.0,6.0,1.0,4.0,4.0,2.0,1.0,1.0,5.0,0.0,3.0,1.0,0.0,4.0,1.0,4.0,0.0
88ad36d531fffff,0.0,0.0,0.0,0.0,0.0,0.0,0.0,0.0,0.0,0.0,0.0,0.0,0.0,0.0,0.0,0.0,0.0,0.0,0.0,0.0,0.0,0.0,0.0,0.0,0.0,0.0,0.0,0.0,0.0,0.0,0.0,0.0,1.0,2.0,0.0,1.0,0.0,0.0,0.0,1.0,0.0,0.0,0.0,0.0,0.0,0.0,0.0,0.0,0.0,0.0,1.0,0.0,0.0
88ad36d533fffff,0.0,5.0,17.0,8.0,4.0,2.0,9.0,5.0,8.0,4.0,1.0,5.0,5.0,2.0,1.0,11.0,5.0,3.0,3.0,6.0,3.0,2.0,2.0,7.0,4.0,8.0,8.0,15.0,3.0,9.0,10.0,5.0,3.0,7.0,16.0,11.0,3.0,2.0,10.0,7.0,7.0,8.0,7.0,1.0,13.0,6.0,5.0,2.0,1.0,5.0,6.0,6.0,3.0
88ad36d535fffff,0.0,0.0,1.0,0.0,0.0,0.0,0.0,0.0,1.0,1.0,0.0,0.0,0.0,0.0,0.0,0.0,0.0,0.0,0.0,0.0,0.0,0.0,0.0,0.0,0.0,0.0,1.0,0.0,0.0,0.0,1.0,0.0,1.0,0.0,0.0,1.0,0.0,0.0,1.0,0.0,0.0,0.0,0.0,0.0,2.0,0.0,0.0,0.0,1.0,0.0,0.0,0.0,0.0
88ad36d537fffff,5.0,10.0,6.0,11.0,4.0,6.0,13.0,14.0,14.0,4.0,4.0,15.0,4.0,2.0,4.0,9.0,7.0,11.0,5.0,8.0,24.0,9.0,8.0,7.0,4.0,13.0,4.0,10.0,9.0,21.0,4.0,8.0,10.0,16.0,9.0,30.0,5.0,7.0,5.0,16.0,7.0,12.0,9.0,8.0,21.0,5.0,7.0,10.0,5.0,7.0,9.0,12.0,2.0
88ad36d539fffff,0.0,0.0,0.0,0.0,0.0,0.0,1.0,0.0,0.0,2.0,2.0,1.0,0.0,0.0,0.0,0.0,0.0,0.0,0.0,0.0,0.0,0.0,0.0,0.0,0.0,0.0,0.0,0.0,0.0,0.0,1.0,0.0,0.0,0.0,0.0,0.0,1.0,0.0,0.0,0.0,0.0,0.0,0.0,0.0,0.0,0.0,1.0,0.0,1.0,0.0,0.0,0.0,0.0
88ad36d53bfffff,0.0,2.0,0.0,6.0,3.0,8.0,3.0,8.0,6.0,4.0,0.0,2.0,6.0,2.0,0.0,6.0,0.0,0.0,1.0,2.0,1.0,0.0,1.0,5.0,3.0,3.0,1.0,1.0,4.0,4.0,6.0,2.0,5.0,7.0,2.0,0.0,3.0,3.0,1.0,10.0,5.0,4.0,1.0,5.0,4.0,3.0,5.0,2.0,2.0,2.0,10.0,7.0,1.0
88ad36d53dfffff,0.0,0.0,0.0,1.0,0.0,0.0,0.0,0.0,0.0,0.0,0.0,0.0,0.0,0.0,0.0,0.0,0.0,0.0,0.0,0.0,0.0,0.0,0.0,0.0,0.0,0.0,0.0,0.0,0.0,0.0,0.0,0.0,0.0,0.0,0.0,0.0,0.0,0.0,0.0,0.0,1.0,0.0,0.0,0.0,0.0,0.0,0.0,0.0,0.0,0.0,0.0,0.0,0.0
88ad36d541fffff,5.0,10.0,3.0,2.0,3.0,8.0,7.0,3.0,4.0,1.0,4.0,6.0,2.0,2.0,3.0,1.0,2.0,2.0,2.0,7.0,1.0,2.0,2.0,0.0,2.0,1.0,2.0,5.0,4.0,4.0,2.0,3.0,0.0,4.0,4.0,3.0,6.0,3.0,10.0,6.0,6.0,5.0,5.0,3.0,10.0,7.0,2.0,2.0,2.0,2.0,9.0,5.0,3.0
88ad36d543fffff,0.0,0.0,0.0,0.0,1.0,1.0,3.0,0.0,0.0,0.0,2.0,0.0,0.0,0.0,0.0,0.0,0.0,1.0,0.0,0.0,0.0,0.0,1.0,2.0,0.0,0.0,0.0,0.0,1.0,5.0,0.0,0.0,1.0,1.0,0.0,1.0,1.0,0.0,0.0,0.0,2.0,1.0,1.0,0.0,1.0,0.0,0.0,2.0,1.0,2.0,0.0,0.0,0.0
88ad36d545fffff,5.0,30.0,34.0,17.0,26.0,13.0,14.0,13.0,11.0,16.0,31.0,9.0,9.0,11.0,9.0,8.0,1.0,6.0,9.0,7.0,4.0,10.0,7.0,2.0,4.0,8.0,10.0,8.0,4.0,12.0,11.0,14.0,14.0,17.0,11.0,13.0,23.0,14.0,10.0,10.0,21.0,26.0,43.0,44.0,18.0,19.0,9.0,35.0,21.0,9.0,14.0,12.0,6.0
88ad36d547fffff,1.0,1.0,1.0,2.0,1.0,3.0,2.0,2.0,3.0,3.0,1.0,2.0,1.0,3.0,0.0,3.0,1.0,1.0,3.0,2.0,1.0,1.0,2.0,1.0,2.0,2.0,3.0,1.0,2.0,2.0,1.0,2.0,1.0,3.0,0.0,1.0,4.0,1.0,1.0,2.0,1.0,3.0,3.0,2.0,1.0,1.0,2.0,2.0,3.0,2.0,3.0,1.0,1.0
88ad36d549fffff,0.0,0.0,0.0,0.0,0.0,0.0,0.0,0.0,1.0,1.0,1.0,0.0,1.0,1.0,0.0,1.0,1.0,0.0,1.0,0.0,0.0,1.0,1.0,0.0,0.0,0.0,1.0,2.0,0.0,0.0,1.0,1.0,0.0,1.0,2.0,1.0,1.0,0.0,1.0,0.0,1.0,1.0,2.0,1.0,0.0,4.0,0.0,0.0,0.0,0.0,0.0,0.0,1.0
88ad36d54bfffff,0.0,0.0,2.0,1.0,1.0,0.0,1.0,1.0,0.0,0.0,1.0,1.0,0.0,0.0,0.0,1.0,0.0,0.0,0.0,0.0,1.0,2.0,0.0,0.0,1.0,0.0,0.0,0.0,0.0,1.0,0.0,2.0,1.0,2.0,1.0,0.0,1.0,0.0,1.0,0.0,0.0,0.0,1.0,0.0,0.0,1.0,1.0,0.0,1.0,1.0,1.0,1.0,0.0
88ad36d54dfffff,0.0,4.0,6.0,0.0,3.0,6.0,4.0,0.0,3.0,4.0,2.0,6.0,0.0,0.0,2.0,1.0,2.0,3.0,4.0,0.0,0.0,0.0,4.0,1.0,4.0,2.0,3.0,3.0,5.0,2.0,3.0,1.0,1.0,9.0,2.0,2.0,5.0,3.0,0.0,5.0,1.0,4.0,8.0,2.0,1.0,2.0,1.0,3.0,4.0,1.0,4.0,0.0,1.0
88ad36d551fffff,3.0,3.0,7.0,6.0,3.0,4.0,8.0,11.0,5.0,7.0,12.0,7.0,7.0,4.0,1.0,2.0,2.0,5.0,1.0,3.0,0.0,4.0,1.0,5.0,8.0,17.0,3.0,3.0,6.0,7.0,9.0,6.0,12.0,7.0,4.0,1.0,23.0,6.0,2.0,12.0,1.0,10.0,5.0,2.0,10.0,17.0,2.0,1.0,4.0,4.0,10.0,1.0,1.0
88ad36d553fffff,9.0,36.0,35.0,57.0,36.0,38.0,33.0,44.0,39.0,32.0,57.0,53.0,23.0,17.0,31.0,16.0,16.0,14.0,12.0,26.0,17.0,21.0,21.0,22.0,29.0,30.0,28.0,17.0,44.0,28.0,19.0,24.0,30.0,36.0,44.0,32.0,54.0,42.0,24.0,26.0,54.0,25.0,22.0,26.0,43.0,42.0,20.0,14.0,18.0,31.0,23.0,11.0,24.0
88ad36d555fffff,0.0,0.0,0.0,0.0,0.0,0.0,0.0,0.0,1.0,0.0,1.0,1.0,0.0,1.0,0.0,0.0,0.0,0.0,0.0,0.0,0.0,0.0,0.0,1.0,1.0,0.0,0.0,0.0,0.0,1.0,0.0,0.0,1.0,2.0,0.0,2.0,0.0,0.0,0.0,2.0,0.0,0.0,1.0,1.0,0.0,0.0,0.0,0.0,0.0,0.0,0.0,0.0,0.0
88ad36d557fffff,5.0,2.0,17.0,2.0,2.0,3.0,4.0,2.0,4.0,2.0,3.0,2.0,4.0,2.0,3.0,3.0,2.0,1.0,0.0,0.0,5.0,1.0,2.0,1.0,0.0,2.0,1.0,2.0,3.0,0.0,1.0,4.0,2.0,2.0,3.0,5.0,2.0,2.0,0.0,3.0,2.0,6.0,3.0,1.0,3.0,5.0,1.0,0.0,1.0,10.0,4.0,1.0,0.0
88ad36d559fffff,0.0,1.0,1.0,0.0,0.0,0.0,0.0,0.0,1.0,0.0,0.0,0.0,5.0,0.0,0.0,0.0,0.0,0.0,0.0,2.0,0.0,0.0,0.0,0.0,0.0,0.0,0.0,1.0,0.0,1.0,1.0,2.0,0.0,1.0,0.0,0.0,0.0,0.0,0.0,0.0,1.0,1.0,1.0,0.0,0.0,1.0,2.0,1.0,2.0,0.0,4.0,0.0,0.0
88ad36d55bfffff,12.0,37.0,33.0,42.0,29.0,32.0,28.0,24.0,31.0,29.0,32.0,26.0,32.0,22.0,15.0,19.0,20.0,17.0,19.0,11.0,13.0,25.0,28.0,15.0,34.0,16.0,33.0,16.0,30.0,29.0,26.0,30.0,23.0,32.0,19.0,33.0,43.0,34.0,34.0,39.0,32.0,22.0,18.0,14.0,33.0,37.0,28.0,25.0,22.0,27.0,29.0,21.0,16.0
88ad36d55dfffff,2.0,3.0,4.0,3.0,0.0,4.0,5.0,2.0,2.0,1.0,5.0,2.0,2.0,2.0,0.0,0.0,0.0,1.0,0.0,0.0,2.0,1.0,1.0,2.0,3.0,0.0,0.0,1.0,1.0,4.0,3.0,0.0,2.0,1.0,0.0,1.0,7.0,1.0,0.0,0.0,1.0,1.0,0.0,1.0,1.0,3.0,1.0,0.0,0.0,6.0,2.0,1.0,3.0
88ad36d561fffff,1.0,0.0,0.0,2.0,0.0,0.0,1.0,0.0,0.0,0.0,3.0,0.0,0.0,0.0,0.0,1.0,0.0,0.0,1.0,1.0,0.0,0.0,1.0,1.0,0.0,0.0,0.0,1.0,1.0,0.0,0.0,1.0,0.0,0.0,0.0,0.0,1.0,0.0,0.0,0.0,0.0,2.0,0.0,0.0,0.0,0.0,1.0,0.0,0.0,0.0,0.0,0.0,2.0
88ad36d565fffff,0.0,0.0,0.0,0.0,1.0,0.0,0.0,0.0,0.0,0.0,0.0,0.0,0.0,0.0,0.0,0.0,0.0,0.0,0.0,0.0,0.0,0.0,0.0,0.0,0.0,0.0,0.0,0.0,0.0,0.0,1.0,0.0,0.0,0.0,0.0,0.0,0.0,0.0,0.0,0.0,0.0,0.0,0.0,0.0,0.0,0.0,0.0,0.0,0.0,0.0,0.0,0.0,0.0
88ad36d567fffff,0.0,0.0,0.0,0.0,0.0,0.0,0.0,0.0,0.0,1.0,0.0,0.0,1.0,0.0,0.0,1.0,0.0,0.0,1.0,0.0,0.0,0.0,0.0,0.0,0.0,1.0,0.0,0.0,0.0,0.0,0.0,0.0,0.0,0.0,0.0,0.0,0.0,1.0,1.0,1.0,0.0,0.0,0.0,0.0,0.0,0.0,1.0,0.0,1.0,1.0,0.0,0.0,0.0
88ad36d569fffff,0.0,0.0,0.0,1.0,0.0,0.0,0.0,0.0,1.0,1.0,0.0,0.0,0.0,0.0,0.0,0.0,0.0,0.0,0.0,0.0,0.0,0.0,0.0,1.0,0.0,1.0,1.0,0.0,0.0,0.0,0.0,0.0,0.0,1.0,0.0,0.0,0.0,0.0,0.0,0.0,0.0,0.0,0.0,0.0,0.0,1.0,1.0,0.0,0.0,0.0,0.0,0.0,0.0
88ad36d56bfffff,0.0,0.0,0.0,0.0,0.0,0.0,0.0,0.0,0.0,0.0,0.0,0.0,0.0,0.0,1.0,0.0,0.0,0.0,0.0,0.0,0.0,0.0,0.0,0.0,0.0,0.0,0.0,0.0,0.0,0.0,0.0,0.0,0.0,0.0,1.0,0.0,0.0,1.0,0.0,0.0,0.0,0.0,0.0,0.0,0.0,0.0,0.0,0.0,0.0,0.0,0.0,0.0,0.0
88ad36d56dfffff,0.0,0.0,0.0,1.0,0.0,0.0,0.0,0.0,0.0,0.0,0.0,0.0,0.0,0.0,0.0,0.0,0.0,0.0,0.0,0.0,0.0,0.0,0.0,0.0,0.0,0.0,0.0,0.0,0.0,0.0,0.0,0.0,0.0,0.0,0.0,0.0,0.0,0.0,0.0,1.0,0.0,0.0,0.0,0.0,1.0,0.0,0.0,0.0,0.0,0.0,0.0,0.0,0.0
88ad36d581fffff,1.0,5.0,7.0,5.0,3.0,4.0,4.0,3.0,2.0,8.0,5.0,6.0,1.0,0.0,1.0,1.0,1.0,1.0,3.0,6.0,2.0,0.0,0.0,7.0,2.0,4.0,3.0,7.0,3.0,4.0,1.0,2.0,4.0,4.0,0.0,1.0,5.0,3.0,3.0,3.0,5.0,5.0,1.0,2.0,7.0,7.0,7.0,3.0,5.0,1.0,3.0,6.0,1.0
88ad36d583fffff,0.0,0.0,6.0,1.0,1.0,2.0,1.0,0.0,1.0,6.0,0.0,1.0,0.0,0.0,0.0,0.0,0.0,0.0,0.0,0.0,0.0,0.0,1.0,1.0,1.0,1.0,0.0,2.0,0.0,0.0,0.0,0.0,1.0,1.0,0.0,0.0,1.0,0.0,1.0,0.0,2.0,1.0,0.0,0.0,0.0,1.0,0.0,2.0,0.0,0.0,0.0,0.0,0.0
88ad36d585fffff,0.0,13.0,15.0,9.0,12.0,1.0,5.0,9.0,16.0,13.0,6.0,9.0,4.0,1.0,13.0,9.0,7.0,7.0,5.0,7.0,8.0,6.0,4.0,12.0,12.0,7.0,6.0,10.0,9.0,10.0,3.0,11.0,6.0,9.0,11.0,10.0,17.0,9.0,22.0,3.0,29.0,9.0,7.0,15.0,10.0,6.0,10.0,15.0,8.0,19.0,12.0,4.0,4.0
88ad36d587fffff,0.0,6.0,2.0,12.0,9.0,7.0,3.0,3.0,2.0,6.0,1.0,4.0,5.0,2.0,2.0,1.0,2.0,7.0,3.0,4.0,5.0,0.0,4.0,8.0,8.0,12.0,3.0,1.0,5.0,4.0,3.0,5.0,0.0,6.0,7.0,6.0,11.0,4.0,11.0,3.0,3.0,10.0,6.0,4.0,2.0,8.0,6.0,7.0,7.0,4.0,3.0,2.0,2.0
88ad36d589fffff,0.0,0.0,3.0,3.0,0.0,5.0,5.0,2.0,0.0,3.0,0.0,1.0,0.0,0.0,0.0,1.0,0.0,0.0,0.0,2.0,1.0,1.0,2.0,10.0,2.0,3.0,1.0,2.0,4.0,3.0,7.0,0.0,4.0,3.0,3.0,2.0,1.0,0.0,0.0,2.0,1.0,1.0,0.0,0.0,2.0,1.0,3.0,3.0,5.0,2.0,2.0,0.0,0.0
88ad36d58bfffff,0.0,0.0,4.0,2.0,2.0,4.0,3.0,0.0,1.0,5.0,0.0,2.0,1.0,1.0,0.0,0.0,0.0,0.0,0.0,0.0,0.0,0.0,0.0,1.0,1.0,2.0,3.0,1.0,1.0,1.0,1.0,0.0,2.0,2.0,2.0,3.0,0.0,2.0,1.0,1.0,3.0,1.0,3.0,1.0,1.0,0.0,0.0,2.0,0.0,0.0,1.0,2.0,0.0
88ad36d58dfffff,3.0,9.0,3.0,7.0,4.0,3.0,2.0,3.0,5.0,4.0,2.0,4.0,3.0,0.0,0.0,0.0,1.0,0.0,5.0,4.0,2.0,2.0,1.0,3.0,5.0,1.0,2.0,5.0,9.0,4.0,0.0,1.0,2.0,3.0,1.0,1.0,5.0,12.0,3.0,1.0,3.0,2.0,4.0,6.0,1.0,4.0,0.0,1.0,5.0,5.0,2.0,2.0,2.0
88ad36d591fffff,0.0,0.0,0.0,0.0,0.0,0.0,0.0,0.0,1.0,0.0,0.0,0.0,0.0,0.0,0.0,0.0,0.0,0.0,0.0,0.0,0.0,0.0,0.0,0.0,0.0,0.0,0.0,0.0,0.0,0.0,0.0,0.0,0.0,0.0,0.0,0.0,0.0,0.0,0.0,1.0,1.0,0.0,0.0,0.0,0.0,0.0,0.0,0.0,0.0,0.0,0.0,0.0,0.0
88ad36d595fffff,0.0,0.0,0.0,0.0,0.0,0.0,0.0,0.0,0.0,0.0,1.0,0.0,0.0,0.0,0.0,0.0,0.0,0.0,0.0,0.0,0.0,0.0,0.0,0.0,0.0,0.0,0.0,0.0,0.0,0.0,0.0,0.0,0.0,0.0,0.0,0.0,0.0,0.0,0.0,0.0,0.0,0.0,0.0,0.0,0.0,0.0,0.0,0.0,0.0,0.0,0.0,0.0,0.0
88ad36d59dfffff,0.0,0.0,0.0,0.0,0.0,0.0,0.0,0.0,0.0,0.0,0.0,0.0,0.0,0.0,0.0,0.0,0.0,0.0,0.0,0.0,0.0,1.0,0.0,0.0,1.0,1.0,0.0,0.0,0.0,0.0,1.0,0.0,2.0,1.0,0.0,0.0,0.0,0.0,0.0,0.0,0.0,0.0,0.0,1.0,0.0,0.0,0.0,0.0,1.0,1.0,0.0,0.0,0.0
88ad36d5a1fffff,2.0,8.0,6.0,10.0,9.0,4.0,15.0,8.0,8.0,5.0,7.0,9.0,6.0,2.0,4.0,2.0,2.0,4.0,1.0,2.0,6.0,1.0,2.0,4.0,10.0,6.0,12.0,3.0,2.0,8.0,6.0,2.0,6.0,21.0,14.0,4.0,6.0,17.0,10.0,12.0,6.0,28.0,11.0,12.0,14.0,14.0,9.0,9.0,12.0,6.0,15.0,3.0,1.0
88ad36d5a3fffff,5.0,8.0,13.0,5.0,4.0,5.0,6.0,12.0,11.0,9.0,4.0,9.0,7.0,2.0,3.0,4.0,2.0,0.0,4.0,2.0,2.0,16.0,9.0,3.0,15.0,14.0,2.0,2.0,3.0,4.0,14.0,8.0,1.0,12.0,10.0,15.0,7.0,10.0,6.0,7.0,27.0,7.0,10.0,5.0,10.0,9.0,18.0,14.0,8.0,3.0,18.0,6.0,3.0
88ad36d5a5fffff,3.0,2.0,9.0,6.0,2.0,6.0,4.0,6.0,2.0,6.0,9.0,3.0,7.0,0.0,1.0,3.0,1.0,6.0,2.0,1.0,4.0,2.0,3.0,3.0,4.0,4.0,5.0,2.0,4.0,5.0,5.0,4.0,6.0,7.0,6.0,10.0,8.0,4.0,6.0,2.0,11.0,6.0,7.0,6.0,17.0,1.0,14.0,4.0,8.0,7.0,4.0,2.0,5.0
88ad36d5a7fffff,0.0,1.0,5.0,7.0,0.0,3.0,7.0,1.0,7.0,7.0,17.0,5.0,2.0,1.0,1.0,6.0,2.0,2.0,2.0,2.0,2.0,4.0,2.0,2.0,5.0,1.0,13.0,5.0,1.0,2.0,9.0,4.0,3.0,2.0,1.0,10.0,2.0,2.0,0.0,8.0,3.0,8.0,6.0,4.0,5.0,4.0,9.0,14.0,6.0,3.0,20.0,4.0,1.0
88ad36d5a9fffff,4.0,1.0,22.0,21.0,6.0,10.0,7.0,16.0,8.0,16.0,10.0,14.0,6.0,1.0,3.0,2.0,6.0,6.0,4.0,8.0,9.0,2.0,1.0,5.0,9.0,17.0,10.0,8.0,8.0,3.0,6.0,8.0,7.0,20.0,10.0,19.0,17.0,22.0,8.0,19.0,15.0,16.0,20.0,7.0,17.0,11.0,34.0,5.0,29.0,9.0,16.0,6.0,2.0
88ad36d5abfffff,5.0,7.0,10.0,10.0,10.0,8.0,11.0,10.0,10.0,10.0,4.0,12.0,5.0,3.0,3.0,3.0,6.0,5.0,6.0,3.0,8.0,4.0,3.0,4.0,8.0,6.0,19.0,7.0,8.0,2.0,12.0,16.0,6.0,11.0,25.0,12.0,28.0,11.0,21.0,7.0,11.0,13.0,7.0,7.0,5.0,6.0,16.0,6.0,3.0,9.0,10.0,2.0,2.0
88ad36d5adfffff,0.0,4.0,5.0,7.0,13.0,6.0,4.0,7.0,8.0,1.0,3.0,4.0,1.0,1.0,1.0,1.0,0.0,1.0,3.0,2.0,2.0,1.0,6.0,3.0,3.0,12.0,6.0,7.0,2.0,4.0,3.0,6.0,13.0,15.0,14.0,8.0,8.0,8.0,17.0,12.0,3.0,6.0,13.0,1.0,6.0,4.0,9.0,11.0,7.0,15.0,7.0,2.0,4.0
88ad36d5b1fffff,3.0,14.0,20.0,5.0,19.0,13.0,5.0,8.0,19.0,7.0,3.0,4.0,4.0,36.0,0.0,4.0,1.0,3.0,3.0,4.0,5.0,16.0,3.0,5.0,19.0,35.0,6.0,5.0,7.0,6.0,11.0,5.0,4.0,13.0,5.0,2.0,1.0,1.0,2.0,4.0,7.0,1.0,5.0,3.0,12.0,1.0,0.0,2.0,5.0,4.0,6.0,3.0,4.0
88ad36d5b3fffff,0.0,1.0,2.0,0.0,1.0,1.0,0.0,1.0,0.0,0.0,0.0,0.0,4.0,0.0,0.0,0.0,0.0,0.0,0.0,0.0,0.0,0.0,0.0,0.0,2.0,0.0,1.0,0.0,0.0,0.0,1.0,0.0,1.0,1.0,0.0,1.0,0.0,0.0,0.0,0.0,0.0,0.0,0.0,0.0,0.0,0.0,2.0,0.0,0.0,1.0,0.0,0.0,0.0
88ad36d5b5fffff,1.0,14.0,18.0,7.0,10.0,8.0,5.0,13.0,10.0,8.0,15.0,7.0,5.0,5.0,1.0,4.0,3.0,2.0,1.0,3.0,9.0,4.0,3.0,11.0,24.0,19.0,28.0,4.0,17.0,10.0,14.0,7.0,3.0,7.0,6.0,2.0,8.0,4.0,3.0,5.0,3.0,5.0,10.0,10.0,7.0,3.0,4.0,2.0,1.0,18.0,5.0,10.0,2.0
88ad36d5b7fffff,0.0,5.0,2.0,6.0,6.0,1.0,2.0,8.0,5.0,3.0,2.0,13.0,0.0,1.0,0.0,1.0,2.0,1.0,3.0,0.0,3.0,0.0,1.0,1.0,4.0,8.0,4.0,2.0,7.0,0.0,1.0,2.0,2.0,5.0,5.0,1.0,7.0,7.0,2.0,3.0,1.0,3.0,6.0,7.0,2.0,3.0,5.0,6.0,3.0,31.0,5.0,11.0,4.0
88ad36d5b9fffff,3.0,2.0,4.0,2.0,1.0,3.0,9.0,6.0,5.0,1.0,5.0,2.0,6.0,7.0,2.0,0.0,3.0,0.0,0.0,0.0,0.0,2.0,4.0,4.0,5.0,5.0,4.0,5.0,8.0,0.0,7.0,3.0,2.0,4.0,6.0,2.0,2.0,5.0,2.0,2.0,4.0,6.0,0.0,2.0,1.0,2.0,6.0,4.0,4.0,3.0,6.0,3.0,1.0
88ad36d5bbfffff,0.0,1.0,0.0,0.0,0.0,0.0,0.0,0.0,0.0,1.0,0.0,0.0,0.0,0.0,0.0,0.0,0.0,0.0,0.0,0.0,0.0,0.0,0.0,0.0,0.0,0.0,0.0,1.0,1.0,0.0,0.0,0.0,1.0,0.0,0.0,0.0,0.0,1.0,0.0,0.0,0.0,0.0,0.0,0.0,0.0,0.0,0.0,0.0,0.0,0.0,0.0,0.0,0.0
88ad36d5bdfffff,1.0,13.0,15.0,8.0,10.0,15.0,9.0,19.0,27.0,20.0,22.0,5.0,11.0,9.0,8.0,3.0,3.0,1.0,4.0,4.0,11.0,27.0,3.0,10.0,32.0,45.0,22.0,16.0,14.0,17.0,27.0,10.0,12.0,31.0,30.0,3.0,8.0,12.0,10.0,10.0,5.0,23.0,3.0,16.0,13.0,4.0,4.0,8.0,14.0,7.0,12.0,8.0,2.0
88ad36d5c1fffff,4.0,14.0,7.0,5.0,12.0,2.0,12.0,7.0,8.0,10.0,2.0,8.0,4.0,6.0,3.0,0.0,12.0,1.0,7.0,4.0,6.0,10.0,7.0,3.0,8.0,11.0,11.0,13.0,23.0,7.0,13.0,4.0,9.0,11.0,4.0,5.0,13.0,15.0,11.0,12.0,3.0,9.0,22.0,11.0,6.0,7.0,3.0,11.0,4.0,5.0,5.0,2.0,2.0
88ad36d5c3fffff,8.0,12.0,26.0,6.0,11.0,6.0,10.0,4.0,4.0,6.0,9.0,4.0,6.0,3.0,3.0,3.0,3.0,4.0,13.0,4.0,2.0,7.0,10.0,12.0,6.0,21.0,10.0,24.0,30.0,10.0,16.0,6.0,3.0,8.0,7.0,4.0,17.0,4.0,10.0,8.0,6.0,15.0,11.0,16.0,14.0,20.0,14.0,10.0,7.0,6.0,4.0,8.0,11.0
88ad36d5c5fffff,1.0,9.0,8.0,6.0,9.0,2.0,7.0,14.0,13.0,4.0,6.0,10.0,3.0,8.0,1.0,1.0,3.0,1.0,3.0,3.0,1.0,5.0,2.0,4.0,3.0,9.0,2.0,12.0,15.0,6.0,8.0,4.0,14.0,9.0,8.0,6.0,17.0,16.0,14.0,9.0,8.0,9.0,6.0,9.0,4.0,23.0,9.0,7.0,4.0,11.0,6.0,9.0,0.0
88ad36d5c7fffff,6.0,15.0,27.0,19.0,13.0,10.0,11.0,6.0,19.0,22.0,10.0,11.0,11.0,8.0,13.0,9.0,8.0,15.0,12.0,8.0,13.0,8.0,12.0,19.0,15.0,7.0,15.0,17.0,16.0,13.0,17.0,10.0,15.0,9.0,11.0,8.0,18.0,12.0,10.0,15.0,22.0,17.0,13.0,8.0,11.0,7.0,10.0,11.0,10.0,20.0,13.0,13.0,10.0
88ad36d5c9fffff,2.0,13.0,5.0,6.0,7.0,5.0,9.0,6.0,11.0,7.0,2.0,10.0,0.0,3.0,6.0,3.0,3.0,1.0,4.0,25.0,6.0,2.0,7.0,6.0,5.0,7.0,10.0,7.0,4.0,9.0,3.0,4.0,12.0,11.0,10.0,9.0,8.0,7.0,5.0,6.0,14.0,20.0,14.0,10.0,9.0,14.0,7.0,14.0,8.0,14.0,10.0,13.0,4.0
88ad36d5cbfffff,12.0,19.0,9.0,6.0,12.0,18.0,8.0,9.0,3.0,10.0,8.0,16.0,4.0,4.0,2.0,11.0,12.0,4.0,5.0,9.0,6.0,9.0,18.0,7.0,16.0,8.0,4.0,19.0,36.0,7.0,7.0,14.0,12.0,17.0,13.0,15.0,13.0,6.0,6.0,11.0,11.0,18.0,20.0,7.0,20.0,16.0,14.0,13.0,7.0,9.0,14.0,23.0,5.0
88ad36d5cdfffff,5.0,22.0,13.0,16.0,24.0,16.0,14.0,17.0,14.0,30.0,19.0,21.0,11.0,2.0,7.0,5.0,8.0,10.0,4.0,11.0,5.0,15.0,7.0,15.0,9.0,7.0,6.0,20.0,13.0,16.0,9.0,30.0,7.0,13.0,13.0,21.0,21.0,23.0,14.0,17.0,25.0,15.0,12.0,16.0,32.0,16.0,19.0,21.0,17.0,3.0,7.0,10.0,10.0
88ad36d5d1fffff,8.0,5.0,4.0,4.0,1.0,2.0,4.0,2.0,6.0,1.0,1.0,0.0,2.0,0.0,0.0,0.0,0.0,1.0,1.0,0.0,1.0,1.0,1.0,3.0,2.0,1.0,1.0,1.0,0.0,0.0,1.0,1.0,1.0,2.0,4.0,1.0,3.0,1.0,0.0,1.0,2.0,3.0,0.0,1.0,1.0,1.0,0.0,1.0,3.0,2.0,1.0,0.0,0.0
88ad36d5d5fffff,1.0,0.0,2.0,3.0,0.0,2.0,0.0,3.0,1.0,0.0,1.0,0.0,0.0,0.0,0.0,0.0,0.0,0.0,1.0,0.0,2.0,0.0,1.0,0.0,2.0,2.0,0.0,2.0,4.0,4.0,3.0,1.0,1.0,2.0,3.0,2.0,1.0,0.0,1.0,5.0,4.0,0.0,3.0,1.0,1.0,1.0,0.0,1.0,2.0,2.0,0.0,1.0,0.0
88ad36d5d7fffff,0.0,0.0,1.0,0.0,0.0,0.0,0.0,0.0,0.0,0.0,0.0,0.0,0.0,0.0,0.0,0.0,0.0,0.0,0.0,0.0,0.0,0.0,0.0,0.0,0.0,0.0,0.0,0.0,0.0,0.0,0.0,0.0,0.0,0.0,0.0,0.0,0.0,0.0,0.0,0.0,0.0,0.0,0.0,0.0,0.0,0.0,0.0,0.0,0.0,0.0,0.0,1.0,0.0
88ad36d5d9fffff,0.0,1.0,0.0,2.0,0.0,1.0,1.0,2.0,0.0,0.0,0.0,2.0,0.0,0.0,0.0,0.0,0.0,0.0,0.0,0.0,0.0,0.0,0.0,0.0,1.0,0.0,1.0,0.0,1.0,2.0,1.0,2.0,1.0,0.0,0.0,1.0,0.0,0.0,0.0,0.0,0.0,0.0,0.0,0.0,0.0,1.0,0.0,0.0,1.0,0.0,0.0,0.0,0.0
88ad36d5ddfffff,0.0,1.0,1.0,0.0,3.0,1.0,0.0,0.0,0.0,0.0,0.0,0.0,0.0,0.0,0.0,0.0,0.0,0.0,0.0,1.0,1.0,0.0,1.0,0.0,1.0,0.0,0.0,0.0,0.0,0.0,3.0,0.0,1.0,0.0,0.0,0.0,0.0,0.0,0.0,0.0,0.0,0.0,0.0,0.0,0.0,1.0,0.0,0.0,0.0,0.0,0.0,0.0,1.0
88ad36d5e1fffff,10.0,24.0,18.0,28.0,18.0,20.0,8.0,14.0,28.0,22.0,28.0,15.0,4.0,3.0,3.0,7.0,2.0,8.0,7.0,6.0,5.0,8.0,4.0,10.0,9.0,22.0,23.0,7.0,23.0,13.0,23.0,19.0,20.0,27.0,23.0,36.0,16.0,11.0,7.0,16.0,15.0,13.0,21.0,21.0,45.0,11.0,17.0,16.0,14.0,20.0,5.0,11.0,9.0
88ad36d5e3fffff,1.0,8.0,11.0,8.0,4.0,5.0,7.0,3.0,6.0,12.0,6.0,8.0,3.0,6.0,4.0,0.0,2.0,2.0,6.0,9.0,19.0,5.0,4.0,4.0,8.0,3.0,3.0,4.0,4.0,11.0,2.0,5.0,4.0,11.0,12.0,15.0,8.0,6.0,8.0,7.0,10.0,5.0,6.0,3.0,9.0,2.0,13.0,3.0,3.0,8.0,12.0,9.0,3.0
88ad36d5e5fffff,2.0,6.0,11.0,7.0,7.0,7.0,4.0,8.0,13.0,1.0,8.0,10.0,3.0,0.0,3.0,6.0,6.0,0.0,3.0,5.0,6.0,1.0,4.0,11.0,8.0,9.0,9.0,13.0,7.0,6.0,13.0,8.0,11.0,7.0,8.0,21.0,15.0,10.0,7.0,11.0,4.0,11.0,8.0,4.0,9.0,8.0,9.0,6.0,7.0,15.0,16.0,14.0,5.0
88ad36d5e7fffff,3.0,8.0,4.0,16.0,5.0,4.0,7.0,15.0,11.0,10.0,15.0,9.0,7.0,4.0,10.0,3.0,7.0,1.0,3.0,2.0,8.0,1.0,7.0,11.0,6.0,10.0,6.0,6.0,10.0,9.0,4.0,19.0,7.0,12.0,12.0,14.0,18.0,5.0,15.0,7.0,13.0,8.0,12.0,4.0,9.0,8.0,17.0,11.0,7.0,11.0,8.0,8.0,10.0
88ad36d5e9fffff,1.0,13.0,21.0,15.0,6.0,13.0,12.0,15.0,9.0,12.0,13.0,5.0,3.0,4.0,5.0,6.0,7.0,4.0,8.0,6.0,7.0,12.0,10.0,13.0,5.0,6.0,13.0,13.0,14.0,18.0,6.0,12.0,12.0,24.0,11.0,14.0,15.0,18.0,10.0,17.0,12.0,15.0,16.0,13.0,31.0,18.0,8.0,9.0,7.0,6.0,7.0,4.0,8.0
88ad36d5ebfffff,4.0,16.0,12.0,17.0,14.0,15.0,14.0,8.0,15.0,16.0,5.0,11.0,7.0,4.0,5.0,4.0,6.0,12.0,6.0,6.0,9.0,11.0,9.0,13.0,11.0,13.0,14.0,11.0,14.0,8.0,8.0,8.0,8.0,11.0,14.0,19.0,14.0,16.0,8.0,11.0,7.0,20.0,20.0,15.0,14.0,24.0,8.0,12.0,15.0,12.0,17.0,7.0,5.0
88ad36d5edfffff,3.0,10.0,5.0,10.0,4.0,6.0,8.0,5.0,11.0,2.0,11.0,14.0,3.0,5.0,3.0,0.0,2.0,2.0,6.0,7.0,7.0,7.0,3.0,3.0,5.0,14.0,5.0,19.0,7.0,7.0,11.0,7.0,5.0,7.0,10.0,7.0,1.0,11.0,11.0,8.0,21.0,14.0,9.0,10.0,15.0,9.0,8.0,12.0,7.0,8.0,6.0,13.0,5.0
88ad36d607fffff,0.0,0.0,0.0,0.0,0.0,0.0,0.0,0.0,0.0,0.0,0.0,0.0,0.0,0.0,0.0,0.0,0.0,0.0,0.0,0.0,0.0,0.0,0.0,0.0,1.0,0.0,0.0,0.0,0.0,0.0,0.0,0.0,0.0,0.0,0.0,0.0,0.0,0.0,0.0,0.0,0.0,0.0,0.0,0.0,0.0,0.0,0.0,0.0,0.0,0.0,0.0,0.0,0.0
88ad36d61dfffff,0.0,0.0,0.0,0.0,0.0,1.0,0.0,0.0,0.0,1.0,0.0,0.0,0.0,0.0,0.0,0.0,0.0,0.0,0.0,0.0,0.0,0.0,0.0,0.0,0.0,0.0,0.0,0.0,0.0,0.0,0.0,0.0,0.0,0.0,0.0,0.0,0.0,0.0,0.0,0.0,0.0,0.0,0.0,0.0,0.0,0.0,0.0,0.0,0.0,0.0,0.0,0.0,0.0
88ad36d621fffff,0.0,2.0,1.0,1.0,0.0,4.0,9.0,0.0,1.0,2.0,4.0,1.0,0.0,0.0,3.0,3.0,0.0,0.0,1.0,0.0,0.0,1.0,0.0,1.0,1.0,0.0,1.0,0.0,0.0,2.0,0.0,4.0,1.0,1.0,9.0,4.0,4.0,5.0,5.0,1.0,4.0,0.0,2.0,1.0,1.0,0.0,0.0,0.0,6.0,0.0,4.0,0.0,6.0
88ad36d623fffff,0.0,0.0,2.0,2.0,1.0,3.0,3.0,1.0,0.0,0.0,0.0,0.0,0.0,0.0,2.0,0.0,0.0,0.0,0.0,0.0,0.0,0.0,0.0,1.0,0.0,0.0,1.0,2.0,1.0,0.0,1.0,5.0,1.0,0.0,13.0,1.0,6.0,2.0,6.0,2.0,6.0,2.0,2.0,1.0,1.0,1.0,2.0,0.0,6.0,0.0,5.0,1.0,8.0
88ad36d625fffff,0.0,5.0,1.0,10.0,9.0,5.0,9.0,4.0,1.0,7.0,5.0,2.0,3.0,0.0,0.0,0.0,0.0,2.0,6.0,0.0,3.0,0.0,2.0,2.0,3.0,6.0,3.0,4.0,5.0,4.0,4.0,3.0,2.0,1.0,11.0,4.0,2.0,6.0,0.0,4.0,4.0,5.0,4.0,0.0,1.0,4.0,3.0,4.0,16.0,5.0,3.0,2.0,4.0
88ad36d627fffff,0.0,0.0,0.0,0.0,0.0,0.0,0.0,0.0,0.0,0.0,0.0,0.0,0.0,0.0,0.0,0.0,0.0,0.0,0.0,0.0,0.0,0.0,0.0,0.0,0.0,0.0,0.0,0.0,0.0,0.0,0.0,0.0,0.0,0.0,1.0,0.0,0.0,0.0,0.0,0.0,0.0,0.0,0.0,0.0,0.0,0.0,0.0,0.0,0.0,0.0,0.0,0.0,0.0
88ad36d62bfffff,0.0,0.0,0.0,0.0,0.0,0.0,0.0,0.0,1.0,0.0,0.0,0.0,1.0,0.0,1.0,0.0,0.0,0.0,0.0,0.0,1.0,0.0,1.0,0.0,0.0,3.0,1.0,0.0,0.0,0.0,0.0,0.0,0.0,2.0,3.0,0.0,0.0,1.0,2.0,0.0,1.0,0.0,3.0,1.0,0.0,3.0,1.0,1.0,1.0,0.0,0.0,1.0,0.0
88ad36d639fffff,0.0,0.0,0.0,0.0,0.0,0.0,0.0,0.0,0.0,1.0,0.0,0.0,0.0,0.0,0.0,0.0,0.0,0.0,0.0,0.0,0.0,0.0,0.0,0.0,0.0,0.0,0.0,0.0,0.0,0.0,0.0,0.0,0.0,0.0,0.0,0.0,0.0,0.0,0.0,0.0,0.0,0.0,0.0,0.0,0.0,1.0,0.0,0.0,0.0,1.0,0.0,0.0,0.0
88ad36d657fffff,0.0,0.0,0.0,0.0,0.0,0.0,0.0,0.0,1.0,0.0,0.0,0.0,0.0,0.0,0.0,0.0,0.0,0.0,0.0,0.0,0.0,0.0,0.0,0.0,0.0,0.0,0.0,0.0,0.0,0.0,0.0,0.0,1.0,0.0,0.0,0.0,0.0,0.0,1.0,0.0,0.0,0.0,0.0,0.0,0.0,0.0,0.0,1.0,0.0,0.0,1.0,0.0,0.0
88ad36d703fffff,0.0,12.0,11.0,43.0,5.0,21.0,12.0,9.0,10.0,8.0,12.0,10.0,1.0,6.0,2.0,7.0,6.0,3.0,3.0,5.0,3.0,11.0,15.0,7.0,8.0,9.0,6.0,13.0,15.0,20.0,13.0,14.0,12.0,10.0,11.0,3.0,12.0,18.0,11.0,19.0,20.0,13.0,25.0,18.0,11.0,15.0,7.0,7.0,6.0,9.0,3.0,17.0,7.0
88ad36d707fffff,0.0,0.0,0.0,0.0,0.0,0.0,0.0,0.0,1.0,0.0,1.0,0.0,0.0,0.0,0.0,1.0,0.0,0.0,0.0,0.0,0.0,0.0,0.0,1.0,0.0,0.0,1.0,1.0,0.0,0.0,0.0,0.0,0.0,1.0,0.0,0.0,1.0,0.0,0.0,0.0,0.0,1.0,0.0,0.0,0.0,0.0,0.0,1.0,0.0,1.0,2.0,0.0,0.0
88ad36d711fffff,2.0,13.0,8.0,16.0,15.0,10.0,26.0,9.0,7.0,12.0,9.0,10.0,11.0,2.0,0.0,4.0,9.0,7.0,5.0,9.0,9.0,16.0,24.0,14.0,11.0,13.0,7.0,16.0,17.0,16.0,12.0,6.0,13.0,9.0,11.0,10.0,32.0,11.0,20.0,15.0,22.0,16.0,12.0,31.0,11.0,48.0,4.0,15.0,23.0,9.0,6.0,15.0,16.0
88ad36d713fffff,4.0,3.0,12.0,11.0,12.0,6.0,22.0,12.0,7.0,11.0,4.0,20.0,13.0,1.0,4.0,5.0,3.0,7.0,4.0,4.0,6.0,8.0,11.0,5.0,2.0,6.0,6.0,17.0,10.0,12.0,10.0,8.0,8.0,38.0,15.0,3.0,16.0,15.0,23.0,9.0,11.0,6.0,11.0,11.0,16.0,15.0,7.0,13.0,14.0,7.0,6.0,4.0,6.0
88ad36d715fffff,8.0,7.0,12.0,15.0,15.0,9.0,20.0,10.0,14.0,18.0,16.0,11.0,11.0,9.0,6.0,8.0,6.0,2.0,7.0,7.0,5.0,7.0,15.0,8.0,11.0,8.0,6.0,32.0,15.0,19.0,27.0,27.0,18.0,11.0,19.0,16.0,18.0,14.0,17.0,14.0,11.0,14.0,9.0,9.0,24.0,20.0,12.0,19.0,11.0,18.0,8.0,6.0,19.0
88ad36d717fffff,6.0,19.0,16.0,17.0,17.0,9.0,15.0,7.0,20.0,16.0,11.0,16.0,19.0,18.0,3.0,4.0,2.0,1.0,7.0,8.0,2.0,8.0,22.0,15.0,5.0,12.0,15.0,22.0,22.0,26.0,18.0,12.0,17.0,14.0,15.0,7.0,21.0,20.0,15.0,11.0,13.0,17.0,9.0,20.0,12.0,29.0,16.0,16.0,15.0,14.0,24.0,9.0,23.0
88ad36d719fffff,2.0,9.0,7.0,13.0,3.0,3.0,18.0,7.0,2.0,5.0,4.0,5.0,6.0,3.0,2.0,5.0,1.0,4.0,5.0,4.0,5.0,6.0,10.0,19.0,14.0,8.0,8.0,3.0,11.0,8.0,6.0,11.0,5.0,7.0,12.0,7.0,35.0,4.0,11.0,5.0,8.0,7.0,17.0,13.0,5.0,5.0,5.0,14.0,27.0,12.0,9.0,6.0,5.0
88ad36d71bfffff,0.0,0.0,0.0,0.0,0.0,0.0,0.0,0.0,0.0,0.0,0.0,0.0,0.0,0.0,0.0,0.0,0.0,0.0,0.0,0.0,0.0,0.0,0.0,0.0,0.0,0.0,0.0,0.0,0.0,0.0,0.0,0.0,0.0,0.0,0.0,0.0,0.0,0.0,0.0,0.0,0.0,0.0,0.0,0.0,0.0,0.0,0.0,0.0,0.0,0.0,0.0,0.0,1.0
88ad36d71dfffff,2.0,5.0,3.0,14.0,5.0,7.0,6.0,3.0,11.0,9.0,16.0,9.0,7.0,6.0,2.0,2.0,2.0,5.0,3.0,4.0,8.0,10.0,12.0,13.0,4.0,2.0,4.0,5.0,8.0,8.0,9.0,3.0,16.0,2.0,8.0,7.0,27.0,11.0,9.0,8.0,19.0,10.0,13.0,14.0,5.0,16.0,1.0,16.0,13.0,5.0,10.0,2.0,2.0
88ad36d721fffff,0.0,0.0,1.0,0.0,0.0,1.0,0.0,0.0,0.0,2.0,0.0,1.0,0.0,0.0,1.0,0.0,2.0,2.0,0.0,0.0,0.0,0.0,0.0,0.0,0.0,0.0,0.0,0.0,0.0,0.0,0.0,1.0,0.0,0.0,1.0,0.0,0.0,1.0,1.0,0.0,1.0,0.0,1.0,0.0,0.0,0.0,0.0,0.0,2.0,1.0,0.0,0.0,0.0
88ad36d723fffff,1.0,0.0,1.0,0.0,3.0,1.0,0.0,0.0,1.0,3.0,2.0,1.0,3.0,0.0,2.0,0.0,1.0,1.0,1.0,1.0,0.0,0.0,3.0,2.0,2.0,3.0,0.0,6.0,4.0,0.0,0.0,1.0,2.0,5.0,3.0,0.0,0.0,2.0,1.0,0.0,2.0,1.0,1.0,0.0,1.0,5.0,2.0,5.0,2.0,2.0,1.0,0.0,2.0
88ad36d725fffff,0.0,0.0,0.0,1.0,0.0,0.0,0.0,0.0,0.0,0.0,0.0,0.0,0.0,0.0,0.0,1.0,0.0,0.0,0.0,0.0,0.0,1.0,0.0,0.0,0.0,0.0,0.0,0.0,0.0,0.0,0.0,0.0,0.0,0.0,0.0,0.0,0.0,0.0,1.0,0.0,0.0,0.0,0.0,0.0,0.0,0.0,0.0,0.0,0.0,0.0,0.0,0.0,0.0
88ad36d72bfffff,0.0,1.0,0.0,0.0,0.0,0.0,0.0,0.0,0.0,0.0,1.0,0.0,2.0,0.0,0.0,0.0,0.0,0.0,0.0,0.0,0.0,0.0,0.0,0.0,0.0,0.0,0.0,0.0,0.0,0.0,0.0,0.0,0.0,0.0,1.0,0.0,0.0,1.0,0.0,1.0,0.0,0.0,0.0,0.0,0.0,0.0,0.0,0.0,0.0,0.0,0.0,0.0,0.0
88ad36d731fffff,0.0,2.0,2.0,2.0,0.0,0.0,1.0,0.0,1.0,4.0,1.0,1.0,1.0,3.0,0.0,0.0,0.0,0.0,1.0,0.0,1.0,1.0,3.0,0.0,1.0,0.0,3.0,1.0,3.0,0.0,1.0,1.0,1.0,0.0,0.0,1.0,1.0,0.0,1.0,4.0,0.0,0.0,1.0,0.0,0.0,2.0,0.0,0.0,1.0,2.0,0.0,2.0,1.0
88ad36d735fffff,1.0,1.0,4.0,2.0,4.0,0.0,2.0,0.0,2.0,1.0,3.0,0.0,5.0,0.0,2.0,1.0,1.0,3.0,1.0,3.0,3.0,0.0,3.0,3.0,1.0,2.0,2.0,1.0,3.0,1.0,2.0,2.0,0.0,3.0,0.0,0.0,0.0,2.0,1.0,0.0,1.0,1.0,1.0,0.0,2.0,2.0,0.0,4.0,0.0,1.0,3.0,2.0,0.0
88ad36d737fffff,0.0,2.0,2.0,1.0,1.0,0.0,2.0,0.0,2.0,1.0,0.0,0.0,0.0,0.0,0.0,0.0,0.0,0.0,0.0,0.0,0.0,0.0,1.0,0.0,0.0,0.0,0.0,1.0,2.0,0.0,0.0,1.0,0.0,0.0,2.0,1.0,0.0,0.0,0.0,1.0,0.0,0.0,0.0,0.0,1.0,0.0,0.0,0.0,0.0,0.0,1.0,1.0,0.0
88ad36d739fffff,1.0,1.0,0.0,9.0,1.0,2.0,2.0,0.0,2.0,0.0,0.0,0.0,1.0,0.0,0.0,1.0,0.0,0.0,1.0,0.0,1.0,1.0,3.0,4.0,1.0,1.0,2.0,6.0,7.0,5.0,0.0,6.0,2.0,1.0,2.0,4.0,2.0,7.0,0.0,3.0,0.0,1.0,3.0,0.0,2.0,2.0,4.0,0.0,0.0,1.0,1.0,2.0,4.0
88ad36d73bfffff,1.0,3.0,5.0,3.0,2.0,3.0,1.0,4.0,1.0,1.0,1.0,5.0,1.0,7.0,0.0,0.0,0.0,1.0,0.0,1.0,3.0,2.0,4.0,1.0,1.0,1.0,1.0,3.0,2.0,6.0,1.0,0.0,6.0,5.0,4.0,6.0,3.0,10.0,5.0,9.0,4.0,2.0,3.0,1.0,7.0,4.0,2.0,0.0,0.0,2.0,6.0,1.0,3.0
88ad36d73dfffff,2.0,0.0,1.0,3.0,5.0,2.0,2.0,1.0,3.0,0.0,1.0,2.0,1.0,1.0,1.0,1.0,1.0,2.0,1.0,1.0,0.0,0.0,0.0,1.0,3.0,2.0,3.0,7.0,6.0,4.0,3.0,2.0,1.0,5.0,5.0,1.0,3.0,2.0,0.0,2.0,1.0,1.0,4.0,0.0,7.0,4.0,4.0,1.0,5.0,1.0,1.0,5.0,0.0
88bc696c87fffff,0.0,0.0,1.0,0.0,0.0,0.0,0.0,0.0,0.0,0.0,0.0,0.0,0.0,0.0,0.0,0.0,0.0,0.0,0.0,0.0,0.0,0.0,0.0,0.0,0.0,0.0,0.0,0.0,0.0,0.0,0.0,0.0,0.0,0.0,0.0,0.0,0.0,0.0,0.0,0.0,0.0,0.0,0.0,0.0,0.0,0.0,0.0,0.0,0.0,0.0,0.0,0.0,0.0
88bc696cabfffff,0.0,1.0,1.0,0.0,0.0,0.0,1.0,0.0,1.0,0.0,0.0,0.0,0.0,0.0,0.0,0.0,0.0,0.0,0.0,0.0,0.0,0.0,0.0,0.0,0.0,0.0,0.0,0.0,0.0,0.0,0.0,0.0,0.0,0.0,0.0,0.0,0.0,0.0,0.0,0.0,0.0,0.0,0.0,0.0,0.0,0.0,0.0,0.0,0.0,0.0,0.0,0.0,0.0
88bc696cebfffff,0.0,0.0,0.0,0.0,0.0,0.0,0.0,0.0,0.0,0.0,0.0,0.0,0.0,0.0,0.0,0.0,0.0,0.0,0.0,0.0,0.0,0.0,0.0,0.0,0.0,0.0,0.0,0.0,0.0,0.0,0.0,0.0,0.0,0.0,0.0,0.0,0.0,1.0,0.0,0.0,0.0,0.0,0.0,0.0,0.0,0.0,0.0,0.0,0.0,0.0,0.0,0.0,0.0
